1790603266.850	[FLM]  Using user-specified port: 58601
1790603267.366	[FLM]  Loading model: /home/noams/.config/flm/models/Llama-3.2-1B-NPU2
1790603269.109	[FLM]  Starting server on port 58601...
1790603269.109	[🔗 ]  TCP connection established - Remote: 127.0.0.1:46282
1790603269.109	[FLM]  WebServer started on port 58601 with 10 I/O threads
1790603269.109	[FLM]  Press Ctrl+C to stop.
1790603269.109	[TCP]  Read 90 bytes from socket
1790603269.109	================================================
1790603269.109	[⬇️ ]  Incoming Request: GET
1790603269.109	[LOG]  Time stamp: 16:47:49 09:28:2026
1790603269.109	[LOG]  Target: /api/version
1790603269.109	[LOG]  Version: 11
1790603269.109	[LOG]  Keep-Alive: 1
1790603269.109	================================================
1790603269.110	[🔒 ]  TCP connection closed - Remote: 127.0.0.1:46282
1790603269.134	[🔗 ]  TCP connection established - Remote: 127.0.0.1:46288
1790603269.134	[TCP]  Read 345 bytes from socket
1790603269.134	================================================
1790603269.134	[⬇️ ]  Incoming Request: POST
1790603269.134	[LOG]  Time stamp: 16:47:49 09:28:2026
1790603269.134	[LOG]  Target: /api/chat
1790603269.134	[LOG]  Version: 11
1790603269.134	[LOG]  Keep-Alive: 1
1790603269.134	[LOG]  Body: 
1790603269.134	{
1790603269.134	    "messages": [
1790603269.134	        {
1790603269.134	            "content": "Write a de...ing press.",
1790603269.134	            "role": "user"
1790603269.134	        }
1790603269.134	    ],
1790603269.134	    "model": "llama3.2:1b",
1790603269.134	    "options": {
1790603269.134	        "num_predict": 512
1790603269.134	    },
1790603269.134	    "stream": true,
1790603269.134	    "top_k": 1
1790603269.134	}
1790603269.134	[🟢 ]  NPU Locked!
1790603269.134	[FLM]  Start generating...
1790603269.134	[FLM]  Prefill chunk 1/1 with 54 tokens
1790603277.827	
1790603277.827	[FLM]  Model RAW Output: 
1790603277.827	The History of the Printing Press: A Revolutionary Innovation
1790603277.827	
1790603277.827	The printing press, invented by Johannes Gutenberg in the 15th century, was a game-changing innovation that revolutionized the way people communicated, learned, and created. This remarkable device, which combined the principles of movable type and mechanical pressure, enabled mass production of printed materials, transforming the world in ways that were both profound and far-reaching. In this essay, we will delve into the fascinating history of the printing press, tracing its development, evolution, and impact on society.
1790603277.827	
1790603277.827	The Early Days of Printing
1790603277.827	
1790603277.827	The concept of printing dates back to ancient China, where paper was first invented in the 2nd century AD. The first known printed book was the "Bamboo Book," a collection of Buddhist scriptures that was printed on paper in the 8th century. However, it was not until the 10th century that the first movable-type printing press was developed in China. The press, known as the "Rituo Press," was invented by the Chinese monk Wuzheng, who created a machine that could print individual characters on a sheet of paper.
1790603277.827	
1790603277.827	In the 12th century, the printing press was introduced to Europe by the monks of the Benedictine monastery in St. Gall, Switzerland. The monks, who were familiar with the Chinese printing press, adapted the technology to create a machine that could print individual characters on a sheet of paper. This early printing press was called the "Monumentum Press," and it was used to print the first printed books in Europe.
1790603277.827	
1790603277.827	The Development of the Printing Press
1790603277.827	
1790603277.827	The printing press was a major innovation in the history of communication. It allowed people to mass-produce written materials, making it possible to disseminate knowledge, news, and ideas on a large scale. The first printing press was a simple machine that consisted of a wooden frame, a metal plate, and a type of metal alloy. The plate was engraved with the text to be printed, and the metal alloy was used to create the type.
1790603277.827	
1790603277.827	The printing press was a mechanical device that used a combination of gravity and pressure to transfer the ink onto the paper. The machine consisted of a wooden frame that held the metal plate in place, a metal plate that was engraved with the text, and a type of metal alloy that was used to create the type. The type was a metal block that was used to print individual characters on the paper.
1790603277.827	
1790603277.827	The printing press was a significant innovation in the history of communication. It allowed people to mass-produce written materials, making it possible to disse
1790603277.827	[🔒 ]  Closing TCP connection (streaming, non-keep-alive)
1790603277.827	[🔵 ]  NPU Lock Released!
1790603277.862	[🔗 ]  TCP connection established - Remote: 127.0.0.1:40354
1790603277.862	[TCP]  Read 345 bytes from socket
1790603277.862	================================================
1790603277.862	[⬇️ ]  Incoming Request: POST
1790603277.862	[LOG]  Time stamp: 16:47:57 09:28:2026
1790603277.862	[LOG]  Target: /api/chat
1790603277.862	[LOG]  Version: 11
1790603277.862	[LOG]  Keep-Alive: 1
1790603277.862	[LOG]  Body: 
1790603277.862	{
1790603277.862	    "messages": [
1790603277.862	        {
1790603277.862	            "content": "Write a de...ing press.",
1790603277.862	            "role": "user"
1790603277.862	        }
1790603277.862	    ],
1790603277.862	    "model": "llama3.2:1b",
1790603277.862	    "options": {
1790603277.862	        "num_predict": 512
1790603277.862	    },
1790603277.862	    "stream": true,
1790603277.862	    "top_k": 1
1790603277.862	}
1790603277.862	[🟢 ]  NPU Locked!
1790603277.862	[FLM]  Start generating...
1790603277.862	[FLM]  Prefill chunk 1/1 with 54 tokens
1790603278.399	[🔴 ]  Client disconnected; cancelling active request
1790603278.400	[🔗 ]  TCP connection established - Remote: 127.0.0.1:40360
1790603278.400	[TCP]  Read 268 bytes from socket
1790603278.400	================================================
1790603278.400	[⬇️ ]  Incoming Request: POST
1790603278.400	[LOG]  Time stamp: 16:47:58 09:28:2026
1790603278.400	[LOG]  Target: /api/chat
1790603278.400	[LOG]  Version: 11
1790603278.400	[LOG]  Keep-Alive: 1
1790603278.400	[LOG]  Body: 
1790603278.400	{
1790603278.400	    "messages": [
1790603278.400	        {
1790603278.400	            "content": "Say hi.",
1790603278.400	            "role": "user"
1790603278.400	        }
1790603278.400	    ],
1790603278.400	    "model": "llama3.2:1b",
1790603278.400	    "options": {
1790603278.400	        "num_predict": 4
1790603278.400	    },
1790603278.400	    "stream": false,
1790603278.400	    "top_k": 1
1790603278.400	}
1790603278.400	[🕒 ]  NPU busy, request queued (1/10): POST /api/chat
1790603286.112	
1790603286.112	[FLM]  Model RAW Output: 
1790603286.112	The History of the Printing Press: A Revolutionary Innovation
1790603286.112	
1790603286.112	The printing press, invented by Johannes Gutenberg in the 15th century, was a game-changing innovation that revolutionized the way people communicated, learned, and created. This remarkable device, which combined the principles of movable type and mechanical pressure, enabled mass production of printed materials, transforming the world in ways that were both profound and far-reaching. In this essay, we will delve into the fascinating history of the printing press, exploring its development, evolution, and impact on society.
1790603286.112	
1790603286.112	The Early Days of Printing
1790603286.112	
1790603286.112	The concept of printing dates back to ancient China, where paper was first invented in the 2nd century AD. The first known printed book was the "Bamboo Book," a collection of Buddhist scriptures that was printed on paper in the 8th century. However, it was not until the 10th century that the first movable-type printing press was developed in China. The press, known as the "Rituo Press," was invented by the Chinese monk Wuzhen, who created a machine that could print individual characters on a sheet of paper.
1790603286.112	
1790603286.112	In the 12th century, the printing press was introduced to Europe by the monks of the Benedictine monastery in St. Gall, Switzerland. The monks, who were familiar with the Chinese printing press, adapted the technology to create a machine that could print individual characters on a sheet of paper. This early printing press was called the "Monumental Press," and it was used to print the first Latin Bible, the "Gutenberg Bible," in 1455.
1790603286.112	
1790603286.112	The Development of the Printing Press
1790603286.112	
1790603286.112	The printing press was a remarkable innovation that had a profound impact on society. The first printing press was a large, cumbersome machine that required a lot of space and labor to operate. However, as the technology improved, the printing press became smaller, more portable, and more efficient. The first movable-type printing press was invented by Johannes Gutenberg, a German goldsmith and printer, in the 1440s. The press, known as the "Gutenberg Press," was a combination of a type press and a movable-type press.
1790603286.112	
1790603286.112	The Gutenberg Press was a revolutionary innovation that enabled mass production of printed materials. The press, which was about 20 inches tall and 10 inches wide, could print individual characters on a sheet of paper. The characters were arranged in a specific order, with the most important characters at the top and the least important characters at the bottom. The press was powered by a hand-cranked mechanism, which allowed
1790603286.445	[🟡 ]  Dequeuing NPU request (0 remaining)...
1790603286.445	[FLM]  Start generating...
1790603286.445	[FLM]  Prefill chunk 1/1 with 38 tokens
1790603286.874	
1790603286.874	[FLM]  Model RAW Output: 
1790603286.874	Hi.
1790603286.874	[🔵 ]  NPU Lock Released!
1790603286.874	================================================
1790603286.874	[🔒 ]  TCP connection closed - Remote: 127.0.0.1:40360
1790603287.925	[🔗 ]  TCP connection established - Remote: 127.0.0.1:52734
1790603287.925	[TCP]  Read 54289 bytes from socket
1790603287.925	================================================
1790603287.925	[⬇️ ]  Incoming Request: POST
1790603287.925	[LOG]  Time stamp: 16:48:07 09:28:2026
1790603287.925	[LOG]  Target: /api/chat
1790603287.925	[LOG]  Version: 11
1790603287.925	[LOG]  Keep-Alive: 1
1790603287.925	[LOG]  Body: 
1790603287.925	{
1790603287.925	    "messages": [
1790603287.925	        {
1790603287.925	            "content": "The quick ...ext above.",
1790603287.925	            "role": "user"
1790603287.925	        }
1790603287.925	    ],
1790603287.925	    "model": "llama3.2:1b",
1790603287.925	    "options": {
1790603287.925	        "num_predict": 512
1790603287.925	    },
1790603287.925	    "stream": true,
1790603287.925	    "top_k": 1
1790603287.925	}
1790603287.925	[🟢 ]  NPU Locked!
1790603287.926	[FLM]  Start generating...
1790603287.933	[FLM]  Prefill chunk 1/3 with 4096 tokens
1790603288.225	[🔴 ]  Client disconnected; cancelling active request
1790603288.225	[🔗 ]  TCP connection established - Remote: 127.0.0.1:52740
1790603288.225	[TCP]  Read 268 bytes from socket
1790603288.225	================================================
1790603288.225	[⬇️ ]  Incoming Request: POST
1790603288.225	[LOG]  Time stamp: 16:48:08 09:28:2026
1790603288.226	[LOG]  Target: /api/chat
1790603288.226	[LOG]  Version: 11
1790603288.226	[LOG]  Keep-Alive: 1
1790603288.226	[LOG]  Body: 
1790603288.226	{
1790603288.226	    "messages": [
1790603288.226	        {
1790603288.226	            "content": "Say hi.",
1790603288.226	            "role": "user"
1790603288.226	        }
1790603288.226	    ],
1790603288.226	    "model": "llama3.2:1b",
1790603288.226	    "options": {
1790603288.226	        "num_predict": 4
1790603288.226	    },
1790603288.226	    "stream": false,
1790603288.226	    "top_k": 1
1790603288.226	}
1790603288.226	[🕒 ]  NPU busy, request queued (1/10): POST /api/chat
1790603289.710	[FLM]  Prefill chunk 2/3 with 4096 tokens
1790603292.135	[FLM]  Prefill chunk 3/3 with 3850 tokens
1790603295.518	
1790603295.518	[FLM]  Model RAW Output: 
1790603295.518	The quick brown fox jumps over the lazy dog.
1790603295.851	[🟡 ]  Dequeuing NPU request (0 remaining)...
1790603295.851	[FLM]  Start generating...
1790603295.852	[FLM]  Prefill chunk 1/1 with 38 tokens
1790603296.299	
1790603296.299	[FLM]  Model RAW Output: 
1790603296.299	Hi.
1790603296.299	[🔵 ]  NPU Lock Released!
1790603296.299	================================================
1790603296.299	[🔒 ]  TCP connection closed - Remote: 127.0.0.1:52740
1790603297.353	[🔗 ]  TCP connection established - Remote: 127.0.0.1:52262
1790603297.353	[TCP]  Read 323 bytes from socket
1790603297.353	================================================
1790603297.353	[⬇️ ]  Incoming Request: POST
1790603297.353	[LOG]  Time stamp: 16:48:17 09:28:2026
1790603297.353	[LOG]  Target: /api/generate
1790603297.353	[LOG]  Version: 11
1790603297.353	[LOG]  Keep-Alive: 1
1790603297.353	[LOG]  Body: 
1790603297.353	{
1790603297.353	    "max_tokens": 512,
1790603297.353	    "model": "llama3.2:1b",
1790603297.353	    "options": {
1790603297.353	        "num_predict": 512
1790603297.353	    },
1790603297.353	    "prompt": "Write a detailed essay of at least 2000 words on the history of the printing press.",
1790603297.353	    "stream": true
1790603297.353	}
1790603297.353	[🟢 ]  NPU Locked!
1790603297.353	[FLM]  Start generating...
1790603297.354	[FLM]  Prefill chunk 1/1 with 54 tokens
1790603305.498	
1790603305.498	[FLM]  Model RAW Output: 
1790603305.498	The History of the Printing Press: A Revolutionary Innovation
1790603305.498	
1790603305.498	The printing press, invented by Johannes Gutenberg in the 15th century, was a game-changing innovation that revolutionized the way people communicated, learned, and created. This remarkable device, which combined the principles of movable type and mechanical pressure, enabled mass production of books, pamphlets, and other written materials, transforming the world of knowledge and culture. In this essay, we will delve into the fascinating history of the printing press, exploring its development, evolution, and impact on society.
1790603305.498	
1790603305.498	The Early Days of Printing
1790603305.498	
1790603305.498	The concept of printing dates back to ancient China, where paper was first invented in the 2nd century AD. The first known printed book was the "Bamboo Book," a collection of Buddhist scriptures that was printed on paper in the 8th century. However, it was not until the 15th century that the printing press began to take shape. In 1450, Johannes Gutenberg, a German goldsmith and printer, invented the first movable-type printing press. This innovative device allowed individual characters to be rearranged to form different words and phrases, making it possible to print large quantities of text.
1790603305.498	
1790603305.498	Gutenberg's Printing Press
1790603305.498	
1790603305.498	Gutenberg's printing press was a significant improvement over earlier forms of printing, such as the hand-carved wooden blocks used by monks in the 10th century. The movable-type press allowed for greater flexibility and efficiency, enabling printers to produce high-quality copies quickly and at a lower cost. The press consisted of a wooden frame, a metal plate, and a type of metal alloy that was used to create the individual characters. The characters were arranged in a specific order, with each character having a unique shape and size.
1790603305.498	
1790603305.498	The first printed book, the Gutenberg Bible, was published in 1455. It was a large, 1,286-page volume that contained the Latin Vulgate, the standard text of the Bible at the time. The book was printed in gold and silver ink on high-quality paper, and it quickly became a bestseller. The Gutenberg Bible was a groundbreaking work that marked the beginning of the printing press era. It was the first book to use the movable-type press, and it paved the way for the mass production of books.
1790603305.498	
1790603305.498	The Spread of the Printing Press
1790603305.498	
1790603305.498	The printing press was not limited to Europe. It was also used in other parts of the world, such as China, where it was adopted by Buddhist monks and scholars. The printing press was a powerful tool for spreading knowledge and ideas, and it played a significant
1790603305.498	[🔒 ]  Closing TCP connection (streaming, non-keep-alive)
1790603305.498	[🔵 ]  NPU Lock Released!
1790603305.535	[🔗 ]  TCP connection established - Remote: 127.0.0.1:59638
1790603305.535	[TCP]  Read 323 bytes from socket
1790603305.535	================================================
1790603305.535	[⬇️ ]  Incoming Request: POST
1790603305.535	[LOG]  Time stamp: 16:48:25 09:28:2026
1790603305.535	[LOG]  Target: /api/generate
1790603305.535	[LOG]  Version: 11
1790603305.535	[LOG]  Keep-Alive: 1
1790603305.535	[LOG]  Body: 
1790603305.535	{
1790603305.535	    "max_tokens": 512,
1790603305.535	    "model": "llama3.2:1b",
1790603305.535	    "options": {
1790603305.535	        "num_predict": 512
1790603305.535	    },
1790603305.535	    "prompt": "Write a detailed essay of at least 2000 words on the history of the printing press.",
1790603305.535	    "stream": true
1790603305.536	}
1790603305.536	[🟢 ]  NPU Locked!
1790603305.536	[FLM]  Start generating...
1790603305.536	[FLM]  Conversation context diverged from cache, clearing context...
1790603305.538	[FLM]  Prefill chunk 1/1 with 54 tokens
1790603305.988	[🔴 ]  Client disconnected; cancelling active request
1790603305.989	[🔗 ]  TCP connection established - Remote: 127.0.0.1:59642
1790603305.989	[TCP]  Read 268 bytes from socket
1790603305.989	================================================
1790603305.989	[⬇️ ]  Incoming Request: POST
1790603305.989	[LOG]  Time stamp: 16:48:25 09:28:2026
1790603305.989	[LOG]  Target: /api/chat
1790603305.989	[LOG]  Version: 11
1790603305.989	[LOG]  Keep-Alive: 1
1790603305.989	[LOG]  Body: 
1790603305.989	{
1790603305.989	    "messages": [
1790603305.989	        {
1790603305.989	            "content": "Say hi.",
1790603305.989	            "role": "user"
1790603305.989	        }
1790603305.989	    ],
1790603305.989	    "model": "llama3.2:1b",
1790603305.989	    "options": {
1790603305.989	        "num_predict": 4
1790603305.989	    },
1790603305.989	    "stream": false,
1790603305.989	    "top_k": 1
1790603305.989	}
1790603305.989	[🕒 ]  NPU busy, request queued (1/10): POST /api/chat
1790603313.682	
1790603313.682	[FLM]  Model RAW Output: 
1790603313.682	The History of the Printing Press: A Revolutionary Innovation
1790603313.682	
1790603313.682	The printing press, invented by Johannes Gutenberg in the 15th century, was a game-changing innovation that revolutionized the way people communicated, learned, and created. This remarkable device, which combined the principles of movable type and mechanical pressure, enabled mass production of printed materials, transforming the world in ways that were both profound and far-reaching. In this essay, we will delve into the fascinating history of the printing press, exploring its development, evolution, and impact on society.
1790603313.682	
1790603313.682	The Early Days of Printing
1790603313.682	
1790603313.682	The concept of printing dates back to ancient China, where paper was first invented in the 2nd century AD. The first known printed book was the "Bamboo Book," a collection of Buddhist scriptures that was printed on paper in the 8th century. However, it was not until the 10th century that the first movable-type printing press was developed in China. The press, known as the "Rituo Press," was invented by the Chinese monk Wuzheng, who created a machine that could print individual characters on a sheet of paper.
1790603313.682	
1790603313.682	In the 12th century, the printing press was introduced to Europe by the monks of the Benedictine monastery in St. Gall, Switzerland. The monks, who were familiar with the Chinese printing press, adapted the technology to create a machine that could print individual characters on a sheet of paper. This early printing press was called the "Monumentum Press," and it was used to print the first Latin Bible, the "Gutenberg Bible," in 1455.
1790603313.682	
1790603313.682	The Development of the Printing Press
1790603313.682	
1790603313.682	The printing press was a remarkable innovation that had a profound impact on society. The first printing press was a simple machine that consisted of a wooden frame, a metal plate, and a type of metal alloy. The plate was made of a metal alloy, such as bronze or iron, which was etched with the characters of the alphabet. The type was made of wood or metal, and it was used to print individual characters on the plate.
1790603313.682	
1790603313.682	The printing press was a mechanical device that used a combination of gravity and pressure to print the characters on the plate. The machine consisted of a wooden frame that held the plate in place, a metal plate that was etched with the characters, and a type of metal alloy that was used to print the characters. The type was used to print individual characters on the plate, and the machine was used to print the characters in a continuous flow.
1790603313.682	
1790603313.682	The printing press was a revolutionary innovation that enabled mass
1790603314.015	[🟡 ]  Dequeuing NPU request (0 remaining)...
1790603314.015	[FLM]  Start generating...
1790603314.016	[FLM]  Conversation context diverged from cache, clearing context...
1790603314.017	[FLM]  Prefill chunk 1/1 with 38 tokens
1790603314.449	
1790603314.449	[FLM]  Model RAW Output: 
1790603314.449	Hi.
1790603314.449	[🔵 ]  NPU Lock Released!
1790603314.449	================================================
1790603314.449	[🔒 ]  TCP connection closed - Remote: 127.0.0.1:59642
1790603315.501	[🔗 ]  TCP connection established - Remote: 127.0.0.1:53032
1790603315.501	[TCP]  Read 54267 bytes from socket
1790603315.501	================================================
1790603315.501	[⬇️ ]  Incoming Request: POST
1790603315.501	[LOG]  Time stamp: 16:48:35 09:28:2026
1790603315.501	[LOG]  Target: /api/generate
1790603315.501	[LOG]  Version: 11
1790603315.501	[LOG]  Keep-Alive: 1
1790603315.501	[LOG]  Body: 
1790603315.501	{
1790603315.501	    "max_tokens": 512,
1790603315.501	    "model": "llama3.2:1b",
1790603315.501	    "options": {
1790603315.501	        "num_predict": 512
1790603315.501	    },
1790603315.501	    "prompt": "The quick brown fox jumps over the lazy dog. The quick brown fox jumps over the lazy dog. The quick brown fox jumps over the lazy dog. The quick brown fox jumps over the lazy dog. The quick brown fox jumps over the lazy dog. The quick brown fox jumps over the lazy dog. The quick brown fox jumps over the lazy dog. The quick brown fox jumps over the lazy dog. The quick brown fox jumps over the lazy dog. The quick brown fox jumps over the lazy dog. The quick brown fox jumps over the lazy dog. The quick brown fox jumps over the lazy dog. The quick brown fox jumps over the lazy dog. The quick brown fox jumps over the lazy dog. The quick brown fox jumps over the lazy dog. The quick brown fox jumps over the lazy dog. The quick brown fox jumps over the lazy dog. The quick brown fox jumps over the lazy dog. The quick brown fox jumps over the lazy dog. The quick brown fox jumps over the lazy dog. The quick brown fox jumps over the lazy dog. The quick brown fox jumps over the lazy dog. The quick brown fox jumps over the lazy dog. The quick brown fox jumps over the lazy dog. The quick brown fox jumps over the lazy dog. The quick brown fox jumps over the lazy dog. The quick brown fox jumps over the lazy dog. The quick brown fox jumps over the lazy dog. The quick brown fox jumps over the lazy dog. The quick brown fox jumps over the lazy dog. The quick brown fox jumps over the lazy dog. The quick brown fox jumps over the lazy dog. The quick brown fox jumps over the lazy dog. The quick brown fox jumps over the lazy dog. The quick brown fox jumps over the lazy dog. The quick brown fox jumps over the lazy dog. The quick brown fox jumps over the lazy dog. The quick brown fox jumps over the lazy dog. The quick brown fox jumps over the lazy dog. The quick brown fox jumps over the lazy dog. The quick brown fox jumps over the lazy dog. The quick brown fox jumps over the lazy dog. The quick brown fox jumps over the lazy dog. The quick brown fox jumps over the lazy dog. The quick brown fox jumps over the lazy dog. The quick brown fox jumps over the lazy dog. The quick brown fox jumps over the lazy dog. The quick brown fox jumps over the lazy dog. The quick brown fox jumps over the lazy dog. The quick brown fox jumps over the lazy dog. The quick brown fox jumps over the lazy dog. The quick brown fox jumps over the lazy dog. The quick brown fox jumps over the lazy dog. The quick brown fox jumps over the lazy dog. The quick brown fox jumps over the lazy dog. The quick brown fox jumps over the lazy dog. The quick brown fox jumps over the lazy dog. The quick brown fox jumps over the lazy dog. The quick brown fox jumps over the lazy dog. The quick brown fox jumps over the lazy dog. The quick brown fox jumps over the lazy dog. The quick brown fox jumps over the lazy dog. The quick brown fox jumps over the lazy dog. The quick brown fox jumps over the lazy dog. The quick brown fox jumps over the lazy dog. The quick brown fox jumps over the lazy dog. The quick brown fox jumps over the lazy dog. The quick brown fox jumps over the lazy dog. The quick brown fox jumps over the lazy dog. The quick brown fox jumps over the lazy dog. The quick brown fox jumps over the lazy dog. The quick brown fox jumps over the lazy dog. The quick brown fox jumps over the lazy dog. The quick brown fox jumps over the lazy dog. The quick brown fox jumps over the lazy dog. The quick brown fox jumps over the lazy dog. The quick brown fox jumps over the lazy dog. The quick brown fox jumps over the lazy dog. The quick brown fox jumps over the lazy dog. The quick brown fox jumps over the lazy dog. The quick brown fox jumps over the lazy dog. The quick brown fox jumps over the lazy dog. The quick brown fox jumps over the lazy dog. The quick brown fox jumps over the lazy dog. The quick brown fox jumps over the lazy dog. The quick brown fox jumps over the lazy dog. The quick brown fox jumps over the lazy dog. The quick brown fox jumps over the lazy dog. The quick brown fox jumps over the lazy dog. The quick brown fox jumps over the lazy dog. The quick brown fox jumps over the lazy dog. The quick brown fox jumps over the lazy dog. The quick brown fox jumps over the lazy dog. The quick brown fox jumps over the lazy dog. The quick brown fox jumps over the lazy dog. The quick brown fox jumps over the lazy dog. The quick brown fox jumps over the lazy dog. The quick brown fox jumps over the lazy dog. The quick brown fox jumps over the lazy dog. The quick brown fox jumps over the lazy dog. The quick brown fox jumps over the lazy dog. The quick brown fox jumps over the lazy dog. The quick brown fox jumps over the lazy dog. The quick brown fox jumps over the lazy dog. The quick brown fox jumps over the lazy dog. The quick brown fox jumps over the lazy dog. The quick brown fox jumps over the lazy dog. The quick brown fox jumps over the lazy dog. The quick brown fox jumps over the lazy dog. The quick brown fox jumps over the lazy dog. The quick brown fox jumps over the lazy dog. The quick brown fox jumps over the lazy dog. The quick brown fox jumps over the lazy dog. The quick brown fox jumps over the lazy dog. The quick brown fox jumps over the lazy dog. The quick brown fox jumps over the lazy dog. The quick brown fox jumps over the lazy dog. The quick brown fox jumps over the lazy dog. The quick brown fox jumps over the lazy dog. The quick brown fox jumps over the lazy dog. The quick brown fox jumps over the lazy dog. The quick brown fox jumps over the lazy dog. The quick brown fox jumps over the lazy dog. The quick brown fox jumps over the lazy dog. The quick brown fox jumps over the lazy dog. The quick brown fox jumps over the lazy dog. The quick brown fox jumps over the lazy dog. The quick brown fox jumps over the lazy dog. The quick brown fox jumps over the lazy dog. The quick brown fox jumps over the lazy dog. The quick brown fox jumps over the lazy dog. The quick brown fox jumps over the lazy dog. The quick brown fox jumps over the lazy dog. The quick brown fox jumps over the lazy dog. The quick brown fox jumps over the lazy dog. The quick brown fox jumps over the lazy dog. The quick brown fox jumps over the lazy dog. The quick brown fox jumps over the lazy dog. The quick brown fox jumps over the lazy dog. The quick brown fox jumps over the lazy dog. The quick brown fox jumps over the lazy dog. The quick brown fox jumps over the lazy dog. The quick brown fox jumps over the lazy dog. The quick brown fox jumps over the lazy dog. The quick brown fox jumps over the lazy dog. The quick brown fox jumps over the lazy dog. The quick brown fox jumps over the lazy dog. The quick brown fox jumps over the lazy dog. The quick brown fox jumps over the lazy dog. The quick brown fox jumps over the lazy dog. The quick brown fox jumps over the lazy dog. The quick brown fox jumps over the lazy dog. The quick brown fox jumps over the lazy dog. The quick brown fox jumps over the lazy dog. The quick brown fox jumps over the lazy dog. The quick brown fox jumps over the lazy dog. The quick brown fox jumps over the lazy dog. The quick brown fox jumps over the lazy dog. The quick brown fox jumps over the lazy dog. The quick brown fox jumps over the lazy dog. The quick brown fox jumps over the lazy dog. The quick brown fox jumps over the lazy dog. The quick brown fox jumps over the lazy dog. The quick brown fox jumps over the lazy dog. The quick brown fox jumps over the lazy dog. The quick brown fox jumps over the lazy dog. The quick brown fox jumps over the lazy dog. The quick brown fox jumps over the lazy dog. The quick brown fox jumps over the lazy dog. The quick brown fox jumps over the lazy dog. The quick brown fox jumps over the lazy dog. The quick brown fox jumps over the lazy dog. The quick brown fox jumps over the lazy dog. The quick brown fox jumps over the lazy dog. The quick brown fox jumps over the lazy dog. The quick brown fox jumps over the lazy dog. The quick brown fox jumps over the lazy dog. The quick brown fox jumps over the lazy dog. The quick brown fox jumps over the lazy dog. The quick brown fox jumps over the lazy dog. The quick brown fox jumps over the lazy dog. The quick brown fox jumps over the lazy dog. The quick brown fox jumps over the lazy dog. The quick brown fox jumps over the lazy dog. The quick brown fox jumps over the lazy dog. The quick brown fox jumps over the lazy dog. The quick brown fox jumps over the lazy dog. The quick brown fox jumps over the lazy dog. The quick brown fox jumps over the lazy dog. The quick brown fox jumps over the lazy dog. The quick brown fox jumps over the lazy dog. The quick brown fox jumps over the lazy dog. The quick brown fox jumps over the lazy dog. The quick brown fox jumps over the lazy dog. The quick brown fox jumps over the lazy dog. The quick brown fox jumps over the lazy dog. The quick brown fox jumps over the lazy dog. The quick brown fox jumps over the lazy dog. The quick brown fox jumps over the lazy dog. The quick brown fox jumps over the lazy dog. The quick brown fox jumps over the lazy dog. The quick brown fox jumps over the lazy dog. The quick brown fox jumps over the lazy dog. The quick brown fox jumps over the lazy dog. The quick brown fox jumps over the lazy dog. The quick brown fox jumps over the lazy dog. The quick brown fox jumps over the lazy dog. The quick brown fox jumps over the lazy dog. The quick brown fox jumps over the lazy dog. The quick brown fox jumps over the lazy dog. The quick brown fox jumps over the lazy dog. The quick brown fox jumps over the lazy dog. The quick brown fox jumps over the lazy dog. The quick brown fox jumps over the lazy dog. The quick brown fox jumps over the lazy dog. The quick brown fox jumps over the lazy dog. The quick brown fox jumps over the lazy dog. The quick brown fox jumps over the lazy dog. The quick brown fox jumps over the lazy dog. The quick brown fox jumps over the lazy dog. The quick brown fox jumps over the lazy dog. The quick brown fox jumps over the lazy dog. The quick brown fox jumps over the lazy dog. The quick brown fox jumps over the lazy dog. The quick brown fox jumps over the lazy dog. The quick brown fox jumps over the lazy dog. The quick brown fox jumps over the lazy dog. The quick brown fox jumps over the lazy dog. The quick brown fox jumps over the lazy dog. The quick brown fox jumps over the lazy dog. The quick brown fox jumps over the lazy dog. The quick brown fox jumps over the lazy dog. The quick brown fox jumps over the lazy dog. The quick brown fox jumps over the lazy dog. The quick brown fox jumps over the lazy dog. The quick brown fox jumps over the lazy dog. The quick brown fox jumps over the lazy dog. The quick brown fox jumps over the lazy dog. The quick brown fox jumps over the lazy dog. The quick brown fox jumps over the lazy dog. The quick brown fox jumps over the lazy dog. The quick brown fox jumps over the lazy dog. The quick brown fox jumps over the lazy dog. The quick brown fox jumps over the lazy dog. The quick brown fox jumps over the lazy dog. The quick brown fox jumps over the lazy dog. The quick brown fox jumps over the lazy dog. The quick brown fox jumps over the lazy dog. The quick brown fox jumps over the lazy dog. The quick brown fox jumps over the lazy dog. The quick brown fox jumps over the lazy dog. The quick brown fox jumps over the lazy dog. The quick brown fox jumps over the lazy dog. The quick brown fox jumps over the lazy dog. The quick brown fox jumps over the lazy dog. The quick brown fox jumps over the lazy dog. The quick brown fox jumps over the lazy dog. The quick brown fox jumps over the lazy dog. The quick brown fox jumps over the lazy dog. The quick brown fox jumps over the lazy dog. The quick brown fox jumps over the lazy dog. The quick brown fox jumps over the lazy dog. The quick brown fox jumps over the lazy dog. The quick brown fox jumps over the lazy dog. The quick brown fox jumps over the lazy dog. The quick brown fox jumps over the lazy dog. The quick brown fox jumps over the lazy dog. The quick brown fox jumps over the lazy dog. The quick brown fox jumps over the lazy dog. The quick brown fox jumps over the lazy dog. The quick brown fox jumps over the lazy dog. The quick brown fox jumps over the lazy dog. The quick brown fox jumps over the lazy dog. The quick brown fox jumps over the lazy dog. The quick brown fox jumps over the lazy dog. The quick brown fox jumps over the lazy dog. The quick brown fox jumps over the lazy dog. The quick brown fox jumps over the lazy dog. The quick brown fox jumps over the lazy dog. The quick brown fox jumps over the lazy dog. The quick brown fox jumps over the lazy dog. The quick brown fox jumps over the lazy dog. The quick brown fox jumps over the lazy dog. The quick brown fox jumps over the lazy dog. The quick brown fox jumps over the lazy dog. The quick brown fox jumps over the lazy dog. The quick brown fox jumps over the lazy dog. The quick brown fox jumps over the lazy dog. The quick brown fox jumps over the lazy dog. The quick brown fox jumps over the lazy dog. The quick brown fox jumps over the lazy dog. The quick brown fox jumps over the lazy dog. The quick brown fox jumps over the lazy dog. The quick brown fox jumps over the lazy dog. The quick brown fox jumps over the lazy dog. The quick brown fox jumps over the lazy dog. The quick brown fox jumps over the lazy dog. The quick brown fox jumps over the lazy dog. The quick brown fox jumps over the lazy dog. The quick brown fox jumps over the lazy dog. The quick brown fox jumps over the lazy dog. The quick brown fox jumps over the lazy dog. The quick brown fox jumps over the lazy dog. The quick brown fox jumps over the lazy dog. The quick brown fox jumps over the lazy dog. The quick brown fox jumps over the lazy dog. The quick brown fox jumps over the lazy dog. The quick brown fox jumps over the lazy dog. The quick brown fox jumps over the lazy dog. The quick brown fox jumps over the lazy dog. The quick brown fox jumps over the lazy dog. The quick brown fox jumps over the lazy dog. The quick brown fox jumps over the lazy dog. The quick brown fox jumps over the lazy dog. The quick brown fox jumps over the lazy dog. The quick brown fox jumps over the lazy dog. The quick brown fox jumps over the lazy dog. The quick brown fox jumps over the lazy dog. The quick brown fox jumps over the lazy dog. The quick brown fox jumps over the lazy dog. The quick brown fox jumps over the lazy dog. The quick brown fox jumps over the lazy dog. The quick brown fox jumps over the lazy dog. The quick brown fox jumps over the lazy dog. The quick brown fox jumps over the lazy dog. The quick brown fox jumps over the lazy dog. The quick brown fox jumps over the lazy dog. The quick brown fox jumps over the lazy dog. The quick brown fox jumps over the lazy dog. The quick brown fox jumps over the lazy dog. The quick brown fox jumps over the lazy dog. The quick brown fox jumps over the lazy dog. The quick brown fox jumps over the lazy dog. The quick brown fox jumps over the lazy dog. The quick brown fox jumps over the lazy dog. The quick brown fox jumps over the lazy dog. The quick brown fox jumps over the lazy dog. The quick brown fox jumps over the lazy dog. The quick brown fox jumps over the lazy dog. The quick brown fox jumps over the lazy dog. The quick brown fox jumps over the lazy dog. The quick brown fox jumps over the lazy dog. The quick brown fox jumps over the lazy dog. The quick brown fox jumps over the lazy dog. The quick brown fox jumps over the lazy dog. The quick brown fox jumps over the lazy dog. The quick brown fox jumps over the lazy dog. The quick brown fox jumps over the lazy dog. The quick brown fox jumps over the lazy dog. The quick brown fox jumps over the lazy dog. The quick brown fox jumps over the lazy dog. The quick brown fox jumps over the lazy dog. The quick brown fox jumps over the lazy dog. The quick brown fox jumps over the lazy dog. The quick brown fox jumps over the lazy dog. The quick brown fox jumps over the lazy dog. The quick brown fox jumps over the lazy dog. The quick brown fox jumps over the lazy dog. The quick brown fox jumps over the lazy dog. The quick brown fox jumps over the lazy dog. The quick brown fox jumps over the lazy dog. The quick brown fox jumps over the lazy dog. The quick brown fox jumps over the lazy dog. The quick brown fox jumps over the lazy dog. The quick brown fox jumps over the lazy dog. The quick brown fox jumps over the lazy dog. The quick brown fox jumps over the lazy dog. The quick brown fox jumps over the lazy dog. The quick brown fox jumps over the lazy dog. The quick brown fox jumps over the lazy dog. The quick brown fox jumps over the lazy dog. The quick brown fox jumps over the lazy dog. The quick brown fox jumps over the lazy dog. The quick brown fox jumps over the lazy dog. The quick brown fox jumps over the lazy dog. The quick brown fox jumps over the lazy dog. The quick brown fox jumps over the lazy dog. The quick brown fox jumps over the lazy dog. The quick brown fox jumps over the lazy dog. The quick brown fox jumps over the lazy dog. The quick brown fox jumps over the lazy dog. The quick brown fox jumps over the lazy dog. The quick brown fox jumps over the lazy dog. The quick brown fox jumps over the lazy dog. The quick brown fox jumps over the lazy dog. The quick brown fox jumps over the lazy dog. The quick brown fox jumps over the lazy dog. The quick brown fox jumps over the lazy dog. The quick brown fox jumps over the lazy dog. The quick brown fox jumps over the lazy dog. The quick brown fox jumps over the lazy dog. The quick brown fox jumps over the lazy dog. The quick brown fox jumps over the lazy dog. The quick brown fox jumps over the lazy dog. The quick brown fox jumps over the lazy dog. The quick brown fox jumps over the lazy dog. The quick brown fox jumps over the lazy dog. The quick brown fox jumps over the lazy dog. The quick brown fox jumps over the lazy dog. The quick brown fox jumps over the lazy dog. The quick brown fox jumps over the lazy dog. The quick brown fox jumps over the lazy dog. The quick brown fox jumps over the lazy dog. The quick brown fox jumps over the lazy dog. The quick brown fox jumps over the lazy dog. The quick brown fox jumps over the lazy dog. The quick brown fox jumps over the lazy dog. The quick brown fox jumps over the lazy dog. The quick brown fox jumps over the lazy dog. The quick brown fox jumps over the lazy dog. The quick brown fox jumps over the lazy dog. The quick brown fox jumps over the lazy dog. The quick brown fox jumps over the lazy dog. The quick brown fox jumps over the lazy dog. The quick brown fox jumps over the lazy dog. The quick brown fox jumps over the lazy dog. The quick brown fox jumps over the lazy dog. The quick brown fox jumps over the lazy dog. The quick brown fox jumps over the lazy dog. The quick brown fox jumps over the lazy dog. The quick brown fox jumps over the lazy dog. The quick brown fox jumps over the lazy dog. The quick brown fox jumps over the lazy dog. The quick brown fox jumps over the lazy dog. The quick brown fox jumps over the lazy dog. The quick brown fox jumps over the lazy dog. The quick brown fox jumps over the lazy dog. The quick brown fox jumps over the lazy dog. The quick brown fox jumps over the lazy dog. The quick brown fox jumps over the lazy dog. The quick brown fox jumps over the lazy dog. The quick brown fox jumps over the lazy dog. The quick brown fox jumps over the lazy dog. The quick brown fox jumps over the lazy dog. The quick brown fox jumps over the lazy dog. The quick brown fox jumps over the lazy dog. The quick brown fox jumps over the lazy dog. The quick brown fox jumps over the lazy dog. The quick brown fox jumps over the lazy dog. The quick brown fox jumps over the lazy dog. The quick brown fox jumps over the lazy dog. The quick brown fox jumps over the lazy dog. The quick brown fox jumps over the lazy dog. The quick brown fox jumps over the lazy dog. The quick brown fox jumps over the lazy dog. The quick brown fox jumps over the lazy dog. The quick brown fox jumps over the lazy dog. The quick brown fox jumps over the lazy dog. The quick brown fox jumps over the lazy dog. The quick brown fox jumps over the lazy dog. The quick brown fox jumps over the lazy dog. The quick brown fox jumps over the lazy dog. The quick brown fox jumps over the lazy dog. The quick brown fox jumps over the lazy dog. The quick brown fox jumps over the lazy dog. The quick brown fox jumps over the lazy dog. The quick brown fox jumps over the lazy dog. The quick brown fox jumps over the lazy dog. The quick brown fox jumps over the lazy dog. The quick brown fox jumps over the lazy dog. The quick brown fox jumps over the lazy dog. The quick brown fox jumps over the lazy dog. The quick brown fox jumps over the lazy dog. The quick brown fox jumps over the lazy dog. The quick brown fox jumps over the lazy dog. The quick brown fox jumps over the lazy dog. The quick brown fox jumps over the lazy dog. The quick brown fox jumps over the lazy dog. The quick brown fox jumps over the lazy dog. The quick brown fox jumps over the lazy dog. The quick brown fox jumps over the lazy dog. The quick brown fox jumps over the lazy dog. The quick brown fox jumps over the lazy dog. The quick brown fox jumps over the lazy dog. The quick brown fox jumps over the lazy dog. The quick brown fox jumps over the lazy dog. The quick brown fox jumps over the lazy dog. The quick brown fox jumps over the lazy dog. The quick brown fox jumps over the lazy dog. The quick brown fox jumps over the lazy dog. The quick brown fox jumps over the lazy dog. The quick brown fox jumps over the lazy dog. The quick brown fox jumps over the lazy dog. The quick brown fox jumps over the lazy dog. The quick brown fox jumps over the lazy dog. The quick brown fox jumps over the lazy dog. The quick brown fox jumps over the lazy dog. The quick brown fox jumps over the lazy dog. The quick brown fox jumps over the lazy dog. The quick brown fox jumps over the lazy dog. The quick brown fox jumps over the lazy dog. The quick brown fox jumps over the lazy dog. The quick brown fox jumps over the lazy dog. The quick brown fox jumps over the lazy dog. The quick brown fox jumps over the lazy dog. The quick brown fox jumps over the lazy dog. The quick brown fox jumps over the lazy dog. The quick brown fox jumps over the lazy dog. The quick brown fox jumps over the lazy dog. The quick brown fox jumps over the lazy dog. The quick brown fox jumps over the lazy dog. The quick brown fox jumps over the lazy dog. The quick brown fox jumps over the lazy dog. The quick brown fox jumps over the lazy dog. The quick brown fox jumps over the lazy dog. The quick brown fox jumps over the lazy dog. The quick brown fox jumps over the lazy dog. The quick brown fox jumps over the lazy dog. The quick brown fox jumps over the lazy dog. The quick brown fox jumps over the lazy dog. The quick brown fox jumps over the lazy dog. The quick brown fox jumps over the lazy dog. The quick brown fox jumps over the lazy dog. The quick brown fox jumps over the lazy dog. The quick brown fox jumps over the lazy dog. The quick brown fox jumps over the lazy dog. The quick brown fox jumps over the lazy dog. The quick brown fox jumps over the lazy dog. The quick brown fox jumps over the lazy dog. The quick brown fox jumps over the lazy dog. The quick brown fox jumps over the lazy dog. The quick brown fox jumps over the lazy dog. The quick brown fox jumps over the lazy dog. The quick brown fox jumps over the lazy dog. The quick brown fox jumps over the lazy dog. The quick brown fox jumps over the lazy dog. The quick brown fox jumps over the lazy dog. The quick brown fox jumps over the lazy dog. The quick brown fox jumps over the lazy dog. The quick brown fox jumps over the lazy dog. The quick brown fox jumps over the lazy dog. The quick brown fox jumps over the lazy dog. The quick brown fox jumps over the lazy dog. The quick brown fox jumps over the lazy dog. The quick brown fox jumps over the lazy dog. The quick brown fox jumps over the lazy dog. The quick brown fox jumps over the lazy dog. The quick brown fox jumps over the lazy dog. The quick brown fox jumps over the lazy dog. The quick brown fox jumps over the lazy dog. The quick brown fox jumps over the lazy dog. The quick brown fox jumps over the lazy dog. The quick brown fox jumps over the lazy dog. The quick brown fox jumps over the lazy dog. The quick brown fox jumps over the lazy dog. The quick brown fox jumps over the lazy dog. The quick brown fox jumps over the lazy dog. The quick brown fox jumps over the lazy dog. The quick brown fox jumps over the lazy dog. The quick brown fox jumps over the lazy dog. The quick brown fox jumps over the lazy dog. The quick brown fox jumps over the lazy dog. The quick brown fox jumps over the lazy dog. The quick brown fox jumps over the lazy dog. The quick brown fox jumps over the lazy dog. The quick brown fox jumps over the lazy dog. The quick brown fox jumps over the lazy dog. The quick brown fox jumps over the lazy dog. The quick brown fox jumps over the lazy dog. The quick brown fox jumps over the lazy dog. The quick brown fox jumps over the lazy dog. The quick brown fox jumps over the lazy dog. The quick brown fox jumps over the lazy dog. The quick brown fox jumps over the lazy dog. The quick brown fox jumps over the lazy dog. The quick brown fox jumps over the lazy dog. The quick brown fox jumps over the lazy dog. The quick brown fox jumps over the lazy dog. The quick brown fox jumps over the lazy dog. The quick brown fox jumps over the lazy dog. The quick brown fox jumps over the lazy dog. The quick brown fox jumps over the lazy dog. The quick brown fox jumps over the lazy dog. The quick brown fox jumps over the lazy dog. The quick brown fox jumps over the lazy dog. The quick brown fox jumps over the lazy dog. The quick brown fox jumps over the lazy dog. The quick brown fox jumps over the lazy dog. The quick brown fox jumps over the lazy dog. The quick brown fox jumps over the lazy dog. The quick brown fox jumps over the lazy dog. The quick brown fox jumps over the lazy dog. The quick brown fox jumps over the lazy dog. The quick brown fox jumps over the lazy dog. The quick brown fox jumps over the lazy dog. The quick brown fox jumps over the lazy dog. The quick brown fox jumps over the lazy dog. The quick brown fox jumps over the lazy dog. The quick brown fox jumps over the lazy dog. The quick brown fox jumps over the lazy dog. The quick brown fox jumps over the lazy dog. The quick brown fox jumps over the lazy dog. The quick brown fox jumps over the lazy dog. The quick brown fox jumps over the lazy dog. The quick brown fox jumps over the lazy dog. The quick brown fox jumps over the lazy dog. The quick brown fox jumps over the lazy dog. The quick brown fox jumps over the lazy dog. The quick brown fox jumps over the lazy dog. The quick brown fox jumps over the lazy dog. The quick brown fox jumps over the lazy dog. The quick brown fox jumps over the lazy dog. The quick brown fox jumps over the lazy dog. The quick brown fox jumps over the lazy dog. The quick brown fox jumps over the lazy dog. The quick brown fox jumps over the lazy dog. The quick brown fox jumps over the lazy dog. The quick brown fox jumps over the lazy dog. The quick brown fox jumps over the lazy dog. The quick brown fox jumps over the lazy dog. The quick brown fox jumps over the lazy dog. The quick brown fox jumps over the lazy dog. The quick brown fox jumps over the lazy dog. The quick brown fox jumps over the lazy dog. The quick brown fox jumps over the lazy dog. The quick brown fox jumps over the lazy dog. The quick brown fox jumps over the lazy dog. The quick brown fox jumps over the lazy dog. The quick brown fox jumps over the lazy dog. The quick brown fox jumps over the lazy dog. The quick brown fox jumps over the lazy dog. The quick brown fox jumps over the lazy dog. The quick brown fox jumps over the lazy dog. The quick brown fox jumps over the lazy dog. The quick brown fox jumps over the lazy dog. The quick brown fox jumps over the lazy dog. The quick brown fox jumps over the lazy dog. The quick brown fox jumps over the lazy dog. The quick brown fox jumps over the lazy dog. The quick brown fox jumps over the lazy dog. The quick brown fox jumps over the lazy dog. The quick brown fox jumps over the lazy dog. The quick brown fox jumps over the lazy dog. The quick brown fox jumps over the lazy dog. The quick brown fox jumps over the lazy dog. The quick brown fox jumps over the lazy dog. The quick brown fox jumps over the lazy dog. The quick brown fox jumps over the lazy dog. The quick brown fox jumps over the lazy dog. The quick brown fox jumps over the lazy dog. The quick brown fox jumps over the lazy dog. The quick brown fox jumps over the lazy dog. The quick brown fox jumps over the lazy dog. The quick brown fox jumps over the lazy dog. The quick brown fox jumps over the lazy dog. The quick brown fox jumps over the lazy dog. The quick brown fox jumps over the lazy dog. The quick brown fox jumps over the lazy dog. The quick brown fox jumps over the lazy dog. The quick brown fox jumps over the lazy dog. The quick brown fox jumps over the lazy dog. The quick brown fox jumps over the lazy dog. The quick brown fox jumps over the lazy dog. The quick brown fox jumps over the lazy dog. The quick brown fox jumps over the lazy dog. The quick brown fox jumps over the lazy dog. The quick brown fox jumps over the lazy dog. The quick brown fox jumps over the lazy dog. The quick brown fox jumps over the lazy dog. The quick brown fox jumps over the lazy dog. The quick brown fox jumps over the lazy dog. The quick brown fox jumps over the lazy dog. The quick brown fox jumps over the lazy dog. The quick brown fox jumps over the lazy dog. The quick brown fox jumps over the lazy dog. The quick brown fox jumps over the lazy dog. The quick brown fox jumps over the lazy dog. The quick brown fox jumps over the lazy dog. The quick brown fox jumps over the lazy dog. The quick brown fox jumps over the lazy dog. The quick brown fox jumps over the lazy dog. The quick brown fox jumps over the lazy dog. The quick brown fox jumps over the lazy dog. The quick brown fox jumps over the lazy dog. The quick brown fox jumps over the lazy dog. The quick brown fox jumps over the lazy dog. The quick brown fox jumps over the lazy dog. The quick brown fox jumps over the lazy dog. The quick brown fox jumps over the lazy dog. The quick brown fox jumps over the lazy dog. The quick brown fox jumps over the lazy dog. The quick brown fox jumps over the lazy dog. The quick brown fox jumps over the lazy dog. The quick brown fox jumps over the lazy dog. The quick brown fox jumps over the lazy dog. The quick brown fox jumps over the lazy dog. The quick brown fox jumps over the lazy dog. The quick brown fox jumps over the lazy dog. The quick brown fox jumps over the lazy dog. The quick brown fox jumps over the lazy dog. The quick brown fox jumps over the lazy dog. The quick brown fox jumps over the lazy dog. The quick brown fox jumps over the lazy dog. The quick brown fox jumps over the lazy dog. The quick brown fox jumps over the lazy dog. The quick brown fox jumps over the lazy dog. The quick brown fox jumps over the lazy dog. The quick brown fox jumps over the lazy dog. The quick brown fox jumps over the lazy dog. The quick brown fox jumps over the lazy dog. The quick brown fox jumps over the lazy dog. The quick brown fox jumps over the lazy dog. The quick brown fox jumps over the lazy dog. The quick brown fox jumps over the lazy dog. The quick brown fox jumps over the lazy dog. The quick brown fox jumps over the lazy dog. The quick brown fox jumps over the lazy dog. The quick brown fox jumps over the lazy dog. The quick brown fox jumps over the lazy dog. The quick brown fox jumps over the lazy dog. The quick brown fox jumps over the lazy dog. The quick brown fox jumps over the lazy dog. The quick brown fox jumps over the lazy dog. The quick brown fox jumps over the lazy dog. The quick brown fox jumps over the lazy dog. The quick brown fox jumps over the lazy dog. The quick brown fox jumps over the lazy dog. The quick brown fox jumps over the lazy dog. The quick brown fox jumps over the lazy dog. The quick brown fox jumps over the lazy dog. The quick brown fox jumps over the lazy dog. The quick brown fox jumps over the lazy dog. The quick brown fox jumps over the lazy dog. The quick brown fox jumps over the lazy dog. The quick brown fox jumps over the lazy dog. The quick brown fox jumps over the lazy dog. The quick brown fox jumps over the lazy dog. The quick brown fox jumps over the lazy dog. The quick brown fox jumps over the lazy dog. The quick brown fox jumps over the lazy dog. The quick brown fox jumps over the lazy dog. The quick brown fox jumps over the lazy dog. The quick brown fox jumps over the lazy dog. The quick brown fox jumps over the lazy dog. The quick brown fox jumps over the lazy dog. The quick brown fox jumps over the lazy dog. The quick brown fox jumps over the lazy dog. The quick brown fox jumps over the lazy dog. The quick brown fox jumps over the lazy dog. The quick brown fox jumps over the lazy dog. The quick brown fox jumps over the lazy dog. The quick brown fox jumps over the lazy dog. The quick brown fox jumps over the lazy dog. The quick brown fox jumps over the lazy dog. The quick brown fox jumps over the lazy dog. The quick brown fox jumps over the lazy dog. The quick brown fox jumps over the lazy dog. The quick brown fox jumps over the lazy dog. The quick brown fox jumps over the lazy dog. The quick brown fox jumps over the lazy dog. The quick brown fox jumps over the lazy dog. The quick brown fox jumps over the lazy dog. The quick brown fox jumps over the lazy dog. The quick brown fox jumps over the lazy dog. The quick brown fox jumps over the lazy dog. The quick brown fox jumps over the lazy dog. The quick brown fox jumps over the lazy dog. The quick brown fox jumps over the lazy dog. The quick brown fox jumps over the lazy dog. The quick brown fox jumps over the lazy dog. The quick brown fox jumps over the lazy dog. The quick brown fox jumps over the lazy dog. The quick brown fox jumps over the lazy dog. The quick brown fox jumps over the lazy dog. The quick brown fox jumps over the lazy dog. The quick brown fox jumps over the lazy dog. The quick brown fox jumps over the lazy dog. The quick brown fox jumps over the lazy dog. The quick brown fox jumps over the lazy dog. The quick brown fox jumps over the lazy dog. The quick brown fox jumps over the lazy dog. The quick brown fox jumps over the lazy dog. The quick brown fox jumps over the lazy dog. The quick brown fox jumps over the lazy dog. The quick brown fox jumps over the lazy dog. The quick brown fox jumps over the lazy dog. The quick brown fox jumps over the lazy dog. The quick brown fox jumps over the lazy dog. The quick brown fox jumps over the lazy dog. The quick brown fox jumps over the lazy dog. The quick brown fox jumps over the lazy dog. The quick brown fox jumps over the lazy dog. The quick brown fox jumps over the lazy dog. The quick brown fox jumps over the lazy dog. The quick brown fox jumps over the lazy dog. The quick brown fox jumps over the lazy dog. The quick brown fox jumps over the lazy dog. The quick brown fox jumps over the lazy dog. The quick brown fox jumps over the lazy dog. The quick brown fox jumps over the lazy dog. The quick brown fox jumps over the lazy dog. The quick brown fox jumps over the lazy dog. The quick brown fox jumps over the lazy dog. The quick brown fox jumps over the lazy dog. The quick brown fox jumps over the lazy dog. The quick brown fox jumps over the lazy dog. The quick brown fox jumps over the lazy dog. The quick brown fox jumps over the lazy dog. The quick brown fox jumps over the lazy dog. The quick brown fox jumps over the lazy dog. The quick brown fox jumps over the lazy dog. The quick brown fox jumps over the lazy dog. The quick brown fox jumps over the lazy dog. The quick brown fox jumps over the lazy dog. The quick brown fox jumps over the lazy dog. The quick brown fox jumps over the lazy dog. The quick brown fox jumps over the lazy dog. The quick brown fox jumps over the lazy dog. The quick brown fox jumps over the lazy dog. The quick brown fox jumps over the lazy dog. The quick brown fox jumps over the lazy dog. The quick brown fox jumps over the lazy dog. The quick brown fox jumps over the lazy dog. The quick brown fox jumps over the lazy dog. The quick brown fox jumps over the lazy dog. The quick brown fox jumps over the lazy dog. The quick brown fox jumps over the lazy dog. The quick brown fox jumps over the lazy dog. The quick brown fox jumps over the lazy dog. The quick brown fox jumps over the lazy dog. The quick brown fox jumps over the lazy dog. The quick brown fox jumps over the lazy dog. The quick brown fox jumps over the lazy dog. The quick brown fox jumps over the lazy dog. The quick brown fox jumps over the lazy dog. The quick brown fox jumps over the lazy dog. The quick brown fox jumps over the lazy dog. The quick brown fox jumps over the lazy dog. The quick brown fox jumps over the lazy dog. The quick brown fox jumps over the lazy dog. The quick brown fox jumps over the lazy dog. The quick brown fox jumps over the lazy dog. The quick brown fox jumps over the lazy dog. The quick brown fox jumps over the lazy dog. The quick brown fox jumps over the lazy dog. The quick brown fox jumps over the lazy dog. The quick brown fox jumps over the lazy dog. The quick brown fox jumps over the lazy dog. The quick brown fox jumps over the lazy dog. The quick brown fox jumps over the lazy dog. The quick brown fox jumps over the lazy dog. The quick brown fox jumps over the lazy dog. The quick brown fox jumps over the lazy dog. The quick brown fox jumps over the lazy dog. The quick brown fox jumps over the lazy dog. The quick brown fox jumps over the lazy dog. The quick brown fox jumps over the lazy dog. The quick brown fox jumps over the lazy dog. The quick brown fox jumps over the lazy dog. The quick brown fox jumps over the lazy dog. The quick brown fox jumps over the lazy dog. The quick brown fox jumps over the lazy dog. The quick brown fox jumps over the lazy dog. The quick brown fox jumps over the lazy dog. The quick brown fox jumps over the lazy dog. The quick brown fox jumps over the lazy dog. The quick brown fox jumps over the lazy dog. The quick brown fox jumps over the lazy dog. The quick brown fox jumps over the lazy dog. The quick brown fox jumps over the lazy dog. The quick brown fox jumps over the lazy dog. The quick brown fox jumps over the lazy dog. The quick brown fox jumps over the lazy dog. The quick brown fox jumps over the lazy dog. The quick brown fox jumps over the lazy dog. The quick brown fox jumps over the lazy dog. The quick brown fox jumps over the lazy dog. The quick brown fox jumps over the lazy dog. The quick brown fox jumps over the lazy dog. The quick brown fox jumps over the lazy dog. The quick brown fox jumps over the lazy dog. The quick brown fox jumps over the lazy dog. The quick brown fox jumps over the lazy dog. The quick brown fox jumps over the lazy dog. The quick brown fox jumps over the lazy dog. The quick brown fox jumps over the lazy dog. The quick brown fox jumps over the lazy dog. The quick brown fox jumps over the lazy dog. The quick brown fox jumps over the lazy dog. The quick brown fox jumps over the lazy dog. The quick brown fox jumps over the lazy dog. The quick brown fox jumps over the lazy dog. The quick brown fox jumps over the lazy dog. The quick brown fox jumps over the lazy dog. The quick brown fox jumps over the lazy dog. The quick brown fox jumps over the lazy dog. The quick brown fox jumps over the lazy dog. The quick brown fox jumps over the lazy dog. The quick brown fox jumps over the lazy dog. The quick brown fox jumps over the lazy dog. The quick brown fox jumps over the lazy dog. The quick brown fox jumps over the lazy dog. The quick brown fox jumps over the lazy dog. The quick brown fox jumps over the lazy dog. The quick brown fox jumps over the lazy dog. The quick brown fox jumps over the lazy dog. The quick brown fox jumps over the lazy dog. The quick brown fox jumps over the lazy dog. The quick brown fox jumps over the lazy dog. The quick brown fox jumps over the lazy dog. The quick brown fox jumps over the lazy dog. The quick brown fox jumps over the lazy dog. The quick brown fox jumps over the lazy dog. The quick brown fox jumps over the lazy dog. The quick brown fox jumps over the lazy dog. The quick brown fox jumps over the lazy dog. The quick brown fox jumps over the lazy dog. The quick brown fox jumps over the lazy dog. The quick brown fox jumps over the lazy dog. The quick brown fox jumps over the lazy dog. The quick brown fox jumps over the lazy dog. The quick brown fox jumps over the lazy dog. The quick brown fox jumps over the lazy dog. The quick brown fox jumps over the lazy dog. The quick brown fox jumps over the lazy dog. The quick brown fox jumps over the lazy dog. The quick brown fox jumps over the lazy dog. The quick brown fox jumps over the lazy dog. The quick brown fox jumps over the lazy dog. The quick brown fox jumps over the lazy dog. The quick brown fox jumps over the lazy dog. The quick brown fox jumps over the lazy dog. The quick brown fox jumps over the lazy dog. The quick brown fox jumps over the lazy dog. The quick brown fox jumps over the lazy dog. The quick brown fox jumps over the lazy dog. The quick brown fox jumps over the lazy dog. The quick brown fox jumps over the lazy dog. The quick brown fox jumps over the lazy dog. The quick brown fox jumps over the lazy dog. The quick brown fox jumps over the lazy dog. The quick brown fox jumps over the lazy dog. The quick brown fox jumps over the lazy dog. The quick brown fox jumps over the lazy dog. The quick brown fox jumps over the lazy dog. The quick brown fox jumps over the lazy dog. The quick brown fox jumps over the lazy dog. The quick brown fox jumps over the lazy dog. The quick brown fox jumps over the lazy dog. The quick brown fox jumps over the lazy dog. The quick brown fox jumps over the lazy dog. The quick brown fox jumps over the lazy dog. The quick brown fox jumps over the lazy dog. The quick brown fox jumps over the lazy dog. The quick brown fox jumps over the lazy dog. The quick brown fox jumps over the lazy dog. The quick brown fox jumps over the lazy dog. The quick brown fox jumps over the lazy dog. The quick brown fox jumps over the lazy dog. The quick brown fox jumps over the lazy dog. The quick brown fox jumps over the lazy dog. The quick brown fox jumps over the lazy dog. The quick brown fox jumps over the lazy dog. The quick brown fox jumps over the lazy dog. The quick brown fox jumps over the lazy dog. The quick brown fox jumps over the lazy dog. The quick brown fox jumps over the lazy dog. The quick brown fox jumps over the lazy dog. The quick brown fox jumps over the lazy dog. The quick brown fox jumps over the lazy dog. The quick brown fox jumps over the lazy dog. The quick brown fox jumps over the lazy dog. The quick brown fox jumps over the lazy dog. The quick brown fox jumps over the lazy dog. The quick brown fox jumps over the lazy dog. The quick brown fox jumps over the lazy dog. The quick brown fox jumps over the lazy dog. The quick brown fox jumps over the lazy dog. The quick brown fox jumps over the lazy dog. The quick brown fox jumps over the lazy dog. The quick brown fox jumps over the lazy dog. The quick brown fox jumps over the lazy dog. The quick brown fox jumps over the lazy dog. The quick brown fox jumps over the lazy dog. The quick brown fox jumps over the lazy dog. The quick brown fox jumps over the lazy dog. The quick brown fox jumps over the lazy dog. The quick brown fox jumps over the lazy dog. The quick brown fox jumps over the lazy dog. The quick brown fox jumps over the lazy dog. The quick brown fox jumps over the lazy dog. The quick brown fox jumps over the lazy dog. The quick brown fox jumps over the lazy dog. The quick brown fox jumps over the lazy dog. The quick brown fox jumps over the lazy dog. The quick brown fox jumps over the lazy dog. The quick brown fox jumps over the lazy dog. The quick brown fox jumps over the lazy dog. The quick brown fox jumps over the lazy dog. The quick brown fox jumps over the lazy dog. The quick brown fox jumps over the lazy dog. The quick brown fox jumps over the lazy dog. The quick brown fox jumps over the lazy dog. The quick brown fox jumps over the lazy dog. The quick brown fox jumps over the lazy dog. The quick brown fox jumps over the lazy dog. The quick brown fox jumps over the lazy dog. The quick brown fox jumps over the lazy dog. The quick brown fox jumps over the lazy dog. The quick brown fox jumps over the lazy dog. The quick brown fox jumps over the lazy dog. The quick brown fox jumps over the lazy dog. The quick brown fox jumps over the lazy dog. The quick brown fox jumps over the lazy dog. The quick brown fox jumps over the lazy dog. The quick brown fox jumps over the lazy dog. The quick brown fox jumps over the lazy dog. The quick brown fox jumps over the lazy dog. The quick brown fox jumps over the lazy dog. The quick brown fox jumps over the lazy dog. The quick brown fox jumps over the lazy dog. The quick brown fox jumps over the lazy dog. The quick brown fox jumps over the lazy dog. The quick brown fox jumps over the lazy dog. The quick brown fox jumps over the lazy dog. The quick brown fox jumps over the lazy dog. The quick brown fox jumps over the lazy dog. The quick brown fox jumps over the lazy dog. The quick brown fox jumps over the lazy dog. The quick brown fox jumps over the lazy dog. The quick brown fox jumps over the lazy dog. The quick brown fox jumps over the lazy dog. The quick brown fox jumps over the lazy dog. The quick brown fox jumps over the lazy dog. The quick brown fox jumps over the lazy dog. The quick brown fox jumps over the lazy dog. The quick brown fox jumps over the lazy dog. The quick brown fox jumps over the lazy dog. The quick brown fox jumps over the lazy dog. The quick brown fox jumps over the lazy dog. The quick brown fox jumps over the lazy dog. The quick brown fox jumps over the lazy dog. The quick brown fox jumps over the lazy dog. The quick brown fox jumps over the lazy dog. The quick brown fox jumps over the lazy dog. The quick brown fox jumps over the lazy dog. The quick brown fox jumps over the lazy dog. The quick brown fox jumps over the lazy dog. The quick brown fox jumps over the lazy dog. The quick brown fox jumps over the lazy dog. The quick brown fox jumps over the lazy dog. The quick brown fox jumps over the lazy dog. The quick brown fox jumps over the lazy dog. The quick brown fox jumps over the lazy dog. The quick brown fox jumps over the lazy dog. The quick brown fox jumps over the lazy dog. The quick brown fox jumps over the lazy dog. The quick brown fox jumps over the lazy dog. The quick brown fox jumps over the lazy dog. The quick brown fox jumps over the lazy dog. The quick brown fox jumps over the lazy dog. The quick brown fox jumps over the lazy dog. The quick brown fox jumps over the lazy dog. The quick brown fox jumps over the lazy dog. The quick brown fox jumps over the lazy dog. The quick brown fox jumps over the lazy dog. The quick brown fox jumps over the lazy dog. The quick brown fox jumps over the lazy dog. The quick brown fox jumps over the lazy dog. The quick brown fox jumps over the lazy dog. The quick brown fox jumps over the lazy dog. The quick brown fox jumps over the lazy dog. The quick brown fox jumps over the lazy dog. The quick brown fox jumps over the lazy dog. The quick brown fox jumps over the lazy dog. The quick brown fox jumps over the lazy dog. The quick brown fox jumps over the lazy dog. The quick brown fox jumps over the lazy dog. The quick brown fox jumps over the lazy dog. The quick brown fox jumps over the lazy dog. The quick brown fox jumps over the lazy dog. The quick brown fox jumps over the lazy dog. The quick brown fox jumps over the lazy dog. The quick brown fox jumps over the lazy dog. The quick brown fox jumps over the lazy dog. The quick brown fox jumps over the lazy dog. The quick brown fox jumps over the lazy dog. The quick brown fox jumps over the lazy dog. The quick brown fox jumps over the lazy dog. The quick brown fox jumps over the lazy dog. The quick brown fox jumps over the lazy dog. The quick brown fox jumps over the lazy dog. The quick brown fox jumps over the lazy dog. The quick brown fox jumps over the lazy dog. The quick brown fox jumps over the lazy dog. The quick brown fox jumps over the lazy dog. The quick brown fox jumps over the lazy dog. The quick brown fox jumps over the lazy dog. The quick brown fox jumps over the lazy dog. The quick brown fox jumps over the lazy dog. The quick brown fox jumps over the lazy dog. The quick brown fox jumps over the lazy dog. The quick brown fox jumps over the lazy dog. The quick brown fox jumps over the lazy dog. The quick brown fox jumps over the lazy dog. The quick brown fox jumps over the lazy dog. The quick brown fox jumps over the lazy dog. The quick brown fox jumps over the lazy dog. The quick brown fox jumps over the lazy dog. The quick brown fox jumps over the lazy dog. The quick brown fox jumps over the lazy dog. The quick brown fox jumps over the lazy dog. The quick brown fox jumps over the lazy dog. The quick brown fox jumps over the lazy dog. The quick brown fox jumps over the lazy dog. The quick brown fox jumps over the lazy dog. The quick brown fox jumps over the lazy dog. The quick brown fox jumps over the lazy dog. The quick brown fox jumps over the lazy dog. The quick brown fox jumps over the lazy dog. The quick brown fox jumps over the lazy dog. The quick brown fox jumps over the lazy dog. The quick brown fox jumps over the lazy dog. The quick brown fox jumps over the lazy dog. The quick brown fox jumps over the lazy dog. The quick brown fox jumps over the lazy dog. The quick brown fox jumps over the lazy dog. The quick brown fox jumps over the lazy dog. The quick brown fox jumps over the lazy dog. The quick brown fox jumps over the lazy dog. The quick brown fox jumps over the lazy dog. The quick brown fox jumps over the lazy dog. The quick brown fox jumps over the lazy dog. The quick brown fox jumps over the lazy dog. The quick brown fox jumps over the lazy dog. The quick brown fox jumps over the lazy dog. The quick brown fox jumps over the lazy dog. The quick brown fox jumps over the lazy dog. The quick brown fox jumps over the lazy dog. The quick brown fox jumps over the lazy dog. The quick brown fox jumps over the lazy dog. The quick brown fox jumps over the lazy dog. The quick brown fox jumps over the lazy dog. The quick brown fox jumps over the lazy dog. The quick brown fox jumps over the lazy dog. The quick brown fox jumps over the lazy dog. The quick brown fox jumps over the lazy dog. The quick brown fox jumps over the lazy dog. The quick brown fox jumps over the lazy dog. The quick brown fox jumps over the lazy dog. The quick brown fox jumps over the lazy dog. The quick brown fox jumps over the lazy dog. The quick brown fox jumps over the lazy dog. The quick brown fox jumps over the lazy dog. The quick brown fox jumps over the lazy dog. The quick brown fox jumps over the lazy dog. The quick brown fox jumps over the lazy dog. The quick brown fox jumps over the lazy dog. The quick brown fox jumps over the lazy dog. The quick brown fox jumps over the lazy dog. The quick brown fox jumps over the lazy dog. The quick brown fox jumps over the lazy dog. The quick brown fox jumps over the lazy dog. The quick brown fox jumps over the lazy dog. The quick brown fox jumps over the lazy dog. The quick brown fox jumps over the lazy dog. The quick brown fox jumps over the lazy dog. The quick brown fox jumps over the lazy dog. The quick brown fox jumps over the lazy dog. The quick brown fox jumps over the lazy dog. The quick brown fox jumps over the lazy dog. The quick brown fox jumps over the lazy dog. The quick brown fox jumps over the lazy dog. The quick brown fox jumps over the lazy dog. The quick brown fox jumps over the lazy dog. The quick brown fox jumps over the lazy dog. The quick brown fox jumps over the lazy dog. The quick brown fox jumps over the lazy dog. The quick brown fox jumps over the lazy dog. The quick brown fox jumps over the lazy dog. The quick brown fox jumps over the lazy dog. The quick brown fox jumps over the lazy dog. The quick brown fox jumps over the lazy dog. The quick brown fox jumps over the lazy dog. The quick brown fox jumps over the lazy dog. The quick brown fox jumps over the lazy dog. The quick brown fox jumps over the lazy dog. The quick brown fox jumps over the lazy dog. The quick brown fox jumps over the lazy dog. The quick brown fox jumps over the lazy dog. The quick brown fox jumps over the lazy dog. The quick brown fox jumps over the lazy dog. The quick brown fox jumps over the lazy dog. The quick brown fox jumps over the lazy dog. The quick brown fox jumps over the lazy dog. The quick brown fox jumps over the lazy dog. The quick brown fox jumps over the lazy dog. The quick brown fox jumps over the lazy dog. The quick brown fox jumps over the lazy dog. The quick brown fox jumps over the lazy dog. The quick brown fox jumps over the lazy dog. The quick brown fox jumps over the lazy dog. The quick brown fox jumps over the lazy dog. The quick brown fox jumps over the lazy dog. The quick brown fox jumps over the lazy dog. The quick brown fox jumps over the lazy dog. The quick brown fox jumps over the lazy dog. The quick brown fox jumps over the lazy dog. The quick brown fox jumps over the lazy dog. The quick brown fox jumps over the lazy dog. Summarise the text above.",
1790603315.502	    "stream": true
1790603315.502	}
1790603315.502	[🟢 ]  NPU Locked!
1790603315.502	[FLM]  Start generating...
1790603315.510	[FLM]  Prefill chunk 1/3 with 4096 tokens
1790603315.801	[🔴 ]  Client disconnected; cancelling active request
1790603315.801	[🔗 ]  TCP connection established - Remote: 127.0.0.1:53034
1790603315.801	[TCP]  Read 268 bytes from socket
1790603315.802	================================================
1790603315.802	[⬇️ ]  Incoming Request: POST
1790603315.802	[LOG]  Time stamp: 16:48:35 09:28:2026
1790603315.802	[LOG]  Target: /api/chat
1790603315.802	[LOG]  Version: 11
1790603315.802	[LOG]  Keep-Alive: 1
1790603315.802	[LOG]  Body: 
1790603315.802	{
1790603315.802	    "messages": [
1790603315.802	        {
1790603315.802	            "content": "Say hi.",
1790603315.802	            "role": "user"
1790603315.802	        }
1790603315.802	    ],
1790603315.802	    "model": "llama3.2:1b",
1790603315.802	    "options": {
1790603315.802	        "num_predict": 4
1790603315.802	    },
1790603315.802	    "stream": false,
1790603315.802	    "top_k": 1
1790603315.802	}
1790603315.802	[🕒 ]  NPU busy, request queued (1/10): POST /api/chat
1790603317.290	[FLM]  Prefill chunk 2/3 with 4096 tokens
1790603319.949	[FLM]  Prefill chunk 3/3 with 3850 tokens
1790603323.340	
1790603323.340	[FLM]  Model RAW Output: 
1790603323.340	The quick brown fox jumps over the lazy dog.
1790603323.674	[🟡 ]  Dequeuing NPU request (0 remaining)...
1790603323.674	[FLM]  Start generating...
1790603323.674	[FLM]  Conversation context diverged from cache, clearing context...
1790603323.676	[FLM]  Prefill chunk 1/1 with 38 tokens
1790603324.183	
1790603324.183	[FLM]  Model RAW Output: 
1790603324.183	Hi.
1790603324.183	[🔵 ]  NPU Lock Released!
1790603324.183	================================================
1790603324.184	[🔒 ]  TCP connection closed - Remote: 127.0.0.1:53034
1790603325.244	[🔗 ]  TCP connection established - Remote: 127.0.0.1:49536
1790603325.244	[TCP]  Read 342 bytes from socket
1790603325.244	================================================
1790603325.244	[⬇️ ]  Incoming Request: POST
1790603325.244	[LOG]  Time stamp: 16:48:45 09:28:2026
1790603325.244	[LOG]  Target: /v1/chat/completions
1790603325.244	[LOG]  Version: 11
1790603325.244	[LOG]  Keep-Alive: 1
1790603325.244	[LOG]  Body: 
1790603325.244	{
1790603325.244	    "max_tokens": 512,
1790603325.244	    "messages": [
1790603325.244	        {
1790603325.244	            "content": "Write a de...ing press.",
1790603325.244	            "role": "user"
1790603325.244	        }
1790603325.244	    ],
1790603325.244	    "model": "llama3.2:1b",
1790603325.244	    "stream": true,
1790603325.244	    "top_k": 1
1790603325.244	}
1790603325.245	[🟢 ]  NPU Locked!
1790603325.245	[FLM]  Start prefill...
1790603325.245	[FLM]  Prefill chunk 1/1 with 54 tokens
1790603325.631	[FLM]  Start generating...
1790603333.381	
1790603333.381	[FLM]  Model RAW Output: 
1790603333.381	The History of the Printing Press: A Revolutionary Innovation
1790603333.381	
1790603333.381	The printing press, invented by Johannes Gutenberg in the 15th century, was a game-changing innovation that revolutionized the way people communicated, learned, and created. This remarkable device, which combined the principles of movable type and mechanical pressure, enabled mass production of books, pamphlets, and other written materials, transforming the world of knowledge and culture. In this essay, we will delve into the fascinating history of the printing press, exploring its development, evolution, and impact on society.
1790603333.381	
1790603333.381	The Early Days of Printing
1790603333.381	
1790603333.381	The concept of printing dates back to ancient China, where paper was first invented in the 2nd century AD. The first known printed book was the "Bamboo Book," a collection of Buddhist scriptures that was printed on paper in the 8th century. However, it was not until the 15th century that the printing press began to take shape. In 1450, Johannes Gutenberg, a German goldsmith and printer, invented the first movable-type printing press. This innovative device allowed individual characters to be rearranged to form different words and phrases, making it possible to print large quantities of text.
1790603333.381	
1790603333.381	Gutenberg's Printing Press
1790603333.381	
1790603333.381	Gutenberg's printing press was a significant improvement over earlier forms of printing, such as the hand-carved wooden blocks used by monks in the 10th century. The movable-type press allowed for greater flexibility and efficiency, enabling printers to produce high-quality copies quickly and at a lower cost. The press consisted of a wooden frame, a metal plate, and a type of metal alloy that was used to create the individual characters. The characters were arranged in a specific order, with each character having a unique shape and size.
1790603333.381	
1790603333.381	The first printed book, the Gutenberg Bible, was published in 1455. It was a large, 1,286-page volume that contained the Latin Vulgate, the standard text of the Bible at the time. The book was printed in gold and silver ink on high-quality paper, and it quickly became a bestseller. The Gutenberg Bible was a groundbreaking work that marked the beginning of the printing press era. It was the first book to use the movable-type press, and it paved the way for the mass production of books.
1790603333.381	
1790603333.381	The Spread of the Printing Press
1790603333.381	
1790603333.381	The printing press was not limited to Europe. It was also used in other parts of the world, such as China, where it was adopted by Buddhist monks and scholars. The printing press was a powerful tool for spreading knowledge and ideas, and it played a significant
1790603333.381	ChatCompletionChunk: {"id":"chatcmpl-51f5c115c862517efb84e73b","object":"chat.completion.chunk","created":1790603325,"model":"llama3.2:1b","system_fingerprint":"fp_13259901fcc7457e","choices":[{"index":0,"delta":{"content":null},"finish_reason":"length"}],"usage":{"prompt_tokens":54,"completion_tokens":512,"total_tokens":566,"active_kv_tokens":566,"max_kv_token_capacity":131072,"kv_token_occupancy_rate_percentage":0.43182373046875,"load_duration":2.495e-06,"prefill_duration_ttft":0.386126048,"decoding_duration":7.688512,"prefill_speed_tps":139.8507049179961,"decoding_speed_tps":66.59285958063145}}
1790603333.381	[🔒 ]  Closing TCP connection (streaming, non-keep-alive)
1790603333.381	[🔵 ]  NPU Lock Released!
1790603333.413	[🔗 ]  TCP connection established - Remote: 127.0.0.1:57482
1790603333.413	[TCP]  Read 342 bytes from socket
1790603333.413	================================================
1790603333.413	[⬇️ ]  Incoming Request: POST
1790603333.413	[LOG]  Time stamp: 16:48:53 09:28:2026
1790603333.413	[LOG]  Target: /v1/chat/completions
1790603333.413	[LOG]  Version: 11
1790603333.413	[LOG]  Keep-Alive: 1
1790603333.413	[LOG]  Body: 
1790603333.413	{
1790603333.413	    "max_tokens": 512,
1790603333.413	    "messages": [
1790603333.413	        {
1790603333.413	            "content": "Write a de...ing press.",
1790603333.413	            "role": "user"
1790603333.413	        }
1790603333.413	    ],
1790603333.413	    "model": "llama3.2:1b",
1790603333.413	    "stream": true,
1790603333.413	    "top_k": 1
1790603333.413	}
1790603333.413	[🟢 ]  NPU Locked!
1790603333.413	[FLM]  Prompt cache miss.
1790603333.413	[FLM]  Clearing context...
1790603333.414	[FLM]  Start prefill...
1790603333.414	[FLM]  Prefill chunk 1/1 with 54 tokens
1790603333.795	[FLM]  Start generating...
1790603333.855	[🔴 ]  Client disconnected; cancelling active request
1790603333.855	[🔗 ]  TCP connection established - Remote: 127.0.0.1:57494
1790603333.855	[TCP]  Read 268 bytes from socket
1790603333.855	================================================
1790603333.855	[⬇️ ]  Incoming Request: POST
1790603333.855	[LOG]  Time stamp: 16:48:53 09:28:2026
1790603333.855	[LOG]  Target: /api/chat
1790603333.855	[LOG]  Version: 11
1790603333.855	[LOG]  Keep-Alive: 1
1790603333.855	[LOG]  Body: 
1790603333.855	{
1790603333.855	    "messages": [
1790603333.855	        {
1790603333.855	            "content": "Say hi.",
1790603333.855	            "role": "user"
1790603333.855	        }
1790603333.855	    ],
1790603333.855	    "model": "llama3.2:1b",
1790603333.855	    "options": {
1790603333.855	        "num_predict": 4
1790603333.855	    },
1790603333.855	    "stream": false,
1790603333.855	    "top_k": 1
1790603333.855	}
1790603333.855	[🕒 ]  NPU busy, request queued (1/10): POST /api/chat
1790603333.869	
1790603333.869	[FLM]  Model RAW Output: 
1790603333.869	The History of the Printing Press
1790603333.869	[❌ ]  Generation Cancelled!
1790603333.869	ChatCompletionChunk: {"id":"chatcmpl-c8b67ba98efd56882e9b1eb8","object":"chat.completion.chunk","created":1790603333,"model":"llama3.2:1b","system_fingerprint":"fp_7bd2b5a2d29ba434","choices":[{"index":0,"delta":{"content":null},"finish_reason":"cancel"}],"usage":{"prompt_tokens":54,"completion_tokens":5,"total_tokens":59,"active_kv_tokens":59,"max_kv_token_capacity":131072,"kv_token_occupancy_rate_percentage":0.045013427734375,"load_duration":1.954e-06,"prefill_duration_ttft":0.380297056,"decoding_duration":0.073772,"prefill_speed_tps":141.99426250620252,"decoding_speed_tps":67.7763921270943}}
1790603334.203	[🟡 ]  Dequeuing NPU request (0 remaining)...
1790603334.203	[FLM]  Start generating...
1790603334.203	[FLM]  Conversation context diverged from cache, clearing context...
1790603334.204	[FLM]  Prefill chunk 1/1 with 38 tokens
1790603334.629	
1790603334.629	[FLM]  Model RAW Output: 
1790603334.629	Hi.
1790603334.629	[🔵 ]  NPU Lock Released!
1790603334.629	================================================
1790603334.629	[🔒 ]  TCP connection closed - Remote: 127.0.0.1:57494
1790603335.682	[🔗 ]  TCP connection established - Remote: 127.0.0.1:57508
1790603335.682	[TCP]  Read 54286 bytes from socket
1790603335.683	================================================
1790603335.683	[⬇️ ]  Incoming Request: POST
1790603335.683	[LOG]  Time stamp: 16:48:55 09:28:2026
1790603335.683	[LOG]  Target: /v1/chat/completions
1790603335.683	[LOG]  Version: 11
1790603335.683	[LOG]  Keep-Alive: 1
1790603335.683	[LOG]  Body: 
1790603335.683	{
1790603335.683	    "max_tokens": 512,
1790603335.683	    "messages": [
1790603335.683	        {
1790603335.683	            "content": "The quick ...ext above.",
1790603335.683	            "role": "user"
1790603335.683	        }
1790603335.683	    ],
1790603335.683	    "model": "llama3.2:1b",
1790603335.683	    "stream": true,
1790603335.683	    "top_k": 1
1790603335.683	}
1790603335.683	[🟢 ]  NPU Locked!
1790603335.683	[FLM]  Prompt cache miss.
1790603335.683	[FLM]  Clearing context...
1790603335.685	[FLM]  Start prefill...
1790603335.692	[FLM]  Prefill chunk 1/3 with 4096 tokens
1790603335.983	[🔴 ]  Client disconnected; cancelling active request
1790603335.983	[🔗 ]  TCP connection established - Remote: 127.0.0.1:57516
1790603335.983	[TCP]  Read 268 bytes from socket
1790603335.983	================================================
1790603335.983	[⬇️ ]  Incoming Request: POST
1790603335.983	[LOG]  Time stamp: 16:48:55 09:28:2026
1790603335.983	[LOG]  Target: /api/chat
1790603335.983	[LOG]  Version: 11
1790603335.983	[LOG]  Keep-Alive: 1
1790603335.983	[LOG]  Body: 
1790603335.983	{
1790603335.983	    "messages": [
1790603335.983	        {
1790603335.983	            "content": "Say hi.",
1790603335.983	            "role": "user"
1790603335.983	        }
1790603335.983	    ],
1790603335.983	    "model": "llama3.2:1b",
1790603335.983	    "options": {
1790603335.983	        "num_predict": 4
1790603335.983	    },
1790603335.983	    "stream": false,
1790603335.983	    "top_k": 1
1790603335.983	}
1790603335.983	[🕒 ]  NPU busy, request queued (1/10): POST /api/chat
1790603337.471	[❌ ]  Prefill Cancelled!
1790603337.471	ChatCompletionChunk: {"id":"chatcmpl-202e839a26245d6802749e22","object":"chat.completion.chunk","created":1790603335,"model":"llama3.2:1b","system_fingerprint":"fp_cd8ef5d5dd153378","choices":[{"index":0,"delta":{"content":null},"finish_reason":"cancel"}],"usage":{"prompt_tokens":12042,"completion_tokens":0,"total_tokens":12042,"active_kv_tokens":0,"max_kv_token_capacity":131072,"kv_token_occupancy_rate_percentage":0.0,"load_duration":2.194e-06,"prefill_duration_ttft":1.778809216,"decoding_duration":0.0,"prefill_speed_tps":6769.6973299243355,"decoding_speed_tps":null}}
1790603337.804	[🟡 ]  Dequeuing NPU request (0 remaining)...
1790603337.804	[FLM]  Start generating...
1790603337.805	[FLM]  Prefill chunk 1/1 with 38 tokens
1790603338.250	
1790603338.250	[FLM]  Model RAW Output: 
1790603338.250	Hi.
1790603338.250	[🔵 ]  NPU Lock Released!
1790603338.250	================================================
1790603338.251	[🔒 ]  TCP connection closed - Remote: 127.0.0.1:57516
1790603339.302	[🔗 ]  TCP connection established - Remote: 127.0.0.1:57518
1790603339.302	[TCP]  Read 304 bytes from socket
1790603339.302	================================================
1790603339.302	[⬇️ ]  Incoming Request: POST
1790603339.302	[LOG]  Time stamp: 16:48:59 09:28:2026
1790603339.302	[LOG]  Target: /v1/completions
1790603339.302	[LOG]  Version: 11
1790603339.302	[LOG]  Keep-Alive: 1
1790603339.302	[LOG]  Body: 
1790603339.302	{
1790603339.302	    "max_tokens": 512,
1790603339.302	    "model": "llama3.2:1b",
1790603339.302	    "prompt": "Write a detailed essay of at least 2000 words on the history of the printing press.",
1790603339.302	    "stream": true,
1790603339.302	    "top_k": 1
1790603339.302	}
1790603339.302	[FLM]  Start generating...
1790603339.302	[FLM]  Prefill chunk 1/1 with 54 tokens
1790603347.878	
1790603347.878	[FLM]  Model RAW Output: 
1790603347.878	The History of the Printing Press: A Revolutionary Innovation
1790603347.878	
1790603347.878	The printing press, invented by Johannes Gutenberg in the 15th century, was a game-changing innovation that revolutionized the way people communicated, learned, and created. This remarkable device, which combined the principles of movable type and mechanical pressure, enabled mass production of books, pamphlets, and other written materials, transforming the world of knowledge and culture. In this essay, we will delve into the fascinating history of the printing press, exploring its development, evolution, and impact on society.
1790603347.878	
1790603347.878	The Early Days of Printing
1790603347.878	
1790603347.878	The concept of printing dates back to ancient China, where paper was first invented in the 2nd century AD. The first known printed book was the "Bamboo Book," a collection of Buddhist scriptures that was printed on paper in the 8th century. However, it was not until the 15th century that the printing press began to take shape. In 1450, Johannes Gutenberg, a German goldsmith and printer, invented the first movable-type printing press. This innovative device allowed individual characters to be rearranged to form different words and phrases, making it possible to print large quantities of text.
1790603347.878	
1790603347.878	Gutenberg's Printing Press
1790603347.878	
1790603347.878	Gutenberg's printing press was a significant improvement over earlier forms of printing, such as the hand-carved wooden blocks used by monks in the 10th century. The movable-type press allowed for greater flexibility and efficiency, enabling printers to produce high-quality copies quickly and at a lower cost. The press consisted of a wooden frame, a metal plate, and a type of metal alloy that was used to create the individual characters. The characters were arranged in a specific order, with each character having a unique shape and size.
1790603347.878	
1790603347.878	The first printed book, the Gutenberg Bible, was published in 1455. It was a large, 1,286-page volume that contained the Latin Vulgate, the standard text of the Bible at the time. The book was printed in gold and silver ink on high-quality paper, and it quickly became a bestseller. The Gutenberg Bible was a groundbreaking work that marked the beginning of the printing press era. It was the first book to use the movable-type press, and it paved the way for the mass production of books.
1790603347.878	
1790603347.878	The Spread of the Printing Press
1790603347.878	
1790603347.878	The printing press was not limited to Europe. It was also used in other parts of the world, such as China, where it was adopted by Buddhist monks and scholars. The printing press was a powerful tool for spreading knowledge and ideas, and it played a significant
1790603347.878	[🔒 ]  Closing TCP connection (streaming, non-keep-alive)
1790603347.914	[🔗 ]  TCP connection established - Remote: 127.0.0.1:60398
1790603347.914	[TCP]  Read 304 bytes from socket
1790603347.914	================================================
1790603347.914	[⬇️ ]  Incoming Request: POST
1790603347.914	[LOG]  Time stamp: 16:49:07 09:28:2026
1790603347.914	[LOG]  Target: /v1/completions
1790603347.914	[LOG]  Version: 11
1790603347.914	[LOG]  Keep-Alive: 1
1790603347.914	[LOG]  Body: 
1790603347.914	{
1790603347.914	    "max_tokens": 512,
1790603347.914	    "model": "llama3.2:1b",
1790603347.914	    "prompt": "Write a detailed essay of at least 2000 words on the history of the printing press.",
1790603347.914	    "stream": true,
1790603347.914	    "top_k": 1
1790603347.914	}
1790603347.914	[FLM]  Start generating...
1790603347.914	[FLM]  Prefill chunk 1/1 with 54 tokens
1790603348.428	[🔴 ]  Client disconnected; cancelling active request
1790603356.514	
1790603356.514	[FLM]  Model RAW Output: 
1790603356.514	The History of the Printing Press: A Revolutionary Innovation
1790603356.514	
1790603356.514	The printing press, invented by Johannes Gutenberg in the 15th century, was a game-changing innovation that revolutionized the way people communicated, learned, and created. This remarkable device, which combined the principles of movable type and mechanical pressure, enabled mass production of printed materials, transforming the world in ways that were both profound and far-reaching. In this essay, we will delve into the fascinating history of the printing press, exploring its development, evolution, and impact on society.
1790603356.514	
1790603356.514	The Early Days of Printing
1790603356.514	
1790603356.514	The concept of printing dates back to ancient China, where paper was first invented in the 2nd century AD. The first known printed book was the "Bamboo Book," a collection of Buddhist scriptures that was printed on paper in the 8th century. However, it was not until the 10th century that the first movable-type printing press was developed in China. The press, known as the "Rituo Press," was invented by the Chinese monk Wuzheng, who created a machine that could print individual characters on a sheet of paper.
1790603356.514	
1790603356.514	In the 12th century, the printing press was introduced to Europe by the monks of the Benedictine monastery in St. Gall, Switzerland. The monks, who were familiar with the Chinese printing press, adapted the technology to create a machine that could print individual characters on a sheet of paper. This early printing press was called the "Monumentum Press," and it was used to print the first Latin Bible, the "Gutenberg Bible," in 1455.
1790603356.514	
1790603356.514	The Development of the Printing Press
1790603356.514	
1790603356.514	The printing press was a remarkable innovation that had a profound impact on society. The first printing press was a simple machine that consisted of a wooden frame, a metal plate, and a type of metal alloy. The plate was made of a metal alloy, such as bronze or iron, which was etched with the characters of the alphabet. The type was made of wood or metal, and it was used to print individual characters on the plate.
1790603356.514	
1790603356.514	The printing press was a mechanical device that used a combination of gravity and pressure to print the characters on the plate. The machine consisted of a wooden frame that held the plate in place, a metal plate that was etched with the characters, and a type of metal alloy that was used to print the characters. The type was used to print individual characters on the plate, and the machine was used to print the characters in a continuous flow.
1790603356.514	
1790603356.514	The printing press was a revolutionary innovation that enabled mass
1790603357.489	[🔗 ]  TCP connection established - Remote: 127.0.0.1:44960
1790603357.489	[TCP]  Read 54248 bytes from socket
1790603357.489	================================================
1790603357.489	[⬇️ ]  Incoming Request: POST
1790603357.489	[LOG]  Time stamp: 16:49:17 09:28:2026
1790603357.489	[LOG]  Target: /v1/completions
1790603357.489	[LOG]  Version: 11
1790603357.489	[LOG]  Keep-Alive: 1
1790603357.489	[LOG]  Body: 
1790603357.489	{
1790603357.489	    "max_tokens": 512,
1790603357.489	    "model": "llama3.2:1b",
1790603357.489	    "prompt": "The quick brown fox jumps over the lazy dog. The quick brown fox jumps over the lazy dog. The quick brown fox jumps over the lazy dog. The quick brown fox jumps over the lazy dog. The quick brown fox jumps over the lazy dog. The quick brown fox jumps over the lazy dog. The quick brown fox jumps over the lazy dog. The quick brown fox jumps over the lazy dog. The quick brown fox jumps over the lazy dog. The quick brown fox jumps over the lazy dog. The quick brown fox jumps over the lazy dog. The quick brown fox jumps over the lazy dog. The quick brown fox jumps over the lazy dog. The quick brown fox jumps over the lazy dog. The quick brown fox jumps over the lazy dog. The quick brown fox jumps over the lazy dog. The quick brown fox jumps over the lazy dog. The quick brown fox jumps over the lazy dog. The quick brown fox jumps over the lazy dog. The quick brown fox jumps over the lazy dog. The quick brown fox jumps over the lazy dog. The quick brown fox jumps over the lazy dog. The quick brown fox jumps over the lazy dog. The quick brown fox jumps over the lazy dog. The quick brown fox jumps over the lazy dog. The quick brown fox jumps over the lazy dog. The quick brown fox jumps over the lazy dog. The quick brown fox jumps over the lazy dog. The quick brown fox jumps over the lazy dog. The quick brown fox jumps over the lazy dog. The quick brown fox jumps over the lazy dog. The quick brown fox jumps over the lazy dog. The quick brown fox jumps over the lazy dog. The quick brown fox jumps over the lazy dog. The quick brown fox jumps over the lazy dog. The quick brown fox jumps over the lazy dog. The quick brown fox jumps over the lazy dog. The quick brown fox jumps over the lazy dog. The quick brown fox jumps over the lazy dog. The quick brown fox jumps over the lazy dog. The quick brown fox jumps over the lazy dog. The quick brown fox jumps over the lazy dog. The quick brown fox jumps over the lazy dog. The quick brown fox jumps over the lazy dog. The quick brown fox jumps over the lazy dog. The quick brown fox jumps over the lazy dog. The quick brown fox jumps over the lazy dog. The quick brown fox jumps over the lazy dog. The quick brown fox jumps over the lazy dog. The quick brown fox jumps over the lazy dog. The quick brown fox jumps over the lazy dog. The quick brown fox jumps over the lazy dog. The quick brown fox jumps over the lazy dog. The quick brown fox jumps over the lazy dog. The quick brown fox jumps over the lazy dog. The quick brown fox jumps over the lazy dog. The quick brown fox jumps over the lazy dog. The quick brown fox jumps over the lazy dog. The quick brown fox jumps over the lazy dog. The quick brown fox jumps over the lazy dog. The quick brown fox jumps over the lazy dog. The quick brown fox jumps over the lazy dog. The quick brown fox jumps over the lazy dog. The quick brown fox jumps over the lazy dog. The quick brown fox jumps over the lazy dog. The quick brown fox jumps over the lazy dog. The quick brown fox jumps over the lazy dog. The quick brown fox jumps over the lazy dog. The quick brown fox jumps over the lazy dog. The quick brown fox jumps over the lazy dog. The quick brown fox jumps over the lazy dog. The quick brown fox jumps over the lazy dog. The quick brown fox jumps over the lazy dog. The quick brown fox jumps over the lazy dog. The quick brown fox jumps over the lazy dog. The quick brown fox jumps over the lazy dog. The quick brown fox jumps over the lazy dog. The quick brown fox jumps over the lazy dog. The quick brown fox jumps over the lazy dog. The quick brown fox jumps over the lazy dog. The quick brown fox jumps over the lazy dog. The quick brown fox jumps over the lazy dog. The quick brown fox jumps over the lazy dog. The quick brown fox jumps over the lazy dog. The quick brown fox jumps over the lazy dog. The quick brown fox jumps over the lazy dog. The quick brown fox jumps over the lazy dog. The quick brown fox jumps over the lazy dog. The quick brown fox jumps over the lazy dog. The quick brown fox jumps over the lazy dog. The quick brown fox jumps over the lazy dog. The quick brown fox jumps over the lazy dog. The quick brown fox jumps over the lazy dog. The quick brown fox jumps over the lazy dog. The quick brown fox jumps over the lazy dog. The quick brown fox jumps over the lazy dog. The quick brown fox jumps over the lazy dog. The quick brown fox jumps over the lazy dog. The quick brown fox jumps over the lazy dog. The quick brown fox jumps over the lazy dog. The quick brown fox jumps over the lazy dog. The quick brown fox jumps over the lazy dog. The quick brown fox jumps over the lazy dog. The quick brown fox jumps over the lazy dog. The quick brown fox jumps over the lazy dog. The quick brown fox jumps over the lazy dog. The quick brown fox jumps over the lazy dog. The quick brown fox jumps over the lazy dog. The quick brown fox jumps over the lazy dog. The quick brown fox jumps over the lazy dog. The quick brown fox jumps over the lazy dog. The quick brown fox jumps over the lazy dog. The quick brown fox jumps over the lazy dog. The quick brown fox jumps over the lazy dog. The quick brown fox jumps over the lazy dog. The quick brown fox jumps over the lazy dog. The quick brown fox jumps over the lazy dog. The quick brown fox jumps over the lazy dog. The quick brown fox jumps over the lazy dog. The quick brown fox jumps over the lazy dog. The quick brown fox jumps over the lazy dog. The quick brown fox jumps over the lazy dog. The quick brown fox jumps over the lazy dog. The quick brown fox jumps over the lazy dog. The quick brown fox jumps over the lazy dog. The quick brown fox jumps over the lazy dog. The quick brown fox jumps over the lazy dog. The quick brown fox jumps over the lazy dog. The quick brown fox jumps over the lazy dog. The quick brown fox jumps over the lazy dog. The quick brown fox jumps over the lazy dog. The quick brown fox jumps over the lazy dog. The quick brown fox jumps over the lazy dog. The quick brown fox jumps over the lazy dog. The quick brown fox jumps over the lazy dog. The quick brown fox jumps over the lazy dog. The quick brown fox jumps over the lazy dog. The quick brown fox jumps over the lazy dog. The quick brown fox jumps over the lazy dog. The quick brown fox jumps over the lazy dog. The quick brown fox jumps over the lazy dog. The quick brown fox jumps over the lazy dog. The quick brown fox jumps over the lazy dog. The quick brown fox jumps over the lazy dog. The quick brown fox jumps over the lazy dog. The quick brown fox jumps over the lazy dog. The quick brown fox jumps over the lazy dog. The quick brown fox jumps over the lazy dog. The quick brown fox jumps over the lazy dog. The quick brown fox jumps over the lazy dog. The quick brown fox jumps over the lazy dog. The quick brown fox jumps over the lazy dog. The quick brown fox jumps over the lazy dog. The quick brown fox jumps over the lazy dog. The quick brown fox jumps over the lazy dog. The quick brown fox jumps over the lazy dog. The quick brown fox jumps over the lazy dog. The quick brown fox jumps over the lazy dog. The quick brown fox jumps over the lazy dog. The quick brown fox jumps over the lazy dog. The quick brown fox jumps over the lazy dog. The quick brown fox jumps over the lazy dog. The quick brown fox jumps over the lazy dog. The quick brown fox jumps over the lazy dog. The quick brown fox jumps over the lazy dog. The quick brown fox jumps over the lazy dog. The quick brown fox jumps over the lazy dog. The quick brown fox jumps over the lazy dog. The quick brown fox jumps over the lazy dog. The quick brown fox jumps over the lazy dog. The quick brown fox jumps over the lazy dog. The quick brown fox jumps over the lazy dog. The quick brown fox jumps over the lazy dog. The quick brown fox jumps over the lazy dog. The quick brown fox jumps over the lazy dog. The quick brown fox jumps over the lazy dog. The quick brown fox jumps over the lazy dog. The quick brown fox jumps over the lazy dog. The quick brown fox jumps over the lazy dog. The quick brown fox jumps over the lazy dog. The quick brown fox jumps over the lazy dog. The quick brown fox jumps over the lazy dog. The quick brown fox jumps over the lazy dog. The quick brown fox jumps over the lazy dog. The quick brown fox jumps over the lazy dog. The quick brown fox jumps over the lazy dog. The quick brown fox jumps over the lazy dog. The quick brown fox jumps over the lazy dog. The quick brown fox jumps over the lazy dog. The quick brown fox jumps over the lazy dog. The quick brown fox jumps over the lazy dog. The quick brown fox jumps over the lazy dog. The quick brown fox jumps over the lazy dog. The quick brown fox jumps over the lazy dog. The quick brown fox jumps over the lazy dog. The quick brown fox jumps over the lazy dog. The quick brown fox jumps over the lazy dog. The quick brown fox jumps over the lazy dog. The quick brown fox jumps over the lazy dog. The quick brown fox jumps over the lazy dog. The quick brown fox jumps over the lazy dog. The quick brown fox jumps over the lazy dog. The quick brown fox jumps over the lazy dog. The quick brown fox jumps over the lazy dog. The quick brown fox jumps over the lazy dog. The quick brown fox jumps over the lazy dog. The quick brown fox jumps over the lazy dog. The quick brown fox jumps over the lazy dog. The quick brown fox jumps over the lazy dog. The quick brown fox jumps over the lazy dog. The quick brown fox jumps over the lazy dog. The quick brown fox jumps over the lazy dog. The quick brown fox jumps over the lazy dog. The quick brown fox jumps over the lazy dog. The quick brown fox jumps over the lazy dog. The quick brown fox jumps over the lazy dog. The quick brown fox jumps over the lazy dog. The quick brown fox jumps over the lazy dog. The quick brown fox jumps over the lazy dog. The quick brown fox jumps over the lazy dog. The quick brown fox jumps over the lazy dog. The quick brown fox jumps over the lazy dog. The quick brown fox jumps over the lazy dog. The quick brown fox jumps over the lazy dog. The quick brown fox jumps over the lazy dog. The quick brown fox jumps over the lazy dog. The quick brown fox jumps over the lazy dog. The quick brown fox jumps over the lazy dog. The quick brown fox jumps over the lazy dog. The quick brown fox jumps over the lazy dog. The quick brown fox jumps over the lazy dog. The quick brown fox jumps over the lazy dog. The quick brown fox jumps over the lazy dog. The quick brown fox jumps over the lazy dog. The quick brown fox jumps over the lazy dog. The quick brown fox jumps over the lazy dog. The quick brown fox jumps over the lazy dog. The quick brown fox jumps over the lazy dog. The quick brown fox jumps over the lazy dog. The quick brown fox jumps over the lazy dog. The quick brown fox jumps over the lazy dog. The quick brown fox jumps over the lazy dog. The quick brown fox jumps over the lazy dog. The quick brown fox jumps over the lazy dog. The quick brown fox jumps over the lazy dog. The quick brown fox jumps over the lazy dog. The quick brown fox jumps over the lazy dog. The quick brown fox jumps over the lazy dog. The quick brown fox jumps over the lazy dog. The quick brown fox jumps over the lazy dog. The quick brown fox jumps over the lazy dog. The quick brown fox jumps over the lazy dog. The quick brown fox jumps over the lazy dog. The quick brown fox jumps over the lazy dog. The quick brown fox jumps over the lazy dog. The quick brown fox jumps over the lazy dog. The quick brown fox jumps over the lazy dog. The quick brown fox jumps over the lazy dog. The quick brown fox jumps over the lazy dog. The quick brown fox jumps over the lazy dog. The quick brown fox jumps over the lazy dog. The quick brown fox jumps over the lazy dog. The quick brown fox jumps over the lazy dog. The quick brown fox jumps over the lazy dog. The quick brown fox jumps over the lazy dog. The quick brown fox jumps over the lazy dog. The quick brown fox jumps over the lazy dog. The quick brown fox jumps over the lazy dog. The quick brown fox jumps over the lazy dog. The quick brown fox jumps over the lazy dog. The quick brown fox jumps over the lazy dog. The quick brown fox jumps over the lazy dog. The quick brown fox jumps over the lazy dog. The quick brown fox jumps over the lazy dog. The quick brown fox jumps over the lazy dog. The quick brown fox jumps over the lazy dog. The quick brown fox jumps over the lazy dog. The quick brown fox jumps over the lazy dog. The quick brown fox jumps over the lazy dog. The quick brown fox jumps over the lazy dog. The quick brown fox jumps over the lazy dog. The quick brown fox jumps over the lazy dog. The quick brown fox jumps over the lazy dog. The quick brown fox jumps over the lazy dog. The quick brown fox jumps over the lazy dog. The quick brown fox jumps over the lazy dog. The quick brown fox jumps over the lazy dog. The quick brown fox jumps over the lazy dog. The quick brown fox jumps over the lazy dog. The quick brown fox jumps over the lazy dog. The quick brown fox jumps over the lazy dog. The quick brown fox jumps over the lazy dog. The quick brown fox jumps over the lazy dog. The quick brown fox jumps over the lazy dog. The quick brown fox jumps over the lazy dog. The quick brown fox jumps over the lazy dog. The quick brown fox jumps over the lazy dog. The quick brown fox jumps over the lazy dog. The quick brown fox jumps over the lazy dog. The quick brown fox jumps over the lazy dog. The quick brown fox jumps over the lazy dog. The quick brown fox jumps over the lazy dog. The quick brown fox jumps over the lazy dog. The quick brown fox jumps over the lazy dog. The quick brown fox jumps over the lazy dog. The quick brown fox jumps over the lazy dog. The quick brown fox jumps over the lazy dog. The quick brown fox jumps over the lazy dog. The quick brown fox jumps over the lazy dog. The quick brown fox jumps over the lazy dog. The quick brown fox jumps over the lazy dog. The quick brown fox jumps over the lazy dog. The quick brown fox jumps over the lazy dog. The quick brown fox jumps over the lazy dog. The quick brown fox jumps over the lazy dog. The quick brown fox jumps over the lazy dog. The quick brown fox jumps over the lazy dog. The quick brown fox jumps over the lazy dog. The quick brown fox jumps over the lazy dog. The quick brown fox jumps over the lazy dog. The quick brown fox jumps over the lazy dog. The quick brown fox jumps over the lazy dog. The quick brown fox jumps over the lazy dog. The quick brown fox jumps over the lazy dog. The quick brown fox jumps over the lazy dog. The quick brown fox jumps over the lazy dog. The quick brown fox jumps over the lazy dog. The quick brown fox jumps over the lazy dog. The quick brown fox jumps over the lazy dog. The quick brown fox jumps over the lazy dog. The quick brown fox jumps over the lazy dog. The quick brown fox jumps over the lazy dog. The quick brown fox jumps over the lazy dog. The quick brown fox jumps over the lazy dog. The quick brown fox jumps over the lazy dog. The quick brown fox jumps over the lazy dog. The quick brown fox jumps over the lazy dog. The quick brown fox jumps over the lazy dog. The quick brown fox jumps over the lazy dog. The quick brown fox jumps over the lazy dog. The quick brown fox jumps over the lazy dog. The quick brown fox jumps over the lazy dog. The quick brown fox jumps over the lazy dog. The quick brown fox jumps over the lazy dog. The quick brown fox jumps over the lazy dog. The quick brown fox jumps over the lazy dog. The quick brown fox jumps over the lazy dog. The quick brown fox jumps over the lazy dog. The quick brown fox jumps over the lazy dog. The quick brown fox jumps over the lazy dog. The quick brown fox jumps over the lazy dog. The quick brown fox jumps over the lazy dog. The quick brown fox jumps over the lazy dog. The quick brown fox jumps over the lazy dog. The quick brown fox jumps over the lazy dog. The quick brown fox jumps over the lazy dog. The quick brown fox jumps over the lazy dog. The quick brown fox jumps over the lazy dog. The quick brown fox jumps over the lazy dog. The quick brown fox jumps over the lazy dog. The quick brown fox jumps over the lazy dog. The quick brown fox jumps over the lazy dog. The quick brown fox jumps over the lazy dog. The quick brown fox jumps over the lazy dog. The quick brown fox jumps over the lazy dog. The quick brown fox jumps over the lazy dog. The quick brown fox jumps over the lazy dog. The quick brown fox jumps over the lazy dog. The quick brown fox jumps over the lazy dog. The quick brown fox jumps over the lazy dog. The quick brown fox jumps over the lazy dog. The quick brown fox jumps over the lazy dog. The quick brown fox jumps over the lazy dog. The quick brown fox jumps over the lazy dog. The quick brown fox jumps over the lazy dog. The quick brown fox jumps over the lazy dog. The quick brown fox jumps over the lazy dog. The quick brown fox jumps over the lazy dog. The quick brown fox jumps over the lazy dog. The quick brown fox jumps over the lazy dog. The quick brown fox jumps over the lazy dog. The quick brown fox jumps over the lazy dog. The quick brown fox jumps over the lazy dog. The quick brown fox jumps over the lazy dog. The quick brown fox jumps over the lazy dog. The quick brown fox jumps over the lazy dog. The quick brown fox jumps over the lazy dog. The quick brown fox jumps over the lazy dog. The quick brown fox jumps over the lazy dog. The quick brown fox jumps over the lazy dog. The quick brown fox jumps over the lazy dog. The quick brown fox jumps over the lazy dog. The quick brown fox jumps over the lazy dog. The quick brown fox jumps over the lazy dog. The quick brown fox jumps over the lazy dog. The quick brown fox jumps over the lazy dog. The quick brown fox jumps over the lazy dog. The quick brown fox jumps over the lazy dog. The quick brown fox jumps over the lazy dog. The quick brown fox jumps over the lazy dog. The quick brown fox jumps over the lazy dog. The quick brown fox jumps over the lazy dog. The quick brown fox jumps over the lazy dog. The quick brown fox jumps over the lazy dog. The quick brown fox jumps over the lazy dog. The quick brown fox jumps over the lazy dog. The quick brown fox jumps over the lazy dog. The quick brown fox jumps over the lazy dog. The quick brown fox jumps over the lazy dog. The quick brown fox jumps over the lazy dog. The quick brown fox jumps over the lazy dog. The quick brown fox jumps over the lazy dog. The quick brown fox jumps over the lazy dog. The quick brown fox jumps over the lazy dog. The quick brown fox jumps over the lazy dog. The quick brown fox jumps over the lazy dog. The quick brown fox jumps over the lazy dog. The quick brown fox jumps over the lazy dog. The quick brown fox jumps over the lazy dog. The quick brown fox jumps over the lazy dog. The quick brown fox jumps over the lazy dog. The quick brown fox jumps over the lazy dog. The quick brown fox jumps over the lazy dog. The quick brown fox jumps over the lazy dog. The quick brown fox jumps over the lazy dog. The quick brown fox jumps over the lazy dog. The quick brown fox jumps over the lazy dog. The quick brown fox jumps over the lazy dog. The quick brown fox jumps over the lazy dog. The quick brown fox jumps over the lazy dog. The quick brown fox jumps over the lazy dog. The quick brown fox jumps over the lazy dog. The quick brown fox jumps over the lazy dog. The quick brown fox jumps over the lazy dog. The quick brown fox jumps over the lazy dog. The quick brown fox jumps over the lazy dog. The quick brown fox jumps over the lazy dog. The quick brown fox jumps over the lazy dog. The quick brown fox jumps over the lazy dog. The quick brown fox jumps over the lazy dog. The quick brown fox jumps over the lazy dog. The quick brown fox jumps over the lazy dog. The quick brown fox jumps over the lazy dog. The quick brown fox jumps over the lazy dog. The quick brown fox jumps over the lazy dog. The quick brown fox jumps over the lazy dog. The quick brown fox jumps over the lazy dog. The quick brown fox jumps over the lazy dog. The quick brown fox jumps over the lazy dog. The quick brown fox jumps over the lazy dog. The quick brown fox jumps over the lazy dog. The quick brown fox jumps over the lazy dog. The quick brown fox jumps over the lazy dog. The quick brown fox jumps over the lazy dog. The quick brown fox jumps over the lazy dog. The quick brown fox jumps over the lazy dog. The quick brown fox jumps over the lazy dog. The quick brown fox jumps over the lazy dog. The quick brown fox jumps over the lazy dog. The quick brown fox jumps over the lazy dog. The quick brown fox jumps over the lazy dog. The quick brown fox jumps over the lazy dog. The quick brown fox jumps over the lazy dog. The quick brown fox jumps over the lazy dog. The quick brown fox jumps over the lazy dog. The quick brown fox jumps over the lazy dog. The quick brown fox jumps over the lazy dog. The quick brown fox jumps over the lazy dog. The quick brown fox jumps over the lazy dog. The quick brown fox jumps over the lazy dog. The quick brown fox jumps over the lazy dog. The quick brown fox jumps over the lazy dog. The quick brown fox jumps over the lazy dog. The quick brown fox jumps over the lazy dog. The quick brown fox jumps over the lazy dog. The quick brown fox jumps over the lazy dog. The quick brown fox jumps over the lazy dog. The quick brown fox jumps over the lazy dog. The quick brown fox jumps over the lazy dog. The quick brown fox jumps over the lazy dog. The quick brown fox jumps over the lazy dog. The quick brown fox jumps over the lazy dog. The quick brown fox jumps over the lazy dog. The quick brown fox jumps over the lazy dog. The quick brown fox jumps over the lazy dog. The quick brown fox jumps over the lazy dog. The quick brown fox jumps over the lazy dog. The quick brown fox jumps over the lazy dog. The quick brown fox jumps over the lazy dog. The quick brown fox jumps over the lazy dog. The quick brown fox jumps over the lazy dog. The quick brown fox jumps over the lazy dog. The quick brown fox jumps over the lazy dog. The quick brown fox jumps over the lazy dog. The quick brown fox jumps over the lazy dog. The quick brown fox jumps over the lazy dog. The quick brown fox jumps over the lazy dog. The quick brown fox jumps over the lazy dog. The quick brown fox jumps over the lazy dog. The quick brown fox jumps over the lazy dog. The quick brown fox jumps over the lazy dog. The quick brown fox jumps over the lazy dog. The quick brown fox jumps over the lazy dog. The quick brown fox jumps over the lazy dog. The quick brown fox jumps over the lazy dog. The quick brown fox jumps over the lazy dog. The quick brown fox jumps over the lazy dog. The quick brown fox jumps over the lazy dog. The quick brown fox jumps over the lazy dog. The quick brown fox jumps over the lazy dog. The quick brown fox jumps over the lazy dog. The quick brown fox jumps over the lazy dog. The quick brown fox jumps over the lazy dog. The quick brown fox jumps over the lazy dog. The quick brown fox jumps over the lazy dog. The quick brown fox jumps over the lazy dog. The quick brown fox jumps over the lazy dog. The quick brown fox jumps over the lazy dog. The quick brown fox jumps over the lazy dog. The quick brown fox jumps over the lazy dog. The quick brown fox jumps over the lazy dog. The quick brown fox jumps over the lazy dog. The quick brown fox jumps over the lazy dog. The quick brown fox jumps over the lazy dog. The quick brown fox jumps over the lazy dog. The quick brown fox jumps over the lazy dog. The quick brown fox jumps over the lazy dog. The quick brown fox jumps over the lazy dog. The quick brown fox jumps over the lazy dog. The quick brown fox jumps over the lazy dog. The quick brown fox jumps over the lazy dog. The quick brown fox jumps over the lazy dog. The quick brown fox jumps over the lazy dog. The quick brown fox jumps over the lazy dog. The quick brown fox jumps over the lazy dog. The quick brown fox jumps over the lazy dog. The quick brown fox jumps over the lazy dog. The quick brown fox jumps over the lazy dog. The quick brown fox jumps over the lazy dog. The quick brown fox jumps over the lazy dog. The quick brown fox jumps over the lazy dog. The quick brown fox jumps over the lazy dog. The quick brown fox jumps over the lazy dog. The quick brown fox jumps over the lazy dog. The quick brown fox jumps over the lazy dog. The quick brown fox jumps over the lazy dog. The quick brown fox jumps over the lazy dog. The quick brown fox jumps over the lazy dog. The quick brown fox jumps over the lazy dog. The quick brown fox jumps over the lazy dog. The quick brown fox jumps over the lazy dog. The quick brown fox jumps over the lazy dog. The quick brown fox jumps over the lazy dog. The quick brown fox jumps over the lazy dog. The quick brown fox jumps over the lazy dog. The quick brown fox jumps over the lazy dog. The quick brown fox jumps over the lazy dog. The quick brown fox jumps over the lazy dog. The quick brown fox jumps over the lazy dog. The quick brown fox jumps over the lazy dog. The quick brown fox jumps over the lazy dog. The quick brown fox jumps over the lazy dog. The quick brown fox jumps over the lazy dog. The quick brown fox jumps over the lazy dog. The quick brown fox jumps over the lazy dog. The quick brown fox jumps over the lazy dog. The quick brown fox jumps over the lazy dog. The quick brown fox jumps over the lazy dog. The quick brown fox jumps over the lazy dog. The quick brown fox jumps over the lazy dog. The quick brown fox jumps over the lazy dog. The quick brown fox jumps over the lazy dog. The quick brown fox jumps over the lazy dog. The quick brown fox jumps over the lazy dog. The quick brown fox jumps over the lazy dog. The quick brown fox jumps over the lazy dog. The quick brown fox jumps over the lazy dog. The quick brown fox jumps over the lazy dog. The quick brown fox jumps over the lazy dog. The quick brown fox jumps over the lazy dog. The quick brown fox jumps over the lazy dog. The quick brown fox jumps over the lazy dog. The quick brown fox jumps over the lazy dog. The quick brown fox jumps over the lazy dog. The quick brown fox jumps over the lazy dog. The quick brown fox jumps over the lazy dog. The quick brown fox jumps over the lazy dog. The quick brown fox jumps over the lazy dog. The quick brown fox jumps over the lazy dog. The quick brown fox jumps over the lazy dog. The quick brown fox jumps over the lazy dog. The quick brown fox jumps over the lazy dog. The quick brown fox jumps over the lazy dog. The quick brown fox jumps over the lazy dog. The quick brown fox jumps over the lazy dog. The quick brown fox jumps over the lazy dog. The quick brown fox jumps over the lazy dog. The quick brown fox jumps over the lazy dog. The quick brown fox jumps over the lazy dog. The quick brown fox jumps over the lazy dog. The quick brown fox jumps over the lazy dog. The quick brown fox jumps over the lazy dog. The quick brown fox jumps over the lazy dog. The quick brown fox jumps over the lazy dog. The quick brown fox jumps over the lazy dog. The quick brown fox jumps over the lazy dog. The quick brown fox jumps over the lazy dog. The quick brown fox jumps over the lazy dog. The quick brown fox jumps over the lazy dog. The quick brown fox jumps over the lazy dog. The quick brown fox jumps over the lazy dog. The quick brown fox jumps over the lazy dog. The quick brown fox jumps over the lazy dog. The quick brown fox jumps over the lazy dog. The quick brown fox jumps over the lazy dog. The quick brown fox jumps over the lazy dog. The quick brown fox jumps over the lazy dog. The quick brown fox jumps over the lazy dog. The quick brown fox jumps over the lazy dog. The quick brown fox jumps over the lazy dog. The quick brown fox jumps over the lazy dog. The quick brown fox jumps over the lazy dog. The quick brown fox jumps over the lazy dog. The quick brown fox jumps over the lazy dog. The quick brown fox jumps over the lazy dog. The quick brown fox jumps over the lazy dog. The quick brown fox jumps over the lazy dog. The quick brown fox jumps over the lazy dog. The quick brown fox jumps over the lazy dog. The quick brown fox jumps over the lazy dog. The quick brown fox jumps over the lazy dog. The quick brown fox jumps over the lazy dog. The quick brown fox jumps over the lazy dog. The quick brown fox jumps over the lazy dog. The quick brown fox jumps over the lazy dog. The quick brown fox jumps over the lazy dog. The quick brown fox jumps over the lazy dog. The quick brown fox jumps over the lazy dog. The quick brown fox jumps over the lazy dog. The quick brown fox jumps over the lazy dog. The quick brown fox jumps over the lazy dog. The quick brown fox jumps over the lazy dog. The quick brown fox jumps over the lazy dog. The quick brown fox jumps over the lazy dog. The quick brown fox jumps over the lazy dog. The quick brown fox jumps over the lazy dog. The quick brown fox jumps over the lazy dog. The quick brown fox jumps over the lazy dog. The quick brown fox jumps over the lazy dog. The quick brown fox jumps over the lazy dog. The quick brown fox jumps over the lazy dog. The quick brown fox jumps over the lazy dog. The quick brown fox jumps over the lazy dog. The quick brown fox jumps over the lazy dog. The quick brown fox jumps over the lazy dog. The quick brown fox jumps over the lazy dog. The quick brown fox jumps over the lazy dog. The quick brown fox jumps over the lazy dog. The quick brown fox jumps over the lazy dog. The quick brown fox jumps over the lazy dog. The quick brown fox jumps over the lazy dog. The quick brown fox jumps over the lazy dog. The quick brown fox jumps over the lazy dog. The quick brown fox jumps over the lazy dog. The quick brown fox jumps over the lazy dog. The quick brown fox jumps over the lazy dog. The quick brown fox jumps over the lazy dog. The quick brown fox jumps over the lazy dog. The quick brown fox jumps over the lazy dog. The quick brown fox jumps over the lazy dog. The quick brown fox jumps over the lazy dog. The quick brown fox jumps over the lazy dog. The quick brown fox jumps over the lazy dog. The quick brown fox jumps over the lazy dog. The quick brown fox jumps over the lazy dog. The quick brown fox jumps over the lazy dog. The quick brown fox jumps over the lazy dog. The quick brown fox jumps over the lazy dog. The quick brown fox jumps over the lazy dog. The quick brown fox jumps over the lazy dog. The quick brown fox jumps over the lazy dog. The quick brown fox jumps over the lazy dog. The quick brown fox jumps over the lazy dog. The quick brown fox jumps over the lazy dog. The quick brown fox jumps over the lazy dog. The quick brown fox jumps over the lazy dog. The quick brown fox jumps over the lazy dog. The quick brown fox jumps over the lazy dog. The quick brown fox jumps over the lazy dog. The quick brown fox jumps over the lazy dog. The quick brown fox jumps over the lazy dog. The quick brown fox jumps over the lazy dog. The quick brown fox jumps over the lazy dog. The quick brown fox jumps over the lazy dog. The quick brown fox jumps over the lazy dog. The quick brown fox jumps over the lazy dog. The quick brown fox jumps over the lazy dog. The quick brown fox jumps over the lazy dog. The quick brown fox jumps over the lazy dog. The quick brown fox jumps over the lazy dog. The quick brown fox jumps over the lazy dog. The quick brown fox jumps over the lazy dog. The quick brown fox jumps over the lazy dog. The quick brown fox jumps over the lazy dog. The quick brown fox jumps over the lazy dog. The quick brown fox jumps over the lazy dog. The quick brown fox jumps over the lazy dog. The quick brown fox jumps over the lazy dog. The quick brown fox jumps over the lazy dog. The quick brown fox jumps over the lazy dog. The quick brown fox jumps over the lazy dog. The quick brown fox jumps over the lazy dog. The quick brown fox jumps over the lazy dog. The quick brown fox jumps over the lazy dog. The quick brown fox jumps over the lazy dog. The quick brown fox jumps over the lazy dog. The quick brown fox jumps over the lazy dog. The quick brown fox jumps over the lazy dog. The quick brown fox jumps over the lazy dog. The quick brown fox jumps over the lazy dog. The quick brown fox jumps over the lazy dog. The quick brown fox jumps over the lazy dog. The quick brown fox jumps over the lazy dog. The quick brown fox jumps over the lazy dog. The quick brown fox jumps over the lazy dog. The quick brown fox jumps over the lazy dog. The quick brown fox jumps over the lazy dog. The quick brown fox jumps over the lazy dog. The quick brown fox jumps over the lazy dog. The quick brown fox jumps over the lazy dog. The quick brown fox jumps over the lazy dog. The quick brown fox jumps over the lazy dog. The quick brown fox jumps over the lazy dog. The quick brown fox jumps over the lazy dog. The quick brown fox jumps over the lazy dog. The quick brown fox jumps over the lazy dog. The quick brown fox jumps over the lazy dog. The quick brown fox jumps over the lazy dog. The quick brown fox jumps over the lazy dog. The quick brown fox jumps over the lazy dog. The quick brown fox jumps over the lazy dog. The quick brown fox jumps over the lazy dog. The quick brown fox jumps over the lazy dog. The quick brown fox jumps over the lazy dog. The quick brown fox jumps over the lazy dog. The quick brown fox jumps over the lazy dog. The quick brown fox jumps over the lazy dog. The quick brown fox jumps over the lazy dog. The quick brown fox jumps over the lazy dog. The quick brown fox jumps over the lazy dog. The quick brown fox jumps over the lazy dog. The quick brown fox jumps over the lazy dog. The quick brown fox jumps over the lazy dog. The quick brown fox jumps over the lazy dog. The quick brown fox jumps over the lazy dog. The quick brown fox jumps over the lazy dog. The quick brown fox jumps over the lazy dog. The quick brown fox jumps over the lazy dog. The quick brown fox jumps over the lazy dog. The quick brown fox jumps over the lazy dog. The quick brown fox jumps over the lazy dog. The quick brown fox jumps over the lazy dog. The quick brown fox jumps over the lazy dog. The quick brown fox jumps over the lazy dog. The quick brown fox jumps over the lazy dog. The quick brown fox jumps over the lazy dog. The quick brown fox jumps over the lazy dog. The quick brown fox jumps over the lazy dog. The quick brown fox jumps over the lazy dog. The quick brown fox jumps over the lazy dog. The quick brown fox jumps over the lazy dog. The quick brown fox jumps over the lazy dog. The quick brown fox jumps over the lazy dog. The quick brown fox jumps over the lazy dog. The quick brown fox jumps over the lazy dog. The quick brown fox jumps over the lazy dog. The quick brown fox jumps over the lazy dog. The quick brown fox jumps over the lazy dog. The quick brown fox jumps over the lazy dog. The quick brown fox jumps over the lazy dog. The quick brown fox jumps over the lazy dog. The quick brown fox jumps over the lazy dog. The quick brown fox jumps over the lazy dog. The quick brown fox jumps over the lazy dog. The quick brown fox jumps over the lazy dog. The quick brown fox jumps over the lazy dog. The quick brown fox jumps over the lazy dog. The quick brown fox jumps over the lazy dog. The quick brown fox jumps over the lazy dog. The quick brown fox jumps over the lazy dog. The quick brown fox jumps over the lazy dog. The quick brown fox jumps over the lazy dog. The quick brown fox jumps over the lazy dog. The quick brown fox jumps over the lazy dog. The quick brown fox jumps over the lazy dog. The quick brown fox jumps over the lazy dog. The quick brown fox jumps over the lazy dog. The quick brown fox jumps over the lazy dog. The quick brown fox jumps over the lazy dog. The quick brown fox jumps over the lazy dog. The quick brown fox jumps over the lazy dog. The quick brown fox jumps over the lazy dog. The quick brown fox jumps over the lazy dog. The quick brown fox jumps over the lazy dog. The quick brown fox jumps over the lazy dog. The quick brown fox jumps over the lazy dog. The quick brown fox jumps over the lazy dog. The quick brown fox jumps over the lazy dog. The quick brown fox jumps over the lazy dog. The quick brown fox jumps over the lazy dog. The quick brown fox jumps over the lazy dog. The quick brown fox jumps over the lazy dog. The quick brown fox jumps over the lazy dog. The quick brown fox jumps over the lazy dog. The quick brown fox jumps over the lazy dog. The quick brown fox jumps over the lazy dog. The quick brown fox jumps over the lazy dog. The quick brown fox jumps over the lazy dog. The quick brown fox jumps over the lazy dog. The quick brown fox jumps over the lazy dog. The quick brown fox jumps over the lazy dog. The quick brown fox jumps over the lazy dog. The quick brown fox jumps over the lazy dog. The quick brown fox jumps over the lazy dog. The quick brown fox jumps over the lazy dog. The quick brown fox jumps over the lazy dog. The quick brown fox jumps over the lazy dog. The quick brown fox jumps over the lazy dog. The quick brown fox jumps over the lazy dog. The quick brown fox jumps over the lazy dog. The quick brown fox jumps over the lazy dog. The quick brown fox jumps over the lazy dog. The quick brown fox jumps over the lazy dog. The quick brown fox jumps over the lazy dog. The quick brown fox jumps over the lazy dog. The quick brown fox jumps over the lazy dog. The quick brown fox jumps over the lazy dog. The quick brown fox jumps over the lazy dog. The quick brown fox jumps over the lazy dog. The quick brown fox jumps over the lazy dog. The quick brown fox jumps over the lazy dog. The quick brown fox jumps over the lazy dog. The quick brown fox jumps over the lazy dog. The quick brown fox jumps over the lazy dog. The quick brown fox jumps over the lazy dog. The quick brown fox jumps over the lazy dog. The quick brown fox jumps over the lazy dog. The quick brown fox jumps over the lazy dog. The quick brown fox jumps over the lazy dog. The quick brown fox jumps over the lazy dog. The quick brown fox jumps over the lazy dog. The quick brown fox jumps over the lazy dog. The quick brown fox jumps over the lazy dog. The quick brown fox jumps over the lazy dog. The quick brown fox jumps over the lazy dog. The quick brown fox jumps over the lazy dog. The quick brown fox jumps over the lazy dog. The quick brown fox jumps over the lazy dog. The quick brown fox jumps over the lazy dog. The quick brown fox jumps over the lazy dog. The quick brown fox jumps over the lazy dog. The quick brown fox jumps over the lazy dog. The quick brown fox jumps over the lazy dog. The quick brown fox jumps over the lazy dog. The quick brown fox jumps over the lazy dog. The quick brown fox jumps over the lazy dog. The quick brown fox jumps over the lazy dog. The quick brown fox jumps over the lazy dog. The quick brown fox jumps over the lazy dog. The quick brown fox jumps over the lazy dog. The quick brown fox jumps over the lazy dog. The quick brown fox jumps over the lazy dog. The quick brown fox jumps over the lazy dog. The quick brown fox jumps over the lazy dog. The quick brown fox jumps over the lazy dog. The quick brown fox jumps over the lazy dog. The quick brown fox jumps over the lazy dog. The quick brown fox jumps over the lazy dog. The quick brown fox jumps over the lazy dog. The quick brown fox jumps over the lazy dog. The quick brown fox jumps over the lazy dog. The quick brown fox jumps over the lazy dog. The quick brown fox jumps over the lazy dog. The quick brown fox jumps over the lazy dog. The quick brown fox jumps over the lazy dog. The quick brown fox jumps over the lazy dog. The quick brown fox jumps over the lazy dog. The quick brown fox jumps over the lazy dog. The quick brown fox jumps over the lazy dog. The quick brown fox jumps over the lazy dog. The quick brown fox jumps over the lazy dog. The quick brown fox jumps over the lazy dog. The quick brown fox jumps over the lazy dog. The quick brown fox jumps over the lazy dog. The quick brown fox jumps over the lazy dog. The quick brown fox jumps over the lazy dog. The quick brown fox jumps over the lazy dog. The quick brown fox jumps over the lazy dog. The quick brown fox jumps over the lazy dog. The quick brown fox jumps over the lazy dog. The quick brown fox jumps over the lazy dog. The quick brown fox jumps over the lazy dog. The quick brown fox jumps over the lazy dog. The quick brown fox jumps over the lazy dog. The quick brown fox jumps over the lazy dog. The quick brown fox jumps over the lazy dog. The quick brown fox jumps over the lazy dog. The quick brown fox jumps over the lazy dog. The quick brown fox jumps over the lazy dog. The quick brown fox jumps over the lazy dog. The quick brown fox jumps over the lazy dog. The quick brown fox jumps over the lazy dog. The quick brown fox jumps over the lazy dog. The quick brown fox jumps over the lazy dog. The quick brown fox jumps over the lazy dog. The quick brown fox jumps over the lazy dog. The quick brown fox jumps over the lazy dog. The quick brown fox jumps over the lazy dog. The quick brown fox jumps over the lazy dog. The quick brown fox jumps over the lazy dog. The quick brown fox jumps over the lazy dog. The quick brown fox jumps over the lazy dog. The quick brown fox jumps over the lazy dog. The quick brown fox jumps over the lazy dog. The quick brown fox jumps over the lazy dog. The quick brown fox jumps over the lazy dog. The quick brown fox jumps over the lazy dog. The quick brown fox jumps over the lazy dog. The quick brown fox jumps over the lazy dog. The quick brown fox jumps over the lazy dog. The quick brown fox jumps over the lazy dog. The quick brown fox jumps over the lazy dog. The quick brown fox jumps over the lazy dog. The quick brown fox jumps over the lazy dog. The quick brown fox jumps over the lazy dog. The quick brown fox jumps over the lazy dog. The quick brown fox jumps over the lazy dog. The quick brown fox jumps over the lazy dog. The quick brown fox jumps over the lazy dog. The quick brown fox jumps over the lazy dog. The quick brown fox jumps over the lazy dog. The quick brown fox jumps over the lazy dog. The quick brown fox jumps over the lazy dog. The quick brown fox jumps over the lazy dog. The quick brown fox jumps over the lazy dog. The quick brown fox jumps over the lazy dog. The quick brown fox jumps over the lazy dog. The quick brown fox jumps over the lazy dog. The quick brown fox jumps over the lazy dog. The quick brown fox jumps over the lazy dog. The quick brown fox jumps over the lazy dog. The quick brown fox jumps over the lazy dog. The quick brown fox jumps over the lazy dog. The quick brown fox jumps over the lazy dog. The quick brown fox jumps over the lazy dog. The quick brown fox jumps over the lazy dog. The quick brown fox jumps over the lazy dog. The quick brown fox jumps over the lazy dog. The quick brown fox jumps over the lazy dog. The quick brown fox jumps over the lazy dog. The quick brown fox jumps over the lazy dog. The quick brown fox jumps over the lazy dog. The quick brown fox jumps over the lazy dog. The quick brown fox jumps over the lazy dog. The quick brown fox jumps over the lazy dog. The quick brown fox jumps over the lazy dog. The quick brown fox jumps over the lazy dog. The quick brown fox jumps over the lazy dog. The quick brown fox jumps over the lazy dog. The quick brown fox jumps over the lazy dog. The quick brown fox jumps over the lazy dog. The quick brown fox jumps over the lazy dog. The quick brown fox jumps over the lazy dog. The quick brown fox jumps over the lazy dog. The quick brown fox jumps over the lazy dog. The quick brown fox jumps over the lazy dog. The quick brown fox jumps over the lazy dog. The quick brown fox jumps over the lazy dog. The quick brown fox jumps over the lazy dog. The quick brown fox jumps over the lazy dog. The quick brown fox jumps over the lazy dog. The quick brown fox jumps over the lazy dog. The quick brown fox jumps over the lazy dog. The quick brown fox jumps over the lazy dog. The quick brown fox jumps over the lazy dog. The quick brown fox jumps over the lazy dog. The quick brown fox jumps over the lazy dog. The quick brown fox jumps over the lazy dog. The quick brown fox jumps over the lazy dog. The quick brown fox jumps over the lazy dog. The quick brown fox jumps over the lazy dog. The quick brown fox jumps over the lazy dog. The quick brown fox jumps over the lazy dog. The quick brown fox jumps over the lazy dog. The quick brown fox jumps over the lazy dog. The quick brown fox jumps over the lazy dog. The quick brown fox jumps over the lazy dog. The quick brown fox jumps over the lazy dog. The quick brown fox jumps over the lazy dog. The quick brown fox jumps over the lazy dog. The quick brown fox jumps over the lazy dog. The quick brown fox jumps over the lazy dog. The quick brown fox jumps over the lazy dog. The quick brown fox jumps over the lazy dog. The quick brown fox jumps over the lazy dog. The quick brown fox jumps over the lazy dog. The quick brown fox jumps over the lazy dog. The quick brown fox jumps over the lazy dog. The quick brown fox jumps over the lazy dog. The quick brown fox jumps over the lazy dog. The quick brown fox jumps over the lazy dog. The quick brown fox jumps over the lazy dog. The quick brown fox jumps over the lazy dog. The quick brown fox jumps over the lazy dog. The quick brown fox jumps over the lazy dog. The quick brown fox jumps over the lazy dog. The quick brown fox jumps over the lazy dog. The quick brown fox jumps over the lazy dog. The quick brown fox jumps over the lazy dog. The quick brown fox jumps over the lazy dog. The quick brown fox jumps over the lazy dog. The quick brown fox jumps over the lazy dog. The quick brown fox jumps over the lazy dog. The quick brown fox jumps over the lazy dog. The quick brown fox jumps over the lazy dog. The quick brown fox jumps over the lazy dog. The quick brown fox jumps over the lazy dog. The quick brown fox jumps over the lazy dog. The quick brown fox jumps over the lazy dog. The quick brown fox jumps over the lazy dog. The quick brown fox jumps over the lazy dog. The quick brown fox jumps over the lazy dog. The quick brown fox jumps over the lazy dog. The quick brown fox jumps over the lazy dog. The quick brown fox jumps over the lazy dog. The quick brown fox jumps over the lazy dog. The quick brown fox jumps over the lazy dog. The quick brown fox jumps over the lazy dog. The quick brown fox jumps over the lazy dog. The quick brown fox jumps over the lazy dog. The quick brown fox jumps over the lazy dog. The quick brown fox jumps over the lazy dog. The quick brown fox jumps over the lazy dog. The quick brown fox jumps over the lazy dog. The quick brown fox jumps over the lazy dog. The quick brown fox jumps over the lazy dog. The quick brown fox jumps over the lazy dog. The quick brown fox jumps over the lazy dog. The quick brown fox jumps over the lazy dog. The quick brown fox jumps over the lazy dog. The quick brown fox jumps over the lazy dog. The quick brown fox jumps over the lazy dog. The quick brown fox jumps over the lazy dog. The quick brown fox jumps over the lazy dog. The quick brown fox jumps over the lazy dog. The quick brown fox jumps over the lazy dog. The quick brown fox jumps over the lazy dog. The quick brown fox jumps over the lazy dog. The quick brown fox jumps over the lazy dog. The quick brown fox jumps over the lazy dog. The quick brown fox jumps over the lazy dog. The quick brown fox jumps over the lazy dog. The quick brown fox jumps over the lazy dog. The quick brown fox jumps over the lazy dog. The quick brown fox jumps over the lazy dog. The quick brown fox jumps over the lazy dog. The quick brown fox jumps over the lazy dog. The quick brown fox jumps over the lazy dog. The quick brown fox jumps over the lazy dog. The quick brown fox jumps over the lazy dog. The quick brown fox jumps over the lazy dog. The quick brown fox jumps over the lazy dog. The quick brown fox jumps over the lazy dog. The quick brown fox jumps over the lazy dog. The quick brown fox jumps over the lazy dog. The quick brown fox jumps over the lazy dog. The quick brown fox jumps over the lazy dog. The quick brown fox jumps over the lazy dog. The quick brown fox jumps over the lazy dog. The quick brown fox jumps over the lazy dog. The quick brown fox jumps over the lazy dog. The quick brown fox jumps over the lazy dog. The quick brown fox jumps over the lazy dog. The quick brown fox jumps over the lazy dog. The quick brown fox jumps over the lazy dog. The quick brown fox jumps over the lazy dog. The quick brown fox jumps over the lazy dog. The quick brown fox jumps over the lazy dog. The quick brown fox jumps over the lazy dog. The quick brown fox jumps over the lazy dog. The quick brown fox jumps over the lazy dog. The quick brown fox jumps over the lazy dog. The quick brown fox jumps over the lazy dog. The quick brown fox jumps over the lazy dog. The quick brown fox jumps over the lazy dog. The quick brown fox jumps over the lazy dog. The quick brown fox jumps over the lazy dog. The quick brown fox jumps over the lazy dog. The quick brown fox jumps over the lazy dog. The quick brown fox jumps over the lazy dog. The quick brown fox jumps over the lazy dog. The quick brown fox jumps over the lazy dog. The quick brown fox jumps over the lazy dog. The quick brown fox jumps over the lazy dog. The quick brown fox jumps over the lazy dog. The quick brown fox jumps over the lazy dog. The quick brown fox jumps over the lazy dog. The quick brown fox jumps over the lazy dog. The quick brown fox jumps over the lazy dog. The quick brown fox jumps over the lazy dog. The quick brown fox jumps over the lazy dog. The quick brown fox jumps over the lazy dog. The quick brown fox jumps over the lazy dog. The quick brown fox jumps over the lazy dog. The quick brown fox jumps over the lazy dog. The quick brown fox jumps over the lazy dog. The quick brown fox jumps over the lazy dog. The quick brown fox jumps over the lazy dog. The quick brown fox jumps over the lazy dog. The quick brown fox jumps over the lazy dog. The quick brown fox jumps over the lazy dog. The quick brown fox jumps over the lazy dog. The quick brown fox jumps over the lazy dog. The quick brown fox jumps over the lazy dog. The quick brown fox jumps over the lazy dog. The quick brown fox jumps over the lazy dog. The quick brown fox jumps over the lazy dog. The quick brown fox jumps over the lazy dog. The quick brown fox jumps over the lazy dog. The quick brown fox jumps over the lazy dog. The quick brown fox jumps over the lazy dog. The quick brown fox jumps over the lazy dog. The quick brown fox jumps over the lazy dog. The quick brown fox jumps over the lazy dog. The quick brown fox jumps over the lazy dog. The quick brown fox jumps over the lazy dog. The quick brown fox jumps over the lazy dog. The quick brown fox jumps over the lazy dog. The quick brown fox jumps over the lazy dog. The quick brown fox jumps over the lazy dog. The quick brown fox jumps over the lazy dog. The quick brown fox jumps over the lazy dog. The quick brown fox jumps over the lazy dog. The quick brown fox jumps over the lazy dog. The quick brown fox jumps over the lazy dog. The quick brown fox jumps over the lazy dog. The quick brown fox jumps over the lazy dog. The quick brown fox jumps over the lazy dog. The quick brown fox jumps over the lazy dog. The quick brown fox jumps over the lazy dog. The quick brown fox jumps over the lazy dog. The quick brown fox jumps over the lazy dog. The quick brown fox jumps over the lazy dog. The quick brown fox jumps over the lazy dog. The quick brown fox jumps over the lazy dog. The quick brown fox jumps over the lazy dog. The quick brown fox jumps over the lazy dog. The quick brown fox jumps over the lazy dog. The quick brown fox jumps over the lazy dog. The quick brown fox jumps over the lazy dog. The quick brown fox jumps over the lazy dog. The quick brown fox jumps over the lazy dog. The quick brown fox jumps over the lazy dog. The quick brown fox jumps over the lazy dog. The quick brown fox jumps over the lazy dog. The quick brown fox jumps over the lazy dog. The quick brown fox jumps over the lazy dog. The quick brown fox jumps over the lazy dog. The quick brown fox jumps over the lazy dog. The quick brown fox jumps over the lazy dog. The quick brown fox jumps over the lazy dog. The quick brown fox jumps over the lazy dog. The quick brown fox jumps over the lazy dog. The quick brown fox jumps over the lazy dog. The quick brown fox jumps over the lazy dog. The quick brown fox jumps over the lazy dog. The quick brown fox jumps over the lazy dog. The quick brown fox jumps over the lazy dog. The quick brown fox jumps over the lazy dog. The quick brown fox jumps over the lazy dog. The quick brown fox jumps over the lazy dog. The quick brown fox jumps over the lazy dog. The quick brown fox jumps over the lazy dog. The quick brown fox jumps over the lazy dog. The quick brown fox jumps over the lazy dog. The quick brown fox jumps over the lazy dog. The quick brown fox jumps over the lazy dog. The quick brown fox jumps over the lazy dog. The quick brown fox jumps over the lazy dog. The quick brown fox jumps over the lazy dog. The quick brown fox jumps over the lazy dog. The quick brown fox jumps over the lazy dog. The quick brown fox jumps over the lazy dog. The quick brown fox jumps over the lazy dog. The quick brown fox jumps over the lazy dog. The quick brown fox jumps over the lazy dog. The quick brown fox jumps over the lazy dog. The quick brown fox jumps over the lazy dog. The quick brown fox jumps over the lazy dog. The quick brown fox jumps over the lazy dog. Summarise the text above.",
1790603357.489	    "stream": true,
1790603357.489	    "top_k": 1
1790603357.489	}
1790603357.489	[FLM]  Start generating...
1790603357.497	[FLM]  Prefill chunk 1/3 with 4096 tokens
1790603357.789	[🔴 ]  Client disconnected; cancelling active request
1790603359.277	[FLM]  Prefill chunk 2/3 with 4096 tokens
1790603361.694	[FLM]  Prefill chunk 3/3 with 3850 tokens
1790603365.095	
1790603365.095	[FLM]  Model RAW Output: 
1790603365.095	The quick brown fox jumps over the lazy dog.
1790603365.902	[🔗 ]  TCP connection established - Remote: 127.0.0.1:42424
1790603365.902	[TCP]  Read 324 bytes from socket
1790603365.902	================================================
1790603365.902	[⬇️ ]  Incoming Request: POST
1790603365.902	[LOG]  Time stamp: 16:49:25 09:28:2026
1790603365.902	[LOG]  Target: /api/generate
1790603365.902	[LOG]  Version: 11
1790603365.902	[LOG]  Keep-Alive: 1
1790603365.903	[LOG]  Body: 
1790603365.903	{
1790603365.903	    "max_tokens": 512,
1790603365.903	    "model": "llama3.2:1b",
1790603365.903	    "options": {
1790603365.903	        "num_predict": 512
1790603365.903	    },
1790603365.903	    "prompt": "Write a detailed essay of at least 2000 words on the history of the printing press.",
1790603365.903	    "stream": false
1790603365.903	}
1790603365.903	[🟢 ]  NPU Locked!
1790603365.903	[FLM]  Start generating...
1790603365.903	[FLM]  Prefill chunk 1/1 with 54 tokens
1790603376.159	
1790603376.159	[FLM]  Model RAW Output: 
1790603376.159	The History of the Printing Press: A Revolutionary Innovation
1790603376.159	
1790603376.159	The printing press, invented by Johannes Gutenberg in the 15th century, was a game-changing innovation that revolutionized the way people communicated, learned, and created. This remarkable device, which combined the principles of movable type and mechanical pressure, enabled mass production of books, pamphlets, and other written materials, transforming the world of knowledge and culture. In this essay, we will delve into the fascinating history of the printing press, exploring its development, evolution, and impact on society.
1790603376.159	
1790603376.159	The Early Days of Printing
1790603376.159	
1790603376.159	The concept of printing dates back to ancient China, where paper was first invented in the 2nd century AD. The first known printed book was the "Bamboo Book," a collection of Buddhist scriptures that was printed on paper in the 8th century. However, it was not until the 15th century that the printing press began to take shape. In 1450, Johannes Gutenberg, a German goldsmith and printer, invented the first movable-type printing press. This innovative device allowed individual characters to be rearranged to form different words and phrases, making it possible to print large quantities of text.
1790603376.159	
1790603376.159	Gutenberg's Printing Press
1790603376.159	
1790603376.159	Gutenberg's printing press was a significant improvement over earlier forms of printing, such as the hand-carved wooden blocks used by monks in the 10th century. The movable-type press allowed for greater flexibility and efficiency, enabling printers to produce high-quality copies quickly and at a lower cost. The press consisted of a wooden frame, a metal plate, and a type of metal alloy that was used to create the individual characters. The characters were arranged in a specific order, with each character having a unique shape and size.
1790603376.159	
1790603376.159	The first printed book, the Gutenberg Bible, was published in 1455. It was a large, 1,286-page volume that contained the Latin Vulgate, the standard text of the Bible at the time. The book was printed in gold and silver ink on high-quality paper, and it quickly became a bestseller. The Gutenberg Bible was a groundbreaking work that marked the beginning of the printing press era. It was the first book to use the movable-type press, and it paved the way for the mass production of books.
1790603376.159	
1790603376.159	The Spread of the Printing Press
1790603376.159	
1790603376.159	The printing press was not limited to Europe. It was also used in other parts of the world, such as China, where it was adopted by Buddhist monks and scholars. The printing press was a powerful tool for spreading knowledge and ideas, and it played a significant
1790603376.159	[🔵 ]  NPU Lock Released!
1790603376.159	================================================
1790603376.159	[🔒 ]  TCP connection closed - Remote: 127.0.0.1:42424
1790603376.191	[🔗 ]  TCP connection established - Remote: 127.0.0.1:38298
1790603376.191	[TCP]  Read 324 bytes from socket
1790603376.191	================================================
1790603376.191	[⬇️ ]  Incoming Request: POST
1790603376.191	[LOG]  Time stamp: 16:49:36 09:28:2026
1790603376.191	[LOG]  Target: /api/generate
1790603376.191	[LOG]  Version: 11
1790603376.191	[LOG]  Keep-Alive: 1
1790603376.191	[LOG]  Body: 
1790603376.191	{
1790603376.191	    "max_tokens": 512,
1790603376.191	    "model": "llama3.2:1b",
1790603376.191	    "options": {
1790603376.191	        "num_predict": 512
1790603376.191	    },
1790603376.191	    "prompt": "Write a detailed essay of at least 2000 words on the history of the printing press.",
1790603376.191	    "stream": false
1790603376.191	}
1790603376.191	[🟢 ]  NPU Locked!
1790603376.191	[FLM]  Start generating...
1790603376.192	[FLM]  Conversation context diverged from cache, clearing context...
1790603376.193	[FLM]  Prefill chunk 1/1 with 54 tokens
1790603378.191	[🔴 ]  Client disconnected; cancelling active request
1790603378.192	[🔗 ]  TCP connection established - Remote: 127.0.0.1:38312
1790603378.192	[TCP]  Read 268 bytes from socket
1790603378.192	================================================
1790603378.192	[⬇️ ]  Incoming Request: POST
1790603378.192	[LOG]  Time stamp: 16:49:38 09:28:2026
1790603378.192	[LOG]  Target: /api/chat
1790603378.192	[LOG]  Version: 11
1790603378.192	[LOG]  Keep-Alive: 1
1790603378.192	[LOG]  Body: 
1790603378.192	{
1790603378.192	    "messages": [
1790603378.192	        {
1790603378.192	            "content": "Say hi.",
1790603378.192	            "role": "user"
1790603378.192	        }
1790603378.192	    ],
1790603378.192	    "model": "llama3.2:1b",
1790603378.192	    "options": {
1790603378.192	        "num_predict": 4
1790603378.192	    },
1790603378.192	    "stream": false,
1790603378.192	    "top_k": 1
1790603378.192	}
1790603378.192	[🕒 ]  NPU busy, request queued (1/10): POST /api/chat
1790603384.666	
1790603384.667	[FLM]  Model RAW Output: 
1790603384.667	The History of the Printing Press: A Revolutionary Innovation
1790603384.667	
1790603384.667	The printing press, invented by Johannes Gutenberg in the 15th century, was a game-changing innovation that revolutionized the way people communicated, learned, and created. This remarkable device, which combined the principles of movable type and mechanical pressure, enabled mass production of printed materials, transforming the world in ways that were both profound and far-reaching. In this essay, we will delve into the fascinating history of the printing press, exploring its development, evolution, and impact on society.
1790603384.667	
1790603384.667	The Early Days of Printing
1790603384.667	
1790603384.667	The concept of printing dates back to ancient China, where paper was first invented in the 2nd century AD. The first known printed book was the "Bamboo Book," a collection of Buddhist scriptures that was printed on paper in the 8th century. However, it was not until the 10th century that the first movable-type printing press was developed in China. The press, known as the "Rituo Press," was invented by the Chinese monk Wuzheng, who created a machine that could print individual characters on a sheet of paper.
1790603384.667	
1790603384.667	In the 12th century, the printing press was introduced to Europe by the monks of the Benedictine monastery in St. Gall, Switzerland. The monks, who were familiar with the Chinese printing press, adapted the technology to create a machine that could print individual characters on a sheet of paper. This early printing press was called the "Monumentum Press," and it was used to print the first Latin Bible, the "Gutenberg Bible," in 1455.
1790603384.667	
1790603384.667	The Development of the Printing Press
1790603384.667	
1790603384.667	The printing press was a remarkable innovation that had a profound impact on society. The first printing press was a simple machine that consisted of a wooden frame, a metal plate, and a type of metal alloy. The plate was made of a metal alloy, such as bronze or iron, which was etched with the characters of the alphabet. The type was made of wood or metal, and it was used to print individual characters on the plate.
1790603384.667	
1790603384.667	The printing press was a mechanical device that used a combination of gravity and pressure to print the characters on the plate. The machine consisted of a wooden frame that held the plate in place, a metal plate that was etched with the characters, and a type of metal alloy that was used to print the characters. The type was used to print individual characters on the plate, and the machine was used to print the characters in a continuous flow.
1790603384.667	
1790603384.667	The printing press was a revolutionary innovation that enabled mass
1790603384.998	[🟡 ]  Dequeuing NPU request (0 remaining)...
1790603384.999	================================================
1790603384.999	[FLM]  Start generating...
1790603384.999	[🔒 ]  TCP connection closed - Remote endpoint unavailable
1790603384.999	[FLM]  Conversation context diverged from cache, clearing context...
1790603385.005	[FLM]  Prefill chunk 1/1 with 38 tokens
1790603385.709	
1790603385.709	[FLM]  Model RAW Output: 
1790603385.709	Hi.
1790603385.709	[🔵 ]  NPU Lock Released!
1790603385.709	================================================
1790603385.709	[🔒 ]  TCP connection closed - Remote: 127.0.0.1:38312
1790603386.857	[🔗 ]  TCP connection established - Remote: 127.0.0.1:54494
1790603386.857	[TCP]  Read 305 bytes from socket
1790603386.857	================================================
1790603386.857	[⬇️ ]  Incoming Request: POST
1790603386.857	[LOG]  Time stamp: 16:49:46 09:28:2026
1790603386.857	[LOG]  Target: /v1/completions
1790603386.857	[LOG]  Version: 11
1790603386.857	[LOG]  Keep-Alive: 1
1790603386.857	[LOG]  Body: 
1790603386.857	{
1790603386.857	    "max_tokens": 512,
1790603386.857	    "model": "llama3.2:1b",
1790603386.857	    "prompt": "Write a detailed essay of at least 2000 words on the history of the printing press.",
1790603386.857	    "stream": false,
1790603386.857	    "top_k": 1
1790603386.857	}
1790603386.857	[FLM]  Start generating...
1790603386.858	[FLM]  Prefill chunk 1/1 with 54 tokens
1790603399.270	
1790603399.271	[FLM]  Model RAW Output: 
1790603399.271	The History of the Printing Press: A Revolutionary Innovation
1790603399.271	
1790603399.271	The printing press, invented by Johannes Gutenberg in the 15th century, was a game-changing innovation that revolutionized the way people communicated, learned, and created. This remarkable device, which combined the principles of movable type and mechanical pressure, enabled mass production of printed materials, transforming the world in ways that were both profound and far-reaching. In this essay, we will delve into the fascinating history of the printing press, exploring its development, evolution, and impact on society.
1790603399.271	
1790603399.271	The Early Days of Printing
1790603399.271	
1790603399.271	The concept of printing dates back to ancient China, where paper was first invented in the 2nd century AD. The first known printed book was the "Bamboo Book," a collection of Buddhist scriptures that was printed on paper in the 8th century. However, it was not until the 10th century that the first movable-type printing press was developed in China. The press, known as the "Rituo Press," was invented by the Chinese monk Wuzheng, who created a machine that could print individual characters on a sheet of paper.
1790603399.271	
1790603399.271	The next major innovation in printing was the invention of the movable-type printing press by Johannes Gutenberg in the 1440s. Gutenberg, a German goldsmith and printer, was born in 1398 in Mainz, Germany. He studied law and medicine at the University of Mainz, but his true passion was printing. In 1440, Gutenberg founded his printing business, which would eventually become the Gutenberg Printing Works in Mainz. He developed a machine that used individual characters, called type, to print individual words on a sheet of paper. This innovation allowed for mass production of printed materials, making books more widely available and contributing to the spread of literacy.
1790603399.271	
1790603399.271	The Development of the Printing Press
1790603399.271	
1790603399.271	Gutenberg's printing press was a significant improvement over earlier printing methods, which relied on hand-carved wooden blocks or metal type. The movable-type printing press, which Gutenberg developed, used individual characters to print individual words on a sheet of paper. This innovation allowed for faster and more efficient production of printed materials, making books more widely available and contributing to the spread of literacy.
1790603399.271	
1790603399.271	The printing press was a crucial innovation in the development of modern society. It enabled the mass production of books, which became a staple of education and learning. The printing press also played a significant role in the spread of knowledge, as it allowed for the dissemination of ideas and information across the continent. The printing press was also a key factor in the development of the
1790603399.271	================================================
1790603399.271	[🔒 ]  TCP connection closed - Remote: 127.0.0.1:54494
1790603399.378	[🔗 ]  TCP connection established - Remote: 127.0.0.1:55806
1790603399.379	[TCP]  Read 305 bytes from socket
1790603399.379	================================================
1790603399.379	[⬇️ ]  Incoming Request: POST
1790603399.380	[LOG]  Time stamp: 16:49:59 09:28:2026
1790603399.382	[LOG]  Target: /v1/completions
1790603399.382	[LOG]  Version: 11
1790603399.382	[LOG]  Keep-Alive: 1
1790603399.382	[LOG]  Body: 
1790603399.382	{
1790603399.382	    "max_tokens": 512,
1790603399.382	    "model": "llama3.2:1b",
1790603399.382	    "prompt": "Write a detailed essay of at least 2000 words on the history of the printing press.",
1790603399.382	    "stream": false,
1790603399.382	    "top_k": 1
1790603399.382	}
1790603399.382	[FLM]  Start generating...
1790603399.382	[FLM]  Conversation context diverged from cache, clearing context...
1790603399.386	[FLM]  Prefill chunk 1/1 with 54 tokens
1790603401.379	[🔴 ]  Client disconnected; cancelling active request
1790603411.426	
1790603411.426	[FLM]  Model RAW Output: 
1790603411.426	The History of the Printing Press: A Revolutionary Innovation
1790603411.426	
1790603411.426	The printing press, invented by Johannes Gutenberg in the 15th century, was a game-changing innovation that revolutionized the way people communicated, learned, and created. This remarkable device, which combined the principles of movable type and mechanical pressure, enabled mass production of printed materials, transforming the world in ways that were both profound and far-reaching. In this essay, we will delve into the fascinating history of the printing press, exploring its development, evolution, and impact on society.
1790603411.426	
1790603411.426	The Early Days of Printing
1790603411.426	
1790603411.426	The concept of printing dates back to ancient China, where paper was first invented in the 2nd century AD. The earliest known printed materials were Buddhist scriptures, which were printed on paper using a combination of wood and bamboo. However, it wasn't until the 9th century that paper became a staple of printing in China. The invention of the movable type printing press, which Gutenberg would later develop, was a significant improvement over the earlier methods of printing.
1790603411.426	
1790603411.426	The movable type printing press was invented by Johannes Gutenberg in the 1440s, in the city of Mainz, Germany. Gutenberg, a goldsmith and printer, was born in 1398 in Mainz, Germany. He was a talented craftsman who had learned the art of metalworking from his father. In the 1440s, Gutenberg began experimenting with the concept of movable type, which involved carving individual characters into metal plates. These characters, known as type, were used to print individual words or phrases onto paper.
1790603411.426	
1790603411.426	The first printed book, the Gutenberg Bible, was printed in 1455. It was a small, 100-page book that contained the Latin Bible. The Gutenberg Bible was a groundbreaking achievement, as it was the first book to be printed using the movable type printing press. The book was printed in Mainz, Germany, and was a huge success, selling out in just a few weeks.
1790603411.426	
1790603411.426	The Spread of Printing
1790603411.426	
1790603411.426	The printing press was not an overnight success. In fact, it took several years for the technology to catch on. The first printed books were met with skepticism and even ridicule by the general public. However, as the technology improved and more books were printed, the public began to take notice.
1790603411.426	
1790603411.426	In the 1450s, the printing press began to spread throughout Europe. The first printing press in Europe was established in Basel, Switzerland, in 1450. The Basel Press, as it was known, was a small press that printed books and pamphlets. It was a major hub
1790603411.426	================================================
1790603411.427	[🔒 ]  TCP connection closed - Remote endpoint unavailable
