1790604057.362	[FLM]  Using user-specified port: 58603
1790604057.877	[FLM]  Loading model: /home/noams/.config/flm/models/Gemma4-E4B-IT-NPU2
1790604062.199	[FLM]  Starting server on port 58603...
1790604062.199	[🔗 ]  TCP connection established - Remote: 127.0.0.1:34678
1790604062.199	[FLM]  WebServer started on port 58603 with 10 I/O threads
1790604062.199	[FLM]  Press Ctrl+C to stop.
1790604062.199	[TCP]  Read 90 bytes from socket
1790604062.199	================================================
1790604062.199	[⬇️ ]  Incoming Request: GET
1790604062.199	[LOG]  Time stamp: 17:01:02 09:28:2026
1790604062.199	[LOG]  Target: /api/version
1790604062.199	[LOG]  Version: 11
1790604062.199	[LOG]  Keep-Alive: 1
1790604062.199	================================================
1790604062.199	[🔒 ]  TCP connection closed - Remote: 127.0.0.1:34678
1790604062.226	[🔗 ]  TCP connection established - Remote: 127.0.0.1:35044
1790604062.226	[TCP]  Read 347 bytes from socket
1790604062.226	================================================
1790604062.226	[⬇️ ]  Incoming Request: POST
1790604062.226	[LOG]  Time stamp: 17:01:02 09:28:2026
1790604062.226	[LOG]  Target: /api/chat
1790604062.226	[LOG]  Version: 11
1790604062.226	[LOG]  Keep-Alive: 1
1790604062.226	[LOG]  Body: 
1790604062.226	{
1790604062.226	    "messages": [
1790604062.226	        {
1790604062.226	            "content": "Write a de...ing press.",
1790604062.226	            "role": "user"
1790604062.226	        }
1790604062.226	    ],
1790604062.226	    "model": "gemma4-it:e4b",
1790604062.226	    "options": {
1790604062.226	        "num_predict": 512
1790604062.226	    },
1790604062.226	    "stream": true,
1790604062.226	    "top_k": 1
1790604062.226	}
1790604062.226	[🟢 ]  NPU Locked!
1790604062.226	[FLM]  Start generating...
1790604062.226	[FLM]  Total images: 0
1790604062.226	[FLM]  Prefill chunk 1/1 with 30 tokens
1790604101.760	
1790604101.760	[FLM]  Model RAW Output: 
1790604101.760	## The Unfolding Page: A History of the Printing Press and the Transformation of Human Civilization
1790604101.760	
1790604101.760	The history of human civilization is inextricably linked to the ability to store, disseminate, and share knowledge. Before the advent of mechanical reproduction, information was a painstakingly crafted artifact—a manuscript laboriously copied by scribes in monasteries or scriptoriums. Books were luxuries, repositories of elite learning, accessible only to the wealthy and the powerful. The slow drip-feed of human thought across generations was governed by the speed and endurance of the human hand. This paradigm, however, was destined for a seismic shift.
1790604101.760	
1790604101.760	The invention and subsequent evolution of the printing press did not merely improve efficiency; it fundamentally rewired the cognitive, social, political, and economic structures of human society. It democratized knowledge, fueled revolutions in science and religion, standardized languages, accelerated globalization (in its nascent form), and laid the groundwork for modern mass media. The story of the printing press is not just a technological narrative; it is a grand epic about the acceleration of consciousness itself—the moment humanity gained an unprecedented tool for self-education and collective transformation.
1790604101.760	
1790604101.760	To trace this history is to chart a course from ancient, rudimentary methods to Gutenberg’s revolutionary innovation, through the industrialization of print, and into the digital age that has ultimately superseded it while remaining indebted to its legacy. This essay will explore this trajectory in detail, examining the pre-print technologies, the pivotal moment of movable type in Europe, its subsequent global adaptations and industrial scaling, and finally, its enduring philosophical impact on modernity.
1790604101.760	
1790604101.760	### I. The Dawn of Reproduction: Precursors to Print (Antiquity to Medieval Period)
1790604101.760	
1790604101.760	Before Johannes Gutenberg perfected his system around 1450, the concept of mass textual reproduction existed in various forms across different cultures. These early methods were characterized by manual labor or rudimentary mechanical aids, but they established the fundamental human desire for reproducible text.
1790604101.760	
1790604101.760	In ancient Mesopotamia and Egypt, scribes employed papyrus and clay tablets. While these were not "printing" in the modern sense—they involved inscription rather than mass duplication—they represented the earliest attempts to standardize record-keeping and knowledge preservation outside of oral tradition. The development of cuneiform and hieroglyphs established complex systems of symbolic representation that demanded efficient methods for their transmission.
1790604101.760	
1790604101.760	The most significant early technological leap, however, came from East Asia. China developed woodblock printing centuries before Europe conceived of movable type. During the Tang Dynasty (7th–10th centuries CE), artisans began carving entire pages onto
1790604101.763	[31m[FLM]  Creating checkpoint at context length 542[0m
1790604101.765	[🔒 ]  Closing TCP connection (streaming, non-keep-alive)
1790604101.765	[🔵 ]  NPU Lock Released!
1790604101.799	[🔗 ]  TCP connection established - Remote: 127.0.0.1:33328
1790604101.799	[TCP]  Read 347 bytes from socket
1790604101.799	================================================
1790604101.799	[⬇️ ]  Incoming Request: POST
1790604101.799	[LOG]  Time stamp: 17:01:41 09:28:2026
1790604101.799	[LOG]  Target: /api/chat
1790604101.799	[LOG]  Version: 11
1790604101.799	[LOG]  Keep-Alive: 1
1790604101.799	[LOG]  Body: 
1790604101.799	{
1790604101.799	    "messages": [
1790604101.799	        {
1790604101.799	            "content": "Write a de...ing press.",
1790604101.799	            "role": "user"
1790604101.799	        }
1790604101.799	    ],
1790604101.799	    "model": "gemma4-it:e4b",
1790604101.799	    "options": {
1790604101.799	        "num_predict": 512
1790604101.799	    },
1790604101.799	    "stream": true,
1790604101.799	    "top_k": 1
1790604101.799	}
1790604101.799	[🟢 ]  NPU Locked!
1790604101.799	[FLM]  Start generating...
1790604101.799	[FLM]  Total images: 0
1790604101.799	[FLM]  Prefill chunk 1/1 with 30 tokens
1790604103.262	[🔴 ]  Client disconnected; cancelling active request
1790604103.263	[🔗 ]  TCP connection established - Remote: 127.0.0.1:42408
1790604103.263	[TCP]  Read 270 bytes from socket
1790604103.263	================================================
1790604103.263	[⬇️ ]  Incoming Request: POST
1790604103.263	[LOG]  Time stamp: 17:01:43 09:28:2026
1790604103.263	[LOG]  Target: /api/chat
1790604103.263	[LOG]  Version: 11
1790604103.263	[LOG]  Keep-Alive: 1
1790604103.263	[LOG]  Body: 
1790604103.263	{
1790604103.263	    "messages": [
1790604103.263	        {
1790604103.263	            "content": "Say hi.",
1790604103.263	            "role": "user"
1790604103.263	        }
1790604103.263	    ],
1790604103.263	    "model": "gemma4-it:e4b",
1790604103.263	    "options": {
1790604103.263	        "num_predict": 4
1790604103.263	    },
1790604103.263	    "stream": false,
1790604103.263	    "top_k": 1
1790604103.263	}
1790604103.263	[🕒 ]  NPU busy, request queued (1/10): POST /api/chat
1790604103.334	
1790604103.334	[FLM]  Model RAW Output: 
1790604103.334	## The Unfolding Page:
1790604103.334	[31m[FLM]  Creating checkpoint at context length 35[0m
1790604103.336	[❌ ]  Generation Cancelled!
1790604103.669	[🟡 ]  Dequeuing NPU request (0 remaining)...
1790604103.669	[FLM]  Start generating...
1790604103.669	[FLM]  Total images: 0
1790604103.669	[FLM]  Prefill chunk 1/1 with 12 tokens
1790604104.838	[31m[FLM]  Creating checkpoint at context length 12[0m
1790604104.840	[31m[FLM]  Restoring checkpoint at context length 12[0m
1790604104.872	[31m[FLM]  Checkpoint before generation: 12, restore point: 12, user context length: 12[0m
1790604105.157	
1790604105.158	[FLM]  Model RAW Output: 
1790604105.158	Hi! How can I
1790604105.158	[🔵 ]  NPU Lock Released!
1790604105.158	================================================
1790604105.158	[🔒 ]  TCP connection closed - Remote: 127.0.0.1:42408
1790604106.211	[🔗 ]  TCP connection established - Remote: 127.0.0.1:42422
1790604106.211	[TCP]  Read 54291 bytes from socket
1790604106.211	================================================
1790604106.211	[⬇️ ]  Incoming Request: POST
1790604106.211	[LOG]  Time stamp: 17:01:46 09:28:2026
1790604106.211	[LOG]  Target: /api/chat
1790604106.211	[LOG]  Version: 11
1790604106.211	[LOG]  Keep-Alive: 1
1790604106.211	[LOG]  Body: 
1790604106.211	{
1790604106.211	    "messages": [
1790604106.211	        {
1790604106.211	            "content": "The quick ...ext above.",
1790604106.211	            "role": "user"
1790604106.211	        }
1790604106.211	    ],
1790604106.211	    "model": "gemma4-it:e4b",
1790604106.211	    "options": {
1790604106.211	        "num_predict": 512
1790604106.211	    },
1790604106.211	    "stream": true,
1790604106.211	    "top_k": 1
1790604106.211	}
1790604106.211	[🟢 ]  NPU Locked!
1790604106.211	[FLM]  Start generating...
1790604106.211	[FLM]  Total images: 0
1790604106.219	[FLM]  Prefill chunk 1/3 with 4096 tokens
1790604106.511	[🔴 ]  Client disconnected; cancelling active request
1790604106.511	[🔗 ]  TCP connection established - Remote: 127.0.0.1:42436
1790604106.511	[TCP]  Read 270 bytes from socket
1790604106.511	================================================
1790604106.511	[⬇️ ]  Incoming Request: POST
1790604106.511	[LOG]  Time stamp: 17:01:46 09:28:2026
1790604106.511	[LOG]  Target: /api/chat
1790604106.511	[LOG]  Version: 11
1790604106.511	[LOG]  Keep-Alive: 1
1790604106.511	[LOG]  Body: 
1790604106.511	{
1790604106.511	    "messages": [
1790604106.511	        {
1790604106.511	            "content": "Say hi.",
1790604106.511	            "role": "user"
1790604106.511	        }
1790604106.511	    ],
1790604106.511	    "model": "gemma4-it:e4b",
1790604106.511	    "options": {
1790604106.511	        "num_predict": 4
1790604106.511	    },
1790604106.511	    "stream": false,
1790604106.511	    "top_k": 1
1790604106.511	}
1790604106.511	[🕒 ]  NPU busy, request queued (1/10): POST /api/chat
1790604112.309	[❌ ]  Prefill Cancelled!
1790604112.642	[🟡 ]  Dequeuing NPU request (0 remaining)...
1790604112.642	[FLM]  Start generating...
1790604112.642	[FLM]  Total images: 0
1790604112.642	[FLM]  Prefill chunk 1/1 with 12 tokens
1790604113.849	[31m[FLM]  Creating checkpoint at context length 12[0m
1790604113.851	[31m[FLM]  Restoring checkpoint at context length 12[0m
1790604113.883	[31m[FLM]  Checkpoint before generation: 12, restore point: 12, user context length: 12[0m
1790604114.169	
1790604114.169	[FLM]  Model RAW Output: 
1790604114.170	Hi! How can I
1790604114.170	[🔵 ]  NPU Lock Released!
1790604114.170	================================================
1790604114.170	[🔒 ]  TCP connection closed - Remote: 127.0.0.1:42436
1790604115.234	[🔗 ]  TCP connection established - Remote: 127.0.0.1:34374
1790604115.234	[TCP]  Read 325 bytes from socket
1790604115.234	================================================
1790604115.234	[⬇️ ]  Incoming Request: POST
1790604115.234	[LOG]  Time stamp: 17:01:55 09:28:2026
1790604115.234	[LOG]  Target: /api/generate
1790604115.234	[LOG]  Version: 11
1790604115.234	[LOG]  Keep-Alive: 1
1790604115.234	[LOG]  Body: 
1790604115.234	{
1790604115.234	    "max_tokens": 512,
1790604115.234	    "model": "gemma4-it:e4b",
1790604115.234	    "options": {
1790604115.234	        "num_predict": 512
1790604115.234	    },
1790604115.234	    "prompt": "Write a detailed essay of at least 2000 words on the history of the printing press.",
1790604115.234	    "stream": true
1790604115.234	}
1790604115.234	[🟢 ]  NPU Locked!
1790604115.234	[FLM]  Start generating...
1790604115.234	[FLM]  Prefill chunk 1/1 with 30 tokens
1790604154.729	
1790604154.730	[FLM]  Model RAW Output: 
1790604154.730	## The Unfolding Page: A History of the Printing Press and the Transformation of Human Civilization
1790604154.730	
1790604154.730	The history of human civilization is inextricably linked to the ability to store, disseminate, and share knowledge. Before the advent of mechanical reproduction, information was a painstakingly crafted artifact—a manuscript laboriously copied by scribes in monasteries or scriptoriums. Books were luxuries, repositories of elite wisdom accessible only to the privileged few. The slow churn of parchment and vellum dictated the pace of intellectual life, limiting revolutions in thought, science, and governance. Then came the printing press: a technological innovation so profound that it did not merely improve communication; it fundamentally rewired human society.
1790604154.730	
1790604154.730	The story of the printing press is not a single, monolithic event but rather a centuries-long evolution—a gradual convergence of metallurgy, mechanical engineering, chemical understanding, and societal demand. It is a narrative spanning from ancient woodblock techniques to Gutenberg’s movable type revolution in Mainz, and subsequently through the industrialization of print that defined the modern era. To trace this history is to chart the trajectory of modernity itself: from localized dogma to global discourse.
1790604154.730	
1790604154.730	### I. Precursors and Proto-Printing Technologies (Antiquity to Medieval Period)
1790604154.730	
1790604154.730	The desire to reproduce images and texts predates Gutenberg by millennia, driven by religious needs, administrative requirements, and artistic patronage. The earliest forms of mass communication were not "printing" in the modern sense but rather methods of stamping or carving for replication.
1790604154.730	
1790604154.730	**A. Woodblock Printing (Xylography):**
1790604154.730	The most ancient form of mechanical reproduction is woodblock printing. In China, this technique flourished as early as the Tang Dynasty (7th–10th centuries CE). Artisans would carve an entire page—text and image combined—into a single block of wood. This block was then inked and pressed onto paper or fabric. Early examples, such as Buddhist texts from the 8th century, demonstrate sophisticated artistry within this medium.
1790604154.730	
1790604154.730	Woodblock printing was highly effective for religious iconography and popular literature in East Asia because it allowed for relatively rapid reproduction of standardized images. However, its limitations were significant: each page required a unique block carving, making customization difficult and production slow when compared to later methods. Furthermore, the process was inherently static; if an error needed correction, the entire block had to be recarved.
1790604154.730	
1790604154.730	**B. Movable Type in East Asia:**
1790604154.730	While woodblock printing dominated early Asian textual reproduction, the concept of *movable type*—individual characters that could be arranged and reused
1790604154.730	[31m[FLM]  Creating checkpoint at context length 542[0m
1790604154.732	[🔒 ]  Closing TCP connection (streaming, non-keep-alive)
1790604154.732	[🔵 ]  NPU Lock Released!
1790604154.763	[🔗 ]  TCP connection established - Remote: 127.0.0.1:58550
1790604154.763	[TCP]  Read 325 bytes from socket
1790604154.763	================================================
1790604154.763	[⬇️ ]  Incoming Request: POST
1790604154.763	[LOG]  Time stamp: 17:02:34 09:28:2026
1790604154.763	[LOG]  Target: /api/generate
1790604154.763	[LOG]  Version: 11
1790604154.763	[LOG]  Keep-Alive: 1
1790604154.763	[LOG]  Body: 
1790604154.763	{
1790604154.763	    "max_tokens": 512,
1790604154.763	    "model": "gemma4-it:e4b",
1790604154.763	    "options": {
1790604154.763	        "num_predict": 512
1790604154.763	    },
1790604154.763	    "prompt": "Write a detailed essay of at least 2000 words on the history of the printing press.",
1790604154.763	    "stream": true
1790604154.763	}
1790604154.763	[🟢 ]  NPU Locked!
1790604154.763	[FLM]  Start generating...
1790604154.763	[FLM]  Conversation context diverged from cache, clearing context...
1790604154.795	[FLM]  Prefill chunk 1/1 with 30 tokens
1790604156.241	[🔴 ]  Client disconnected; cancelling active request
1790604156.242	[🔗 ]  TCP connection established - Remote: 127.0.0.1:58566
1790604156.242	[TCP]  Read 270 bytes from socket
1790604156.242	================================================
1790604156.242	[⬇️ ]  Incoming Request: POST
1790604156.242	[LOG]  Time stamp: 17:02:36 09:28:2026
1790604156.242	[LOG]  Target: /api/chat
1790604156.242	[LOG]  Version: 11
1790604156.242	[LOG]  Keep-Alive: 1
1790604156.242	[LOG]  Body: 
1790604156.242	{
1790604156.242	    "messages": [
1790604156.242	        {
1790604156.242	            "content": "Say hi.",
1790604156.242	            "role": "user"
1790604156.242	        }
1790604156.242	    ],
1790604156.242	    "model": "gemma4-it:e4b",
1790604156.242	    "options": {
1790604156.242	        "num_predict": 4
1790604156.242	    },
1790604156.242	    "stream": false,
1790604156.242	    "top_k": 1
1790604156.242	}
1790604156.242	[🕒 ]  NPU busy, request queued (1/10): POST /api/chat
1790604156.313	
1790604156.313	[FLM]  Model RAW Output: 
1790604156.313	## The Unfolding Page:
1790604156.313	[31m[FLM]  Creating checkpoint at context length 35[0m
1790604156.315	[❌ ]  Generation Cancelled!
1790604156.648	[🟡 ]  Dequeuing NPU request (0 remaining)...
1790604156.648	[FLM]  Start generating...
1790604156.648	[FLM]  Total images: 0
1790604156.648	[FLM]  Conversation context diverged from cache, clearing context...
1790604156.683	[FLM]  Prefill chunk 1/1 with 12 tokens
1790604157.852	[31m[FLM]  Creating checkpoint at context length 12[0m
1790604157.854	[31m[FLM]  Restoring checkpoint at context length 12[0m
1790604157.887	[31m[FLM]  Checkpoint before generation: 12, restore point: 12, user context length: 12[0m
1790604158.173	
1790604158.173	[FLM]  Model RAW Output: 
1790604158.173	Hi! How can I
1790604158.173	[🔵 ]  NPU Lock Released!
1790604158.173	================================================
1790604158.173	[🔒 ]  TCP connection closed - Remote: 127.0.0.1:58566
1790604159.227	[🔗 ]  TCP connection established - Remote: 127.0.0.1:58568
1790604159.227	[TCP]  Read 54269 bytes from socket
1790604159.227	================================================
1790604159.227	[⬇️ ]  Incoming Request: POST
1790604159.227	[LOG]  Time stamp: 17:02:39 09:28:2026
1790604159.227	[LOG]  Target: /api/generate
1790604159.227	[LOG]  Version: 11
1790604159.227	[LOG]  Keep-Alive: 1
1790604159.228	[LOG]  Body: 
1790604159.228	{
1790604159.228	    "max_tokens": 512,
1790604159.228	    "model": "gemma4-it:e4b",
1790604159.228	    "options": {
1790604159.228	        "num_predict": 512
1790604159.228	    },
1790604159.228	    "prompt": "The quick brown fox jumps over the lazy dog. The quick brown fox jumps over the lazy dog. The quick brown fox jumps over the lazy dog. The quick brown fox jumps over the lazy dog. The quick brown fox jumps over the lazy dog. The quick brown fox jumps over the lazy dog. The quick brown fox jumps over the lazy dog. The quick brown fox jumps over the lazy dog. The quick brown fox jumps over the lazy dog. The quick brown fox jumps over the lazy dog. The quick brown fox jumps over the lazy dog. The quick brown fox jumps over the lazy dog. The quick brown fox jumps over the lazy dog. The quick brown fox jumps over the lazy dog. The quick brown fox jumps over the lazy dog. The quick brown fox jumps over the lazy dog. The quick brown fox jumps over the lazy dog. The quick brown fox jumps over the lazy dog. The quick brown fox jumps over the lazy dog. The quick brown fox jumps over the lazy dog. The quick brown fox jumps over the lazy dog. The quick brown fox jumps over the lazy dog. The quick brown fox jumps over the lazy dog. The quick brown fox jumps over the lazy dog. The quick brown fox jumps over the lazy dog. The quick brown fox jumps over the lazy dog. The quick brown fox jumps over the lazy dog. The quick brown fox jumps over the lazy dog. The quick brown fox jumps over the lazy dog. The quick brown fox jumps over the lazy dog. The quick brown fox jumps over the lazy dog. The quick brown fox jumps over the lazy dog. The quick brown fox jumps over the lazy dog. The quick brown fox jumps over the lazy dog. The quick brown fox jumps over the lazy dog. The quick brown fox jumps over the lazy dog. The quick brown fox jumps over the lazy dog. The quick brown fox jumps over the lazy dog. The quick brown fox jumps over the lazy dog. The quick brown fox jumps over the lazy dog. The quick brown fox jumps over the lazy dog. The quick brown fox jumps over the lazy dog. The quick brown fox jumps over the lazy dog. The quick brown fox jumps over the lazy dog. The quick brown fox jumps over the lazy dog. The quick brown fox jumps over the lazy dog. The quick brown fox jumps over the lazy dog. The quick brown fox jumps over the lazy dog. The quick brown fox jumps over the lazy dog. The quick brown fox jumps over the lazy dog. The quick brown fox jumps over the lazy dog. The quick brown fox jumps over the lazy dog. The quick brown fox jumps over the lazy dog. The quick brown fox jumps over the lazy dog. The quick brown fox jumps over the lazy dog. The quick brown fox jumps over the lazy dog. The quick brown fox jumps over the lazy dog. The quick brown fox jumps over the lazy dog. The quick brown fox jumps over the lazy dog. The quick brown fox jumps over the lazy dog. The quick brown fox jumps over the lazy dog. The quick brown fox jumps over the lazy dog. The quick brown fox jumps over the lazy dog. The quick brown fox jumps over the lazy dog. The quick brown fox jumps over the lazy dog. The quick brown fox jumps over the lazy dog. The quick brown fox jumps over the lazy dog. The quick brown fox jumps over the lazy dog. The quick brown fox jumps over the lazy dog. The quick brown fox jumps over the lazy dog. The quick brown fox jumps over the lazy dog. The quick brown fox jumps over the lazy dog. The quick brown fox jumps over the lazy dog. The quick brown fox jumps over the lazy dog. The quick brown fox jumps over the lazy dog. The quick brown fox jumps over the lazy dog. The quick brown fox jumps over the lazy dog. The quick brown fox jumps over the lazy dog. The quick brown fox jumps over the lazy dog. The quick brown fox jumps over the lazy dog. The quick brown fox jumps over the lazy dog. The quick brown fox jumps over the lazy dog. The quick brown fox jumps over the lazy dog. The quick brown fox jumps over the lazy dog. The quick brown fox jumps over the lazy dog. The quick brown fox jumps over the lazy dog. The quick brown fox jumps over the lazy dog. The quick brown fox jumps over the lazy dog. The quick brown fox jumps over the lazy dog. The quick brown fox jumps over the lazy dog. The quick brown fox jumps over the lazy dog. The quick brown fox jumps over the lazy dog. The quick brown fox jumps over the lazy dog. The quick brown fox jumps over the lazy dog. The quick brown fox jumps over the lazy dog. The quick brown fox jumps over the lazy dog. The quick brown fox jumps over the lazy dog. The quick brown fox jumps over the lazy dog. The quick brown fox jumps over the lazy dog. The quick brown fox jumps over the lazy dog. The quick brown fox jumps over the lazy dog. The quick brown fox jumps over the lazy dog. The quick brown fox jumps over the lazy dog. The quick brown fox jumps over the lazy dog. The quick brown fox jumps over the lazy dog. The quick brown fox jumps over the lazy dog. The quick brown fox jumps over the lazy dog. The quick brown fox jumps over the lazy dog. The quick brown fox jumps over the lazy dog. The quick brown fox jumps over the lazy dog. The quick brown fox jumps over the lazy dog. The quick brown fox jumps over the lazy dog. The quick brown fox jumps over the lazy dog. The quick brown fox jumps over the lazy dog. The quick brown fox jumps over the lazy dog. The quick brown fox jumps over the lazy dog. The quick brown fox jumps over the lazy dog. The quick brown fox jumps over the lazy dog. The quick brown fox jumps over the lazy dog. The quick brown fox jumps over the lazy dog. The quick brown fox jumps over the lazy dog. The quick brown fox jumps over the lazy dog. The quick brown fox jumps over the lazy dog. The quick brown fox jumps over the lazy dog. The quick brown fox jumps over the lazy dog. The quick brown fox jumps over the lazy dog. The quick brown fox jumps over the lazy dog. The quick brown fox jumps over the lazy dog. The quick brown fox jumps over the lazy dog. The quick brown fox jumps over the lazy dog. The quick brown fox jumps over the lazy dog. The quick brown fox jumps over the lazy dog. The quick brown fox jumps over the lazy dog. The quick brown fox jumps over the lazy dog. The quick brown fox jumps over the lazy dog. The quick brown fox jumps over the lazy dog. The quick brown fox jumps over the lazy dog. The quick brown fox jumps over the lazy dog. The quick brown fox jumps over the lazy dog. The quick brown fox jumps over the lazy dog. The quick brown fox jumps over the lazy dog. The quick brown fox jumps over the lazy dog. The quick brown fox jumps over the lazy dog. The quick brown fox jumps over the lazy dog. The quick brown fox jumps over the lazy dog. The quick brown fox jumps over the lazy dog. The quick brown fox jumps over the lazy dog. The quick brown fox jumps over the lazy dog. The quick brown fox jumps over the lazy dog. The quick brown fox jumps over the lazy dog. The quick brown fox jumps over the lazy dog. The quick brown fox jumps over the lazy dog. The quick brown fox jumps over the lazy dog. The quick brown fox jumps over the lazy dog. The quick brown fox jumps over the lazy dog. The quick brown fox jumps over the lazy dog. The quick brown fox jumps over the lazy dog. The quick brown fox jumps over the lazy dog. The quick brown fox jumps over the lazy dog. The quick brown fox jumps over the lazy dog. The quick brown fox jumps over the lazy dog. The quick brown fox jumps over the lazy dog. The quick brown fox jumps over the lazy dog. The quick brown fox jumps over the lazy dog. The quick brown fox jumps over the lazy dog. The quick brown fox jumps over the lazy dog. The quick brown fox jumps over the lazy dog. The quick brown fox jumps over the lazy dog. The quick brown fox jumps over the lazy dog. The quick brown fox jumps over the lazy dog. The quick brown fox jumps over the lazy dog. The quick brown fox jumps over the lazy dog. The quick brown fox jumps over the lazy dog. The quick brown fox jumps over the lazy dog. The quick brown fox jumps over the lazy dog. The quick brown fox jumps over the lazy dog. The quick brown fox jumps over the lazy dog. The quick brown fox jumps over the lazy dog. The quick brown fox jumps over the lazy dog. The quick brown fox jumps over the lazy dog. The quick brown fox jumps over the lazy dog. The quick brown fox jumps over the lazy dog. The quick brown fox jumps over the lazy dog. The quick brown fox jumps over the lazy dog. The quick brown fox jumps over the lazy dog. The quick brown fox jumps over the lazy dog. The quick brown fox jumps over the lazy dog. The quick brown fox jumps over the lazy dog. The quick brown fox jumps over the lazy dog. The quick brown fox jumps over the lazy dog. The quick brown fox jumps over the lazy dog. The quick brown fox jumps over the lazy dog. The quick brown fox jumps over the lazy dog. The quick brown fox jumps over the lazy dog. The quick brown fox jumps over the lazy dog. The quick brown fox jumps over the lazy dog. The quick brown fox jumps over the lazy dog. The quick brown fox jumps over the lazy dog. The quick brown fox jumps over the lazy dog. The quick brown fox jumps over the lazy dog. The quick brown fox jumps over the lazy dog. The quick brown fox jumps over the lazy dog. The quick brown fox jumps over the lazy dog. The quick brown fox jumps over the lazy dog. The quick brown fox jumps over the lazy dog. The quick brown fox jumps over the lazy dog. The quick brown fox jumps over the lazy dog. The quick brown fox jumps over the lazy dog. The quick brown fox jumps over the lazy dog. The quick brown fox jumps over the lazy dog. The quick brown fox jumps over the lazy dog. The quick brown fox jumps over the lazy dog. The quick brown fox jumps over the lazy dog. The quick brown fox jumps over the lazy dog. The quick brown fox jumps over the lazy dog. The quick brown fox jumps over the lazy dog. The quick brown fox jumps over the lazy dog. The quick brown fox jumps over the lazy dog. The quick brown fox jumps over the lazy dog. The quick brown fox jumps over the lazy dog. The quick brown fox jumps over the lazy dog. The quick brown fox jumps over the lazy dog. The quick brown fox jumps over the lazy dog. The quick brown fox jumps over the lazy dog. The quick brown fox jumps over the lazy dog. The quick brown fox jumps over the lazy dog. The quick brown fox jumps over the lazy dog. The quick brown fox jumps over the lazy dog. The quick brown fox jumps over the lazy dog. The quick brown fox jumps over the lazy dog. The quick brown fox jumps over the lazy dog. The quick brown fox jumps over the lazy dog. The quick brown fox jumps over the lazy dog. The quick brown fox jumps over the lazy dog. The quick brown fox jumps over the lazy dog. The quick brown fox jumps over the lazy dog. The quick brown fox jumps over the lazy dog. The quick brown fox jumps over the lazy dog. The quick brown fox jumps over the lazy dog. The quick brown fox jumps over the lazy dog. The quick brown fox jumps over the lazy dog. The quick brown fox jumps over the lazy dog. The quick brown fox jumps over the lazy dog. The quick brown fox jumps over the lazy dog. The quick brown fox jumps over the lazy dog. The quick brown fox jumps over the lazy dog. The quick brown fox jumps over the lazy dog. The quick brown fox jumps over the lazy dog. The quick brown fox jumps over the lazy dog. The quick brown fox jumps over the lazy dog. The quick brown fox jumps over the lazy dog. The quick brown fox jumps over the lazy dog. The quick brown fox jumps over the lazy dog. The quick brown fox jumps over the lazy dog. The quick brown fox jumps over the lazy dog. The quick brown fox jumps over the lazy dog. The quick brown fox jumps over the lazy dog. The quick brown fox jumps over the lazy dog. The quick brown fox jumps over the lazy dog. The quick brown fox jumps over the lazy dog. The quick brown fox jumps over the lazy dog. The quick brown fox jumps over the lazy dog. The quick brown fox jumps over the lazy dog. The quick brown fox jumps over the lazy dog. The quick brown fox jumps over the lazy dog. The quick brown fox jumps over the lazy dog. The quick brown fox jumps over the lazy dog. The quick brown fox jumps over the lazy dog. The quick brown fox jumps over the lazy dog. The quick brown fox jumps over the lazy dog. The quick brown fox jumps over the lazy dog. The quick brown fox jumps over the lazy dog. The quick brown fox jumps over the lazy dog. The quick brown fox jumps over the lazy dog. The quick brown fox jumps over the lazy dog. The quick brown fox jumps over the lazy dog. The quick brown fox jumps over the lazy dog. The quick brown fox jumps over the lazy dog. The quick brown fox jumps over the lazy dog. The quick brown fox jumps over the lazy dog. The quick brown fox jumps over the lazy dog. The quick brown fox jumps over the lazy dog. The quick brown fox jumps over the lazy dog. The quick brown fox jumps over the lazy dog. The quick brown fox jumps over the lazy dog. The quick brown fox jumps over the lazy dog. The quick brown fox jumps over the lazy dog. The quick brown fox jumps over the lazy dog. The quick brown fox jumps over the lazy dog. The quick brown fox jumps over the lazy dog. The quick brown fox jumps over the lazy dog. The quick brown fox jumps over the lazy dog. The quick brown fox jumps over the lazy dog. The quick brown fox jumps over the lazy dog. The quick brown fox jumps over the lazy dog. The quick brown fox jumps over the lazy dog. The quick brown fox jumps over the lazy dog. The quick brown fox jumps over the lazy dog. The quick brown fox jumps over the lazy dog. The quick brown fox jumps over the lazy dog. The quick brown fox jumps over the lazy dog. The quick brown fox jumps over the lazy dog. The quick brown fox jumps over the lazy dog. The quick brown fox jumps over the lazy dog. The quick brown fox jumps over the lazy dog. The quick brown fox jumps over the lazy dog. The quick brown fox jumps over the lazy dog. The quick brown fox jumps over the lazy dog. The quick brown fox jumps over the lazy dog. The quick brown fox jumps over the lazy dog. The quick brown fox jumps over the lazy dog. The quick brown fox jumps over the lazy dog. The quick brown fox jumps over the lazy dog. The quick brown fox jumps over the lazy dog. The quick brown fox jumps over the lazy dog. The quick brown fox jumps over the lazy dog. The quick brown fox jumps over the lazy dog. The quick brown fox jumps over the lazy dog. The quick brown fox jumps over the lazy dog. The quick brown fox jumps over the lazy dog. The quick brown fox jumps over the lazy dog. The quick brown fox jumps over the lazy dog. The quick brown fox jumps over the lazy dog. The quick brown fox jumps over the lazy dog. The quick brown fox jumps over the lazy dog. The quick brown fox jumps over the lazy dog. The quick brown fox jumps over the lazy dog. The quick brown fox jumps over the lazy dog. The quick brown fox jumps over the lazy dog. The quick brown fox jumps over the lazy dog. The quick brown fox jumps over the lazy dog. The quick brown fox jumps over the lazy dog. The quick brown fox jumps over the lazy dog. The quick brown fox jumps over the lazy dog. The quick brown fox jumps over the lazy dog. The quick brown fox jumps over the lazy dog. The quick brown fox jumps over the lazy dog. The quick brown fox jumps over the lazy dog. The quick brown fox jumps over the lazy dog. The quick brown fox jumps over the lazy dog. The quick brown fox jumps over the lazy dog. The quick brown fox jumps over the lazy dog. The quick brown fox jumps over the lazy dog. The quick brown fox jumps over the lazy dog. The quick brown fox jumps over the lazy dog. The quick brown fox jumps over the lazy dog. The quick brown fox jumps over the lazy dog. The quick brown fox jumps over the lazy dog. The quick brown fox jumps over the lazy dog. The quick brown fox jumps over the lazy dog. The quick brown fox jumps over the lazy dog. The quick brown fox jumps over the lazy dog. The quick brown fox jumps over the lazy dog. The quick brown fox jumps over the lazy dog. The quick brown fox jumps over the lazy dog. The quick brown fox jumps over the lazy dog. The quick brown fox jumps over the lazy dog. The quick brown fox jumps over the lazy dog. The quick brown fox jumps over the lazy dog. The quick brown fox jumps over the lazy dog. The quick brown fox jumps over the lazy dog. The quick brown fox jumps over the lazy dog. The quick brown fox jumps over the lazy dog. The quick brown fox jumps over the lazy dog. The quick brown fox jumps over the lazy dog. The quick brown fox jumps over the lazy dog. The quick brown fox jumps over the lazy dog. The quick brown fox jumps over the lazy dog. The quick brown fox jumps over the lazy dog. The quick brown fox jumps over the lazy dog. The quick brown fox jumps over the lazy dog. The quick brown fox jumps over the lazy dog. The quick brown fox jumps over the lazy dog. The quick brown fox jumps over the lazy dog. The quick brown fox jumps over the lazy dog. The quick brown fox jumps over the lazy dog. The quick brown fox jumps over the lazy dog. The quick brown fox jumps over the lazy dog. The quick brown fox jumps over the lazy dog. The quick brown fox jumps over the lazy dog. The quick brown fox jumps over the lazy dog. The quick brown fox jumps over the lazy dog. The quick brown fox jumps over the lazy dog. The quick brown fox jumps over the lazy dog. The quick brown fox jumps over the lazy dog. The quick brown fox jumps over the lazy dog. The quick brown fox jumps over the lazy dog. The quick brown fox jumps over the lazy dog. The quick brown fox jumps over the lazy dog. The quick brown fox jumps over the lazy dog. The quick brown fox jumps over the lazy dog. The quick brown fox jumps over the lazy dog. The quick brown fox jumps over the lazy dog. The quick brown fox jumps over the lazy dog. The quick brown fox jumps over the lazy dog. The quick brown fox jumps over the lazy dog. The quick brown fox jumps over the lazy dog. The quick brown fox jumps over the lazy dog. The quick brown fox jumps over the lazy dog. The quick brown fox jumps over the lazy dog. The quick brown fox jumps over the lazy dog. The quick brown fox jumps over the lazy dog. The quick brown fox jumps over the lazy dog. The quick brown fox jumps over the lazy dog. The quick brown fox jumps over the lazy dog. The quick brown fox jumps over the lazy dog. The quick brown fox jumps over the lazy dog. The quick brown fox jumps over the lazy dog. The quick brown fox jumps over the lazy dog. The quick brown fox jumps over the lazy dog. The quick brown fox jumps over the lazy dog. The quick brown fox jumps over the lazy dog. The quick brown fox jumps over the lazy dog. The quick brown fox jumps over the lazy dog. The quick brown fox jumps over the lazy dog. The quick brown fox jumps over the lazy dog. The quick brown fox jumps over the lazy dog. The quick brown fox jumps over the lazy dog. The quick brown fox jumps over the lazy dog. The quick brown fox jumps over the lazy dog. The quick brown fox jumps over the lazy dog. The quick brown fox jumps over the lazy dog. The quick brown fox jumps over the lazy dog. The quick brown fox jumps over the lazy dog. The quick brown fox jumps over the lazy dog. The quick brown fox jumps over the lazy dog. The quick brown fox jumps over the lazy dog. The quick brown fox jumps over the lazy dog. The quick brown fox jumps over the lazy dog. The quick brown fox jumps over the lazy dog. The quick brown fox jumps over the lazy dog. The quick brown fox jumps over the lazy dog. The quick brown fox jumps over the lazy dog. The quick brown fox jumps over the lazy dog. The quick brown fox jumps over the lazy dog. The quick brown fox jumps over the lazy dog. The quick brown fox jumps over the lazy dog. The quick brown fox jumps over the lazy dog. The quick brown fox jumps over the lazy dog. The quick brown fox jumps over the lazy dog. The quick brown fox jumps over the lazy dog. The quick brown fox jumps over the lazy dog. The quick brown fox jumps over the lazy dog. The quick brown fox jumps over the lazy dog. The quick brown fox jumps over the lazy dog. The quick brown fox jumps over the lazy dog. The quick brown fox jumps over the lazy dog. The quick brown fox jumps over the lazy dog. The quick brown fox jumps over the lazy dog. The quick brown fox jumps over the lazy dog. The quick brown fox jumps over the lazy dog. The quick brown fox jumps over the lazy dog. The quick brown fox jumps over the lazy dog. The quick brown fox jumps over the lazy dog. The quick brown fox jumps over the lazy dog. The quick brown fox jumps over the lazy dog. The quick brown fox jumps over the lazy dog. The quick brown fox jumps over the lazy dog. The quick brown fox jumps over the lazy dog. The quick brown fox jumps over the lazy dog. The quick brown fox jumps over the lazy dog. The quick brown fox jumps over the lazy dog. The quick brown fox jumps over the lazy dog. The quick brown fox jumps over the lazy dog. The quick brown fox jumps over the lazy dog. The quick brown fox jumps over the lazy dog. The quick brown fox jumps over the lazy dog. The quick brown fox jumps over the lazy dog. The quick brown fox jumps over the lazy dog. The quick brown fox jumps over the lazy dog. The quick brown fox jumps over the lazy dog. The quick brown fox jumps over the lazy dog. The quick brown fox jumps over the lazy dog. The quick brown fox jumps over the lazy dog. The quick brown fox jumps over the lazy dog. The quick brown fox jumps over the lazy dog. The quick brown fox jumps over the lazy dog. The quick brown fox jumps over the lazy dog. The quick brown fox jumps over the lazy dog. The quick brown fox jumps over the lazy dog. The quick brown fox jumps over the lazy dog. The quick brown fox jumps over the lazy dog. The quick brown fox jumps over the lazy dog. The quick brown fox jumps over the lazy dog. The quick brown fox jumps over the lazy dog. The quick brown fox jumps over the lazy dog. The quick brown fox jumps over the lazy dog. The quick brown fox jumps over the lazy dog. The quick brown fox jumps over the lazy dog. The quick brown fox jumps over the lazy dog. The quick brown fox jumps over the lazy dog. The quick brown fox jumps over the lazy dog. The quick brown fox jumps over the lazy dog. The quick brown fox jumps over the lazy dog. The quick brown fox jumps over the lazy dog. The quick brown fox jumps over the lazy dog. The quick brown fox jumps over the lazy dog. The quick brown fox jumps over the lazy dog. The quick brown fox jumps over the lazy dog. The quick brown fox jumps over the lazy dog. The quick brown fox jumps over the lazy dog. The quick brown fox jumps over the lazy dog. The quick brown fox jumps over the lazy dog. The quick brown fox jumps over the lazy dog. The quick brown fox jumps over the lazy dog. The quick brown fox jumps over the lazy dog. The quick brown fox jumps over the lazy dog. The quick brown fox jumps over the lazy dog. The quick brown fox jumps over the lazy dog. The quick brown fox jumps over the lazy dog. The quick brown fox jumps over the lazy dog. The quick brown fox jumps over the lazy dog. The quick brown fox jumps over the lazy dog. The quick brown fox jumps over the lazy dog. The quick brown fox jumps over the lazy dog. The quick brown fox jumps over the lazy dog. The quick brown fox jumps over the lazy dog. The quick brown fox jumps over the lazy dog. The quick brown fox jumps over the lazy dog. The quick brown fox jumps over the lazy dog. The quick brown fox jumps over the lazy dog. The quick brown fox jumps over the lazy dog. The quick brown fox jumps over the lazy dog. The quick brown fox jumps over the lazy dog. The quick brown fox jumps over the lazy dog. The quick brown fox jumps over the lazy dog. The quick brown fox jumps over the lazy dog. The quick brown fox jumps over the lazy dog. The quick brown fox jumps over the lazy dog. The quick brown fox jumps over the lazy dog. The quick brown fox jumps over the lazy dog. The quick brown fox jumps over the lazy dog. The quick brown fox jumps over the lazy dog. The quick brown fox jumps over the lazy dog. The quick brown fox jumps over the lazy dog. The quick brown fox jumps over the lazy dog. The quick brown fox jumps over the lazy dog. The quick brown fox jumps over the lazy dog. The quick brown fox jumps over the lazy dog. The quick brown fox jumps over the lazy dog. The quick brown fox jumps over the lazy dog. The quick brown fox jumps over the lazy dog. The quick brown fox jumps over the lazy dog. The quick brown fox jumps over the lazy dog. The quick brown fox jumps over the lazy dog. The quick brown fox jumps over the lazy dog. The quick brown fox jumps over the lazy dog. The quick brown fox jumps over the lazy dog. The quick brown fox jumps over the lazy dog. The quick brown fox jumps over the lazy dog. The quick brown fox jumps over the lazy dog. The quick brown fox jumps over the lazy dog. The quick brown fox jumps over the lazy dog. The quick brown fox jumps over the lazy dog. The quick brown fox jumps over the lazy dog. The quick brown fox jumps over the lazy dog. The quick brown fox jumps over the lazy dog. The quick brown fox jumps over the lazy dog. The quick brown fox jumps over the lazy dog. The quick brown fox jumps over the lazy dog. The quick brown fox jumps over the lazy dog. The quick brown fox jumps over the lazy dog. The quick brown fox jumps over the lazy dog. The quick brown fox jumps over the lazy dog. The quick brown fox jumps over the lazy dog. The quick brown fox jumps over the lazy dog. The quick brown fox jumps over the lazy dog. The quick brown fox jumps over the lazy dog. The quick brown fox jumps over the lazy dog. The quick brown fox jumps over the lazy dog. The quick brown fox jumps over the lazy dog. The quick brown fox jumps over the lazy dog. The quick brown fox jumps over the lazy dog. The quick brown fox jumps over the lazy dog. The quick brown fox jumps over the lazy dog. The quick brown fox jumps over the lazy dog. The quick brown fox jumps over the lazy dog. The quick brown fox jumps over the lazy dog. The quick brown fox jumps over the lazy dog. The quick brown fox jumps over the lazy dog. The quick brown fox jumps over the lazy dog. The quick brown fox jumps over the lazy dog. The quick brown fox jumps over the lazy dog. The quick brown fox jumps over the lazy dog. The quick brown fox jumps over the lazy dog. The quick brown fox jumps over the lazy dog. The quick brown fox jumps over the lazy dog. The quick brown fox jumps over the lazy dog. The quick brown fox jumps over the lazy dog. The quick brown fox jumps over the lazy dog. The quick brown fox jumps over the lazy dog. The quick brown fox jumps over the lazy dog. The quick brown fox jumps over the lazy dog. The quick brown fox jumps over the lazy dog. The quick brown fox jumps over the lazy dog. The quick brown fox jumps over the lazy dog. The quick brown fox jumps over the lazy dog. The quick brown fox jumps over the lazy dog. The quick brown fox jumps over the lazy dog. The quick brown fox jumps over the lazy dog. The quick brown fox jumps over the lazy dog. The quick brown fox jumps over the lazy dog. The quick brown fox jumps over the lazy dog. The quick brown fox jumps over the lazy dog. The quick brown fox jumps over the lazy dog. The quick brown fox jumps over the lazy dog. The quick brown fox jumps over the lazy dog. The quick brown fox jumps over the lazy dog. The quick brown fox jumps over the lazy dog. The quick brown fox jumps over the lazy dog. The quick brown fox jumps over the lazy dog. The quick brown fox jumps over the lazy dog. The quick brown fox jumps over the lazy dog. The quick brown fox jumps over the lazy dog. The quick brown fox jumps over the lazy dog. The quick brown fox jumps over the lazy dog. The quick brown fox jumps over the lazy dog. The quick brown fox jumps over the lazy dog. The quick brown fox jumps over the lazy dog. The quick brown fox jumps over the lazy dog. The quick brown fox jumps over the lazy dog. The quick brown fox jumps over the lazy dog. The quick brown fox jumps over the lazy dog. The quick brown fox jumps over the lazy dog. The quick brown fox jumps over the lazy dog. The quick brown fox jumps over the lazy dog. The quick brown fox jumps over the lazy dog. The quick brown fox jumps over the lazy dog. The quick brown fox jumps over the lazy dog. The quick brown fox jumps over the lazy dog. The quick brown fox jumps over the lazy dog. The quick brown fox jumps over the lazy dog. The quick brown fox jumps over the lazy dog. The quick brown fox jumps over the lazy dog. The quick brown fox jumps over the lazy dog. The quick brown fox jumps over the lazy dog. The quick brown fox jumps over the lazy dog. The quick brown fox jumps over the lazy dog. The quick brown fox jumps over the lazy dog. The quick brown fox jumps over the lazy dog. The quick brown fox jumps over the lazy dog. The quick brown fox jumps over the lazy dog. The quick brown fox jumps over the lazy dog. The quick brown fox jumps over the lazy dog. The quick brown fox jumps over the lazy dog. The quick brown fox jumps over the lazy dog. The quick brown fox jumps over the lazy dog. The quick brown fox jumps over the lazy dog. The quick brown fox jumps over the lazy dog. The quick brown fox jumps over the lazy dog. The quick brown fox jumps over the lazy dog. The quick brown fox jumps over the lazy dog. The quick brown fox jumps over the lazy dog. The quick brown fox jumps over the lazy dog. The quick brown fox jumps over the lazy dog. The quick brown fox jumps over the lazy dog. The quick brown fox jumps over the lazy dog. The quick brown fox jumps over the lazy dog. The quick brown fox jumps over the lazy dog. The quick brown fox jumps over the lazy dog. The quick brown fox jumps over the lazy dog. The quick brown fox jumps over the lazy dog. The quick brown fox jumps over the lazy dog. The quick brown fox jumps over the lazy dog. The quick brown fox jumps over the lazy dog. The quick brown fox jumps over the lazy dog. The quick brown fox jumps over the lazy dog. The quick brown fox jumps over the lazy dog. The quick brown fox jumps over the lazy dog. The quick brown fox jumps over the lazy dog. The quick brown fox jumps over the lazy dog. The quick brown fox jumps over the lazy dog. The quick brown fox jumps over the lazy dog. The quick brown fox jumps over the lazy dog. The quick brown fox jumps over the lazy dog. The quick brown fox jumps over the lazy dog. The quick brown fox jumps over the lazy dog. The quick brown fox jumps over the lazy dog. The quick brown fox jumps over the lazy dog. The quick brown fox jumps over the lazy dog. The quick brown fox jumps over the lazy dog. The quick brown fox jumps over the lazy dog. The quick brown fox jumps over the lazy dog. The quick brown fox jumps over the lazy dog. The quick brown fox jumps over the lazy dog. The quick brown fox jumps over the lazy dog. The quick brown fox jumps over the lazy dog. The quick brown fox jumps over the lazy dog. The quick brown fox jumps over the lazy dog. The quick brown fox jumps over the lazy dog. The quick brown fox jumps over the lazy dog. The quick brown fox jumps over the lazy dog. The quick brown fox jumps over the lazy dog. The quick brown fox jumps over the lazy dog. The quick brown fox jumps over the lazy dog. The quick brown fox jumps over the lazy dog. The quick brown fox jumps over the lazy dog. The quick brown fox jumps over the lazy dog. The quick brown fox jumps over the lazy dog. The quick brown fox jumps over the lazy dog. The quick brown fox jumps over the lazy dog. The quick brown fox jumps over the lazy dog. The quick brown fox jumps over the lazy dog. The quick brown fox jumps over the lazy dog. The quick brown fox jumps over the lazy dog. The quick brown fox jumps over the lazy dog. The quick brown fox jumps over the lazy dog. The quick brown fox jumps over the lazy dog. The quick brown fox jumps over the lazy dog. The quick brown fox jumps over the lazy dog. The quick brown fox jumps over the lazy dog. The quick brown fox jumps over the lazy dog. The quick brown fox jumps over the lazy dog. The quick brown fox jumps over the lazy dog. The quick brown fox jumps over the lazy dog. The quick brown fox jumps over the lazy dog. The quick brown fox jumps over the lazy dog. The quick brown fox jumps over the lazy dog. The quick brown fox jumps over the lazy dog. The quick brown fox jumps over the lazy dog. The quick brown fox jumps over the lazy dog. The quick brown fox jumps over the lazy dog. The quick brown fox jumps over the lazy dog. The quick brown fox jumps over the lazy dog. The quick brown fox jumps over the lazy dog. The quick brown fox jumps over the lazy dog. The quick brown fox jumps over the lazy dog. The quick brown fox jumps over the lazy dog. The quick brown fox jumps over the lazy dog. The quick brown fox jumps over the lazy dog. The quick brown fox jumps over the lazy dog. The quick brown fox jumps over the lazy dog. The quick brown fox jumps over the lazy dog. The quick brown fox jumps over the lazy dog. The quick brown fox jumps over the lazy dog. The quick brown fox jumps over the lazy dog. The quick brown fox jumps over the lazy dog. The quick brown fox jumps over the lazy dog. The quick brown fox jumps over the lazy dog. The quick brown fox jumps over the lazy dog. The quick brown fox jumps over the lazy dog. The quick brown fox jumps over the lazy dog. The quick brown fox jumps over the lazy dog. The quick brown fox jumps over the lazy dog. The quick brown fox jumps over the lazy dog. The quick brown fox jumps over the lazy dog. The quick brown fox jumps over the lazy dog. The quick brown fox jumps over the lazy dog. The quick brown fox jumps over the lazy dog. The quick brown fox jumps over the lazy dog. The quick brown fox jumps over the lazy dog. The quick brown fox jumps over the lazy dog. The quick brown fox jumps over the lazy dog. The quick brown fox jumps over the lazy dog. The quick brown fox jumps over the lazy dog. The quick brown fox jumps over the lazy dog. The quick brown fox jumps over the lazy dog. The quick brown fox jumps over the lazy dog. The quick brown fox jumps over the lazy dog. The quick brown fox jumps over the lazy dog. The quick brown fox jumps over the lazy dog. The quick brown fox jumps over the lazy dog. The quick brown fox jumps over the lazy dog. The quick brown fox jumps over the lazy dog. The quick brown fox jumps over the lazy dog. The quick brown fox jumps over the lazy dog. The quick brown fox jumps over the lazy dog. The quick brown fox jumps over the lazy dog. The quick brown fox jumps over the lazy dog. The quick brown fox jumps over the lazy dog. The quick brown fox jumps over the lazy dog. The quick brown fox jumps over the lazy dog. The quick brown fox jumps over the lazy dog. The quick brown fox jumps over the lazy dog. The quick brown fox jumps over the lazy dog. The quick brown fox jumps over the lazy dog. The quick brown fox jumps over the lazy dog. The quick brown fox jumps over the lazy dog. The quick brown fox jumps over the lazy dog. The quick brown fox jumps over the lazy dog. The quick brown fox jumps over the lazy dog. The quick brown fox jumps over the lazy dog. The quick brown fox jumps over the lazy dog. The quick brown fox jumps over the lazy dog. The quick brown fox jumps over the lazy dog. The quick brown fox jumps over the lazy dog. The quick brown fox jumps over the lazy dog. The quick brown fox jumps over the lazy dog. The quick brown fox jumps over the lazy dog. The quick brown fox jumps over the lazy dog. The quick brown fox jumps over the lazy dog. The quick brown fox jumps over the lazy dog. The quick brown fox jumps over the lazy dog. The quick brown fox jumps over the lazy dog. The quick brown fox jumps over the lazy dog. The quick brown fox jumps over the lazy dog. The quick brown fox jumps over the lazy dog. The quick brown fox jumps over the lazy dog. The quick brown fox jumps over the lazy dog. The quick brown fox jumps over the lazy dog. The quick brown fox jumps over the lazy dog. The quick brown fox jumps over the lazy dog. The quick brown fox jumps over the lazy dog. The quick brown fox jumps over the lazy dog. The quick brown fox jumps over the lazy dog. The quick brown fox jumps over the lazy dog. The quick brown fox jumps over the lazy dog. The quick brown fox jumps over the lazy dog. The quick brown fox jumps over the lazy dog. The quick brown fox jumps over the lazy dog. The quick brown fox jumps over the lazy dog. The quick brown fox jumps over the lazy dog. The quick brown fox jumps over the lazy dog. The quick brown fox jumps over the lazy dog. The quick brown fox jumps over the lazy dog. The quick brown fox jumps over the lazy dog. The quick brown fox jumps over the lazy dog. The quick brown fox jumps over the lazy dog. The quick brown fox jumps over the lazy dog. The quick brown fox jumps over the lazy dog. The quick brown fox jumps over the lazy dog. The quick brown fox jumps over the lazy dog. The quick brown fox jumps over the lazy dog. The quick brown fox jumps over the lazy dog. The quick brown fox jumps over the lazy dog. The quick brown fox jumps over the lazy dog. The quick brown fox jumps over the lazy dog. The quick brown fox jumps over the lazy dog. The quick brown fox jumps over the lazy dog. The quick brown fox jumps over the lazy dog. The quick brown fox jumps over the lazy dog. The quick brown fox jumps over the lazy dog. The quick brown fox jumps over the lazy dog. The quick brown fox jumps over the lazy dog. The quick brown fox jumps over the lazy dog. The quick brown fox jumps over the lazy dog. The quick brown fox jumps over the lazy dog. The quick brown fox jumps over the lazy dog. The quick brown fox jumps over the lazy dog. The quick brown fox jumps over the lazy dog. The quick brown fox jumps over the lazy dog. The quick brown fox jumps over the lazy dog. The quick brown fox jumps over the lazy dog. The quick brown fox jumps over the lazy dog. The quick brown fox jumps over the lazy dog. The quick brown fox jumps over the lazy dog. The quick brown fox jumps over the lazy dog. The quick brown fox jumps over the lazy dog. The quick brown fox jumps over the lazy dog. The quick brown fox jumps over the lazy dog. The quick brown fox jumps over the lazy dog. The quick brown fox jumps over the lazy dog. The quick brown fox jumps over the lazy dog. The quick brown fox jumps over the lazy dog. The quick brown fox jumps over the lazy dog. The quick brown fox jumps over the lazy dog. The quick brown fox jumps over the lazy dog. The quick brown fox jumps over the lazy dog. The quick brown fox jumps over the lazy dog. The quick brown fox jumps over the lazy dog. The quick brown fox jumps over the lazy dog. The quick brown fox jumps over the lazy dog. The quick brown fox jumps over the lazy dog. The quick brown fox jumps over the lazy dog. The quick brown fox jumps over the lazy dog. The quick brown fox jumps over the lazy dog. The quick brown fox jumps over the lazy dog. The quick brown fox jumps over the lazy dog. The quick brown fox jumps over the lazy dog. The quick brown fox jumps over the lazy dog. The quick brown fox jumps over the lazy dog. The quick brown fox jumps over the lazy dog. The quick brown fox jumps over the lazy dog. The quick brown fox jumps over the lazy dog. The quick brown fox jumps over the lazy dog. The quick brown fox jumps over the lazy dog. The quick brown fox jumps over the lazy dog. The quick brown fox jumps over the lazy dog. The quick brown fox jumps over the lazy dog. The quick brown fox jumps over the lazy dog. The quick brown fox jumps over the lazy dog. The quick brown fox jumps over the lazy dog. The quick brown fox jumps over the lazy dog. The quick brown fox jumps over the lazy dog. The quick brown fox jumps over the lazy dog. The quick brown fox jumps over the lazy dog. The quick brown fox jumps over the lazy dog. The quick brown fox jumps over the lazy dog. The quick brown fox jumps over the lazy dog. The quick brown fox jumps over the lazy dog. The quick brown fox jumps over the lazy dog. The quick brown fox jumps over the lazy dog. The quick brown fox jumps over the lazy dog. The quick brown fox jumps over the lazy dog. The quick brown fox jumps over the lazy dog. The quick brown fox jumps over the lazy dog. The quick brown fox jumps over the lazy dog. The quick brown fox jumps over the lazy dog. The quick brown fox jumps over the lazy dog. The quick brown fox jumps over the lazy dog. The quick brown fox jumps over the lazy dog. The quick brown fox jumps over the lazy dog. The quick brown fox jumps over the lazy dog. The quick brown fox jumps over the lazy dog. The quick brown fox jumps over the lazy dog. The quick brown fox jumps over the lazy dog. The quick brown fox jumps over the lazy dog. The quick brown fox jumps over the lazy dog. The quick brown fox jumps over the lazy dog. The quick brown fox jumps over the lazy dog. The quick brown fox jumps over the lazy dog. The quick brown fox jumps over the lazy dog. The quick brown fox jumps over the lazy dog. The quick brown fox jumps over the lazy dog. The quick brown fox jumps over the lazy dog. The quick brown fox jumps over the lazy dog. The quick brown fox jumps over the lazy dog. The quick brown fox jumps over the lazy dog. The quick brown fox jumps over the lazy dog. The quick brown fox jumps over the lazy dog. The quick brown fox jumps over the lazy dog. The quick brown fox jumps over the lazy dog. The quick brown fox jumps over the lazy dog. The quick brown fox jumps over the lazy dog. The quick brown fox jumps over the lazy dog. The quick brown fox jumps over the lazy dog. The quick brown fox jumps over the lazy dog. The quick brown fox jumps over the lazy dog. The quick brown fox jumps over the lazy dog. The quick brown fox jumps over the lazy dog. The quick brown fox jumps over the lazy dog. The quick brown fox jumps over the lazy dog. The quick brown fox jumps over the lazy dog. The quick brown fox jumps over the lazy dog. The quick brown fox jumps over the lazy dog. The quick brown fox jumps over the lazy dog. The quick brown fox jumps over the lazy dog. The quick brown fox jumps over the lazy dog. The quick brown fox jumps over the lazy dog. The quick brown fox jumps over the lazy dog. The quick brown fox jumps over the lazy dog. The quick brown fox jumps over the lazy dog. The quick brown fox jumps over the lazy dog. The quick brown fox jumps over the lazy dog. The quick brown fox jumps over the lazy dog. The quick brown fox jumps over the lazy dog. The quick brown fox jumps over the lazy dog. The quick brown fox jumps over the lazy dog. The quick brown fox jumps over the lazy dog. The quick brown fox jumps over the lazy dog. The quick brown fox jumps over the lazy dog. The quick brown fox jumps over the lazy dog. The quick brown fox jumps over the lazy dog. The quick brown fox jumps over the lazy dog. The quick brown fox jumps over the lazy dog. The quick brown fox jumps over the lazy dog. The quick brown fox jumps over the lazy dog. The quick brown fox jumps over the lazy dog. The quick brown fox jumps over the lazy dog. The quick brown fox jumps over the lazy dog. The quick brown fox jumps over the lazy dog. The quick brown fox jumps over the lazy dog. The quick brown fox jumps over the lazy dog. The quick brown fox jumps over the lazy dog. The quick brown fox jumps over the lazy dog. The quick brown fox jumps over the lazy dog. The quick brown fox jumps over the lazy dog. The quick brown fox jumps over the lazy dog. The quick brown fox jumps over the lazy dog. The quick brown fox jumps over the lazy dog. The quick brown fox jumps over the lazy dog. The quick brown fox jumps over the lazy dog. The quick brown fox jumps over the lazy dog. The quick brown fox jumps over the lazy dog. The quick brown fox jumps over the lazy dog. The quick brown fox jumps over the lazy dog. The quick brown fox jumps over the lazy dog. The quick brown fox jumps over the lazy dog. The quick brown fox jumps over the lazy dog. The quick brown fox jumps over the lazy dog. The quick brown fox jumps over the lazy dog. The quick brown fox jumps over the lazy dog. The quick brown fox jumps over the lazy dog. The quick brown fox jumps over the lazy dog. The quick brown fox jumps over the lazy dog. The quick brown fox jumps over the lazy dog. The quick brown fox jumps over the lazy dog. The quick brown fox jumps over the lazy dog. The quick brown fox jumps over the lazy dog. The quick brown fox jumps over the lazy dog. The quick brown fox jumps over the lazy dog. The quick brown fox jumps over the lazy dog. The quick brown fox jumps over the lazy dog. The quick brown fox jumps over the lazy dog. The quick brown fox jumps over the lazy dog. The quick brown fox jumps over the lazy dog. The quick brown fox jumps over the lazy dog. The quick brown fox jumps over the lazy dog. The quick brown fox jumps over the lazy dog. The quick brown fox jumps over the lazy dog. The quick brown fox jumps over the lazy dog. The quick brown fox jumps over the lazy dog. The quick brown fox jumps over the lazy dog. The quick brown fox jumps over the lazy dog. The quick brown fox jumps over the lazy dog. The quick brown fox jumps over the lazy dog. The quick brown fox jumps over the lazy dog. The quick brown fox jumps over the lazy dog. The quick brown fox jumps over the lazy dog. The quick brown fox jumps over the lazy dog. The quick brown fox jumps over the lazy dog. The quick brown fox jumps over the lazy dog. The quick brown fox jumps over the lazy dog. The quick brown fox jumps over the lazy dog. The quick brown fox jumps over the lazy dog. The quick brown fox jumps over the lazy dog. The quick brown fox jumps over the lazy dog. The quick brown fox jumps over the lazy dog. The quick brown fox jumps over the lazy dog. The quick brown fox jumps over the lazy dog. The quick brown fox jumps over the lazy dog. The quick brown fox jumps over the lazy dog. The quick brown fox jumps over the lazy dog. The quick brown fox jumps over the lazy dog. The quick brown fox jumps over the lazy dog. The quick brown fox jumps over the lazy dog. The quick brown fox jumps over the lazy dog. The quick brown fox jumps over the lazy dog. The quick brown fox jumps over the lazy dog. The quick brown fox jumps over the lazy dog. The quick brown fox jumps over the lazy dog. The quick brown fox jumps over the lazy dog. The quick brown fox jumps over the lazy dog. The quick brown fox jumps over the lazy dog. The quick brown fox jumps over the lazy dog. The quick brown fox jumps over the lazy dog. The quick brown fox jumps over the lazy dog. The quick brown fox jumps over the lazy dog. The quick brown fox jumps over the lazy dog. The quick brown fox jumps over the lazy dog. The quick brown fox jumps over the lazy dog. The quick brown fox jumps over the lazy dog. The quick brown fox jumps over the lazy dog. The quick brown fox jumps over the lazy dog. The quick brown fox jumps over the lazy dog. The quick brown fox jumps over the lazy dog. The quick brown fox jumps over the lazy dog. The quick brown fox jumps over the lazy dog. The quick brown fox jumps over the lazy dog. The quick brown fox jumps over the lazy dog. The quick brown fox jumps over the lazy dog. The quick brown fox jumps over the lazy dog. The quick brown fox jumps over the lazy dog. The quick brown fox jumps over the lazy dog. The quick brown fox jumps over the lazy dog. The quick brown fox jumps over the lazy dog. The quick brown fox jumps over the lazy dog. The quick brown fox jumps over the lazy dog. The quick brown fox jumps over the lazy dog. The quick brown fox jumps over the lazy dog. The quick brown fox jumps over the lazy dog. The quick brown fox jumps over the lazy dog. The quick brown fox jumps over the lazy dog. The quick brown fox jumps over the lazy dog. The quick brown fox jumps over the lazy dog. The quick brown fox jumps over the lazy dog. The quick brown fox jumps over the lazy dog. The quick brown fox jumps over the lazy dog. The quick brown fox jumps over the lazy dog. The quick brown fox jumps over the lazy dog. The quick brown fox jumps over the lazy dog. The quick brown fox jumps over the lazy dog. The quick brown fox jumps over the lazy dog. The quick brown fox jumps over the lazy dog. The quick brown fox jumps over the lazy dog. The quick brown fox jumps over the lazy dog. The quick brown fox jumps over the lazy dog. The quick brown fox jumps over the lazy dog. The quick brown fox jumps over the lazy dog. The quick brown fox jumps over the lazy dog. The quick brown fox jumps over the lazy dog. The quick brown fox jumps over the lazy dog. The quick brown fox jumps over the lazy dog. The quick brown fox jumps over the lazy dog. The quick brown fox jumps over the lazy dog. The quick brown fox jumps over the lazy dog. The quick brown fox jumps over the lazy dog. The quick brown fox jumps over the lazy dog. The quick brown fox jumps over the lazy dog. The quick brown fox jumps over the lazy dog. The quick brown fox jumps over the lazy dog. The quick brown fox jumps over the lazy dog. The quick brown fox jumps over the lazy dog. The quick brown fox jumps over the lazy dog. The quick brown fox jumps over the lazy dog. The quick brown fox jumps over the lazy dog. The quick brown fox jumps over the lazy dog. The quick brown fox jumps over the lazy dog. The quick brown fox jumps over the lazy dog. The quick brown fox jumps over the lazy dog. The quick brown fox jumps over the lazy dog. The quick brown fox jumps over the lazy dog. The quick brown fox jumps over the lazy dog. The quick brown fox jumps over the lazy dog. The quick brown fox jumps over the lazy dog. The quick brown fox jumps over the lazy dog. The quick brown fox jumps over the lazy dog. The quick brown fox jumps over the lazy dog. The quick brown fox jumps over the lazy dog. The quick brown fox jumps over the lazy dog. The quick brown fox jumps over the lazy dog. The quick brown fox jumps over the lazy dog. The quick brown fox jumps over the lazy dog. The quick brown fox jumps over the lazy dog. The quick brown fox jumps over the lazy dog. The quick brown fox jumps over the lazy dog. The quick brown fox jumps over the lazy dog. The quick brown fox jumps over the lazy dog. The quick brown fox jumps over the lazy dog. The quick brown fox jumps over the lazy dog. The quick brown fox jumps over the lazy dog. The quick brown fox jumps over the lazy dog. The quick brown fox jumps over the lazy dog. The quick brown fox jumps over the lazy dog. The quick brown fox jumps over the lazy dog. The quick brown fox jumps over the lazy dog. The quick brown fox jumps over the lazy dog. The quick brown fox jumps over the lazy dog. The quick brown fox jumps over the lazy dog. The quick brown fox jumps over the lazy dog. The quick brown fox jumps over the lazy dog. The quick brown fox jumps over the lazy dog. The quick brown fox jumps over the lazy dog. The quick brown fox jumps over the lazy dog. The quick brown fox jumps over the lazy dog. The quick brown fox jumps over the lazy dog. The quick brown fox jumps over the lazy dog. The quick brown fox jumps over the lazy dog. The quick brown fox jumps over the lazy dog. The quick brown fox jumps over the lazy dog. The quick brown fox jumps over the lazy dog. The quick brown fox jumps over the lazy dog. The quick brown fox jumps over the lazy dog. The quick brown fox jumps over the lazy dog. The quick brown fox jumps over the lazy dog. The quick brown fox jumps over the lazy dog. The quick brown fox jumps over the lazy dog. The quick brown fox jumps over the lazy dog. The quick brown fox jumps over the lazy dog. The quick brown fox jumps over the lazy dog. The quick brown fox jumps over the lazy dog. The quick brown fox jumps over the lazy dog. The quick brown fox jumps over the lazy dog. The quick brown fox jumps over the lazy dog. The quick brown fox jumps over the lazy dog. The quick brown fox jumps over the lazy dog. The quick brown fox jumps over the lazy dog. The quick brown fox jumps over the lazy dog. The quick brown fox jumps over the lazy dog. The quick brown fox jumps over the lazy dog. The quick brown fox jumps over the lazy dog. The quick brown fox jumps over the lazy dog. The quick brown fox jumps over the lazy dog. The quick brown fox jumps over the lazy dog. The quick brown fox jumps over the lazy dog. The quick brown fox jumps over the lazy dog. The quick brown fox jumps over the lazy dog. The quick brown fox jumps over the lazy dog. The quick brown fox jumps over the lazy dog. The quick brown fox jumps over the lazy dog. The quick brown fox jumps over the lazy dog. The quick brown fox jumps over the lazy dog. The quick brown fox jumps over the lazy dog. The quick brown fox jumps over the lazy dog. The quick brown fox jumps over the lazy dog. The quick brown fox jumps over the lazy dog. The quick brown fox jumps over the lazy dog. The quick brown fox jumps over the lazy dog. The quick brown fox jumps over the lazy dog. The quick brown fox jumps over the lazy dog. The quick brown fox jumps over the lazy dog. The quick brown fox jumps over the lazy dog. The quick brown fox jumps over the lazy dog. The quick brown fox jumps over the lazy dog. The quick brown fox jumps over the lazy dog. The quick brown fox jumps over the lazy dog. The quick brown fox jumps over the lazy dog. The quick brown fox jumps over the lazy dog. The quick brown fox jumps over the lazy dog. The quick brown fox jumps over the lazy dog. The quick brown fox jumps over the lazy dog. The quick brown fox jumps over the lazy dog. The quick brown fox jumps over the lazy dog. The quick brown fox jumps over the lazy dog. The quick brown fox jumps over the lazy dog. The quick brown fox jumps over the lazy dog. The quick brown fox jumps over the lazy dog. The quick brown fox jumps over the lazy dog. The quick brown fox jumps over the lazy dog. The quick brown fox jumps over the lazy dog. Summarise the text above.",
1790604159.228	    "stream": true
1790604159.228	}
1790604159.228	[🟢 ]  NPU Locked!
1790604159.228	[FLM]  Start generating...
1790604159.235	[FLM]  Prefill chunk 1/3 with 4096 tokens
1790604159.527	[🔴 ]  Client disconnected; cancelling active request
1790604159.528	[🔗 ]  TCP connection established - Remote: 127.0.0.1:58574
1790604159.528	[TCP]  Read 270 bytes from socket
1790604159.528	================================================
1790604159.528	[⬇️ ]  Incoming Request: POST
1790604159.528	[LOG]  Time stamp: 17:02:39 09:28:2026
1790604159.528	[LOG]  Target: /api/chat
1790604159.528	[LOG]  Version: 11
1790604159.528	[LOG]  Keep-Alive: 1
1790604159.528	[LOG]  Body: 
1790604159.528	{
1790604159.528	    "messages": [
1790604159.528	        {
1790604159.528	            "content": "Say hi.",
1790604159.528	            "role": "user"
1790604159.528	        }
1790604159.528	    ],
1790604159.528	    "model": "gemma4-it:e4b",
1790604159.528	    "options": {
1790604159.528	        "num_predict": 4
1790604159.528	    },
1790604159.528	    "stream": false,
1790604159.528	    "top_k": 1
1790604159.528	}
1790604159.528	[🕒 ]  NPU busy, request queued (1/10): POST /api/chat
1790604165.503	[❌ ]  Prefill Cancelled!
1790604165.839	[🟡 ]  Dequeuing NPU request (0 remaining)...
1790604165.839	[FLM]  Start generating...
1790604165.839	[FLM]  Total images: 0
1790604165.839	[FLM]  Prefill chunk 1/1 with 12 tokens
1790604167.507	[31m[FLM]  Creating checkpoint at context length 12[0m
1790604167.509	[31m[FLM]  Restoring checkpoint at context length 12[0m
1790604167.555	[31m[FLM]  Checkpoint before generation: 12, restore point: 12, user context length: 12[0m
1790604167.912	
1790604167.912	[FLM]  Model RAW Output: 
1790604167.912	Hi! How can I
1790604167.912	[🔵 ]  NPU Lock Released!
1790604167.912	================================================
1790604167.912	[🔒 ]  TCP connection closed - Remote: 127.0.0.1:58574
1790604168.981	[🔗 ]  TCP connection established - Remote: 127.0.0.1:44798
1790604168.981	[TCP]  Read 344 bytes from socket
1790604168.981	================================================
1790604168.981	[⬇️ ]  Incoming Request: POST
1790604168.981	[LOG]  Time stamp: 17:02:48 09:28:2026
1790604168.981	[LOG]  Target: /v1/chat/completions
1790604168.981	[LOG]  Version: 11
1790604168.981	[LOG]  Keep-Alive: 1
1790604168.981	[LOG]  Body: 
1790604168.981	{
1790604168.981	    "max_tokens": 512,
1790604168.981	    "messages": [
1790604168.981	        {
1790604168.981	            "content": "Write a de...ing press.",
1790604168.981	            "role": "user"
1790604168.981	        }
1790604168.981	    ],
1790604168.981	    "model": "gemma4-it:e4b",
1790604168.981	    "stream": true,
1790604168.981	    "top_k": 1
1790604168.981	}
1790604168.981	[🟢 ]  NPU Locked!
1790604168.981	[FLM]  Start prefill...
1790604168.981	[FLM]  Total images: 0
1790604168.981	[FLM]  Prefill chunk 1/1 with 30 tokens
1790604170.485	[FLM]  Start generating...
1790604210.461	
1790604210.461	[FLM]  Model RAW Output: 
1790604210.461	## The Unfolding Page: A History of the Printing Press and the Transformation of Human Civilization
1790604210.461	
1790604210.461	The history of human civilization is inextricably linked to the ability to store, disseminate, and share knowledge. Before the advent of mechanical reproduction, information was a painstakingly crafted artifact—a manuscript laboriously copied by scribes in monasteries or scriptoriums. Books were luxuries, repositories of elite wisdom accessible only to the privileged few. The slow churn of parchment and vellum dictated the pace of intellectual life, limiting revolutions in thought, science, and governance. Then came the printing press: a technological innovation so profound that it did not merely improve communication; it fundamentally rewired human society.
1790604210.461	
1790604210.461	The story of the printing press is not a single, monolithic event but rather a centuries-long evolution—a gradual convergence of metallurgy, mechanical engineering, chemical understanding, and societal demand. It is a narrative spanning from ancient woodblock techniques to Gutenberg’s movable type revolution in Mainz, and subsequently through the industrialization of print that defined the modern era. To trace this history is to chart the trajectory of modernity itself: from localized dogma to global discourse.
1790604210.461	
1790604210.461	### I. Precursors and Proto-Printing Technologies (Antiquity to Medieval Period)
1790604210.461	
1790604210.461	The desire to reproduce images and texts predates Gutenberg by millennia, driven by religious needs, administrative requirements, and artistic patronage. The earliest forms of mass communication were not "printing" in the modern sense but rather methods of stamping or carving for replication.
1790604210.461	
1790604210.461	**A. Woodblock Printing (Xylography):**
1790604210.461	The most ancient form of mechanical reproduction is woodblock printing. In China, this technique flourished as early as the Tang Dynasty (7th–10th centuries CE). Artisans would carve an entire page—text and image combined—into a single block of wood. This block was then inked and pressed onto paper or fabric. Early examples, such as Buddhist texts from the 8th century, demonstrate sophisticated artistry within this medium.
1790604210.461	
1790604210.461	Woodblock printing was highly effective for religious iconography and popular literature in East Asia because it allowed for relatively rapid reproduction of standardized images. However, its limitations were significant: each page required a unique block carving, making customization difficult and production slow when compared to later methods. Furthermore, the process was inherently static; if an error needed correction, the entire block had to be recarved.
1790604210.461	
1790604210.461	**B. Movable Type in East Asia:**
1790604210.461	While woodblock printing dominated early Asian textual reproduction, the concept of *movable type*—individual characters that could be arranged and reused
1790604210.462	[31m[FLM]  Creating checkpoint at context length 542[0m
1790604210.463	ChatCompletionChunk: {"id":"chatcmpl-5999f1132a066ae5cd90d939","object":"chat.completion.chunk","created":1790604168,"model":"gemma4-it:e4b","system_fingerprint":"fp_95c2c7156b14a7c2","choices":[{"index":0,"delta":{"content":null},"finish_reason":"length"}],"usage":{"prompt_tokens":30,"completion_tokens":512,"total_tokens":542,"active_kv_tokens":542,"max_kv_token_capacity":32768,"kv_token_occupancy_rate_percentage":1.654052734375,"load_duration":1.763e-06,"prefill_duration_ttft":1.503796352,"decoding_duration":39.822504,"prefill_speed_tps":19.949509759151216,"decoding_speed_tps":12.857051882021281}}
1790604210.463	[🔒 ]  Closing TCP connection (streaming, non-keep-alive)
1790604210.463	[🔵 ]  NPU Lock Released!
1790604210.497	[🔗 ]  TCP connection established - Remote: 127.0.0.1:55454
1790604210.497	[TCP]  Read 344 bytes from socket
1790604210.497	================================================
1790604210.497	[⬇️ ]  Incoming Request: POST
1790604210.497	[LOG]  Time stamp: 17:03:30 09:28:2026
1790604210.497	[LOG]  Target: /v1/chat/completions
1790604210.497	[LOG]  Version: 11
1790604210.497	[LOG]  Keep-Alive: 1
1790604210.497	[LOG]  Body: 
1790604210.497	{
1790604210.497	    "max_tokens": 512,
1790604210.497	    "messages": [
1790604210.497	        {
1790604210.497	            "content": "Write a de...ing press.",
1790604210.497	            "role": "user"
1790604210.497	        }
1790604210.497	    ],
1790604210.497	    "model": "gemma4-it:e4b",
1790604210.497	    "stream": true,
1790604210.497	    "top_k": 1
1790604210.497	}
1790604210.497	[🟢 ]  NPU Locked!
1790604210.497	[FLM]  Prompt cache miss.
1790604210.497	[FLM]  Clearing context...
1790604210.533	[FLM]  Start prefill...
1790604210.533	[FLM]  Total images: 0
1790604210.533	[FLM]  Prefill chunk 1/1 with 30 tokens
1790604211.765	[FLM]  Start generating...
1790604212.056	[🔴 ]  Client disconnected; cancelling active request
1790604212.057	[🔗 ]  TCP connection established - Remote: 127.0.0.1:46014
1790604212.057	[TCP]  Read 270 bytes from socket
1790604212.057	================================================
1790604212.057	[⬇️ ]  Incoming Request: POST
1790604212.057	[LOG]  Time stamp: 17:03:32 09:28:2026
1790604212.057	[LOG]  Target: /api/chat
1790604212.057	[LOG]  Version: 11
1790604212.057	[LOG]  Keep-Alive: 1
1790604212.057	[LOG]  Body: 
1790604212.057	{
1790604212.057	    "messages": [
1790604212.057	        {
1790604212.057	            "content": "Say hi.",
1790604212.057	            "role": "user"
1790604212.057	        }
1790604212.057	    ],
1790604212.057	    "model": "gemma4-it:e4b",
1790604212.057	    "options": {
1790604212.057	        "num_predict": 4
1790604212.057	    },
1790604212.057	    "stream": false,
1790604212.057	    "top_k": 1
1790604212.057	}
1790604212.057	[🕒 ]  NPU busy, request queued (1/10): POST /api/chat
1790604212.133	
1790604212.133	[FLM]  Model RAW Output: 
1790604212.133	## The Unfolding Page:
1790604212.133	[31m[FLM]  Creating checkpoint at context length 35[0m
1790604212.135	[❌ ]  Generation Cancelled!
1790604212.135	ChatCompletionChunk: {"id":"chatcmpl-a36da19a3a7a96150c661cbe","object":"chat.completion.chunk","created":1790604210,"model":"gemma4-it:e4b","system_fingerprint":"fp_7760e50162e38a40","choices":[{"index":0,"delta":{"content":null},"finish_reason":"cancel"}],"usage":{"prompt_tokens":30,"completion_tokens":5,"total_tokens":35,"active_kv_tokens":35,"max_kv_token_capacity":32768,"kv_token_occupancy_rate_percentage":0.1068115234375,"load_duration":1.894e-06,"prefill_duration_ttft":1.231839488,"decoding_duration":0.366414,"prefill_speed_tps":24.353822305784046,"decoding_speed_tps":13.645766810220133}}
1790604212.468	[🟡 ]  Dequeuing NPU request (0 remaining)...
1790604212.468	[FLM]  Start generating...
1790604212.468	[FLM]  Total images: 0
1790604212.468	[FLM]  Conversation context diverged from cache, clearing context...
1790604212.504	[FLM]  Prefill chunk 1/1 with 12 tokens
1790604213.726	[31m[FLM]  Creating checkpoint at context length 12[0m
1790604213.727	[31m[FLM]  Restoring checkpoint at context length 12[0m
1790604213.764	[31m[FLM]  Checkpoint before generation: 12, restore point: 12, user context length: 12[0m
1790604214.050	
1790604214.050	[FLM]  Model RAW Output: 
1790604214.050	Hi! How can I
1790604214.050	[🔵 ]  NPU Lock Released!
1790604214.050	================================================
1790604214.050	[🔒 ]  TCP connection closed - Remote: 127.0.0.1:46014
1790604215.103	[🔗 ]  TCP connection established - Remote: 127.0.0.1:46016
1790604215.103	[TCP]  Read 54288 bytes from socket
1790604215.103	================================================
1790604215.103	[⬇️ ]  Incoming Request: POST
1790604215.103	[LOG]  Time stamp: 17:03:35 09:28:2026
1790604215.103	[LOG]  Target: /v1/chat/completions
1790604215.103	[LOG]  Version: 11
1790604215.103	[LOG]  Keep-Alive: 1
1790604215.103	[LOG]  Body: 
1790604215.103	{
1790604215.103	    "max_tokens": 512,
1790604215.103	    "messages": [
1790604215.103	        {
1790604215.103	            "content": "The quick ...ext above.",
1790604215.103	            "role": "user"
1790604215.103	        }
1790604215.103	    ],
1790604215.103	    "model": "gemma4-it:e4b",
1790604215.103	    "stream": true,
1790604215.103	    "top_k": 1
1790604215.103	}
1790604215.103	[🟢 ]  NPU Locked!
1790604215.104	[FLM]  Prompt cache miss.
1790604215.104	[FLM]  Clearing context...
1790604215.138	[FLM]  Start prefill...
1790604215.138	[FLM]  Total images: 0
1790604215.145	[FLM]  Prefill chunk 1/3 with 4096 tokens
1790604215.403	[🔴 ]  Client disconnected; cancelling active request
1790604215.403	[🔗 ]  TCP connection established - Remote: 127.0.0.1:46020
1790604215.404	[TCP]  Read 270 bytes from socket
1790604215.404	================================================
1790604215.404	[⬇️ ]  Incoming Request: POST
1790604215.404	[LOG]  Time stamp: 17:03:35 09:28:2026
1790604215.404	[LOG]  Target: /api/chat
1790604215.404	[LOG]  Version: 11
1790604215.404	[LOG]  Keep-Alive: 1
1790604215.404	[LOG]  Body: 
1790604215.404	{
1790604215.404	    "messages": [
1790604215.404	        {
1790604215.404	            "content": "Say hi.",
1790604215.404	            "role": "user"
1790604215.404	        }
1790604215.404	    ],
1790604215.404	    "model": "gemma4-it:e4b",
1790604215.404	    "options": {
1790604215.404	        "num_predict": 4
1790604215.404	    },
1790604215.404	    "stream": false,
1790604215.404	    "top_k": 1
1790604215.404	}
1790604215.404	[🕒 ]  NPU busy, request queued (1/10): POST /api/chat
1790604221.440	[❌ ]  Prefill Cancelled!
1790604221.440	ChatCompletionChunk: {"id":"chatcmpl-152bd9e64abec72355a4faac","object":"chat.completion.chunk","created":1790604215,"model":"gemma4-it:e4b","system_fingerprint":"fp_7d275275788fa999","choices":[{"index":0,"delta":{"content":null},"finish_reason":"cancel"}],"usage":{"prompt_tokens":12015,"completion_tokens":0,"total_tokens":12015,"active_kv_tokens":0,"max_kv_token_capacity":32768,"kv_token_occupancy_rate_percentage":0.0,"load_duration":1.913e-06,"prefill_duration_ttft":6.29430016,"decoding_duration":0.0,"prefill_speed_tps":1908.8698814134723,"decoding_speed_tps":null}}
1790604221.773	[🟡 ]  Dequeuing NPU request (0 remaining)...
1790604221.773	[FLM]  Start generating...
1790604221.773	[FLM]  Total images: 0
1790604221.773	[FLM]  Prefill chunk 1/1 with 12 tokens
1790604223.024	[31m[FLM]  Creating checkpoint at context length 12[0m
1790604223.025	[31m[FLM]  Restoring checkpoint at context length 12[0m
1790604223.057	[31m[FLM]  Checkpoint before generation: 12, restore point: 12, user context length: 12[0m
1790604223.352	
1790604223.352	[FLM]  Model RAW Output: 
1790604223.352	Hi! How can I
1790604223.352	[🔵 ]  NPU Lock Released!
1790604223.352	================================================
1790604223.352	[🔒 ]  TCP connection closed - Remote: 127.0.0.1:46020
1790604224.405	[🔗 ]  TCP connection established - Remote: 127.0.0.1:48086
1790604224.405	[TCP]  Read 306 bytes from socket
1790604224.405	================================================
1790604224.405	[⬇️ ]  Incoming Request: POST
1790604224.405	[LOG]  Time stamp: 17:03:44 09:28:2026
1790604224.405	[LOG]  Target: /v1/completions
1790604224.405	[LOG]  Version: 11
1790604224.405	[LOG]  Keep-Alive: 1
1790604224.405	[LOG]  Body: 
1790604224.405	{
1790604224.405	    "max_tokens": 512,
1790604224.405	    "model": "gemma4-it:e4b",
1790604224.405	    "prompt": "Write a detailed essay of at least 2000 words on the history of the printing press.",
1790604224.405	    "stream": true,
1790604224.405	    "top_k": 1
1790604224.405	}
1790604224.405	[FLM]  Start generating...
1790604224.406	[FLM]  Prefill chunk 1/1 with 30 tokens
1790604264.441	
1790604264.441	[FLM]  Model RAW Output: 
1790604264.441	## The Unfolding Page: A History of the Printing Press and the Transformation of Human Civilization
1790604264.441	
1790604264.441	The history of human civilization is inextricably linked to the ability to store, disseminate, and share knowledge. Before the advent of mechanical reproduction, information was a painstakingly crafted artifact—a manuscript laboriously copied by scribes in monasteries or scriptoriums. Books were luxuries, repositories of elite wisdom accessible only to the privileged few. The slow churn of parchment and vellum dictated the pace of intellectual life, limiting revolutions in thought, science, and governance. Then came the printing press: a technological innovation so profound that it did not merely improve communication; it fundamentally rewired human society.
1790604264.441	
1790604264.441	The story of the printing press is not a single, monolithic event but rather a centuries-long evolution—a gradual convergence of metallurgy, mechanical engineering, chemical understanding, and societal demand. It is a narrative spanning from ancient woodblock techniques to Gutenberg’s movable type revolution in Mainz, and subsequently through the industrialization of print that defined the modern era. To trace this history is to chart the trajectory of modernity itself: from localized dogma to global discourse.
1790604264.441	
1790604264.441	### I. Precursors and Proto-Printing Technologies (Antiquity to Medieval Period)
1790604264.441	
1790604264.441	The desire to reproduce images and texts predates Gutenberg by millennia, driven by religious needs, administrative requirements, and artistic patronage. The earliest forms of mass communication were not "printing" in the modern sense but rather methods of stamping or carving for replication.
1790604264.441	
1790604264.441	**A. Woodblock Printing (Xylography):**
1790604264.441	The most ancient form of mechanical reproduction is woodblock printing. In China, this technique flourished as early as the Tang Dynasty (7th–10th centuries CE). Artisans would carve an entire page—text and image combined—into a single block of wood. This block was then inked and pressed onto paper or fabric. Early examples, such as Buddhist texts from the 8th century, demonstrate sophisticated artistry within this medium.
1790604264.441	
1790604264.441	Woodblock printing was highly effective for religious iconography and popular literature in East Asia because it allowed for relatively rapid reproduction of standardized images. However, its limitations were significant: each page required a unique block carving, making customization difficult and production slow when compared to later methods. Furthermore, the process was inherently static; if an error needed correction, the entire block had to be recarved.
1790604264.441	
1790604264.441	**B. Movable Type in East Asia:**
1790604264.441	While woodblock printing dominated early Asian textual reproduction, the concept of *movable type*—individual characters that could be arranged and reused
1790604264.441	[31m[FLM]  Creating checkpoint at context length 542[0m
1790604264.442	[🔒 ]  Closing TCP connection (streaming, non-keep-alive)
1790604264.476	[🔗 ]  TCP connection established - Remote: 127.0.0.1:32942
1790604264.476	[TCP]  Read 306 bytes from socket
1790604264.476	================================================
1790604264.476	[⬇️ ]  Incoming Request: POST
1790604264.476	[LOG]  Time stamp: 17:04:24 09:28:2026
1790604264.476	[LOG]  Target: /v1/completions
1790604264.476	[LOG]  Version: 11
1790604264.476	[LOG]  Keep-Alive: 1
1790604264.476	[LOG]  Body: 
1790604264.476	{
1790604264.476	    "max_tokens": 512,
1790604264.476	    "model": "gemma4-it:e4b",
1790604264.476	    "prompt": "Write a detailed essay of at least 2000 words on the history of the printing press.",
1790604264.476	    "stream": true,
1790604264.476	    "top_k": 1
1790604264.476	}
1790604264.476	[FLM]  Start generating...
1790604264.477	[FLM]  Prefill chunk 1/1 with 30 tokens
1790604265.935	[🔴 ]  Client disconnected; cancelling active request
1790604266.006	
1790604266.006	[FLM]  Model RAW Output: 
1790604266.006	## The Unfolding Page:
1790604266.006	[31m[FLM]  Creating checkpoint at context length 35[0m
1790604266.008	[❌ ]  Generation Cancelled!
1790604266.985	[🔗 ]  TCP connection established - Remote: 127.0.0.1:32950
1790604266.985	[TCP]  Read 54250 bytes from socket
1790604266.985	================================================
1790604266.985	[⬇️ ]  Incoming Request: POST
1790604266.985	[LOG]  Time stamp: 17:04:26 09:28:2026
1790604266.985	[LOG]  Target: /v1/completions
1790604266.985	[LOG]  Version: 11
1790604266.985	[LOG]  Keep-Alive: 1
1790604266.986	[LOG]  Body: 
1790604266.986	{
1790604266.986	    "max_tokens": 512,
1790604266.986	    "model": "gemma4-it:e4b",
1790604266.986	    "prompt": "The quick brown fox jumps over the lazy dog. The quick brown fox jumps over the lazy dog. The quick brown fox jumps over the lazy dog. The quick brown fox jumps over the lazy dog. The quick brown fox jumps over the lazy dog. The quick brown fox jumps over the lazy dog. The quick brown fox jumps over the lazy dog. The quick brown fox jumps over the lazy dog. The quick brown fox jumps over the lazy dog. The quick brown fox jumps over the lazy dog. The quick brown fox jumps over the lazy dog. The quick brown fox jumps over the lazy dog. The quick brown fox jumps over the lazy dog. The quick brown fox jumps over the lazy dog. The quick brown fox jumps over the lazy dog. The quick brown fox jumps over the lazy dog. The quick brown fox jumps over the lazy dog. The quick brown fox jumps over the lazy dog. The quick brown fox jumps over the lazy dog. The quick brown fox jumps over the lazy dog. The quick brown fox jumps over the lazy dog. The quick brown fox jumps over the lazy dog. The quick brown fox jumps over the lazy dog. The quick brown fox jumps over the lazy dog. The quick brown fox jumps over the lazy dog. The quick brown fox jumps over the lazy dog. The quick brown fox jumps over the lazy dog. The quick brown fox jumps over the lazy dog. The quick brown fox jumps over the lazy dog. The quick brown fox jumps over the lazy dog. The quick brown fox jumps over the lazy dog. The quick brown fox jumps over the lazy dog. The quick brown fox jumps over the lazy dog. The quick brown fox jumps over the lazy dog. The quick brown fox jumps over the lazy dog. The quick brown fox jumps over the lazy dog. The quick brown fox jumps over the lazy dog. The quick brown fox jumps over the lazy dog. The quick brown fox jumps over the lazy dog. The quick brown fox jumps over the lazy dog. The quick brown fox jumps over the lazy dog. The quick brown fox jumps over the lazy dog. The quick brown fox jumps over the lazy dog. The quick brown fox jumps over the lazy dog. The quick brown fox jumps over the lazy dog. The quick brown fox jumps over the lazy dog. The quick brown fox jumps over the lazy dog. The quick brown fox jumps over the lazy dog. The quick brown fox jumps over the lazy dog. The quick brown fox jumps over the lazy dog. The quick brown fox jumps over the lazy dog. The quick brown fox jumps over the lazy dog. The quick brown fox jumps over the lazy dog. The quick brown fox jumps over the lazy dog. The quick brown fox jumps over the lazy dog. The quick brown fox jumps over the lazy dog. The quick brown fox jumps over the lazy dog. The quick brown fox jumps over the lazy dog. The quick brown fox jumps over the lazy dog. The quick brown fox jumps over the lazy dog. The quick brown fox jumps over the lazy dog. The quick brown fox jumps over the lazy dog. The quick brown fox jumps over the lazy dog. The quick brown fox jumps over the lazy dog. The quick brown fox jumps over the lazy dog. The quick brown fox jumps over the lazy dog. The quick brown fox jumps over the lazy dog. The quick brown fox jumps over the lazy dog. The quick brown fox jumps over the lazy dog. The quick brown fox jumps over the lazy dog. The quick brown fox jumps over the lazy dog. The quick brown fox jumps over the lazy dog. The quick brown fox jumps over the lazy dog. The quick brown fox jumps over the lazy dog. The quick brown fox jumps over the lazy dog. The quick brown fox jumps over the lazy dog. The quick brown fox jumps over the lazy dog. The quick brown fox jumps over the lazy dog. The quick brown fox jumps over the lazy dog. The quick brown fox jumps over the lazy dog. The quick brown fox jumps over the lazy dog. The quick brown fox jumps over the lazy dog. The quick brown fox jumps over the lazy dog. The quick brown fox jumps over the lazy dog. The quick brown fox jumps over the lazy dog. The quick brown fox jumps over the lazy dog. The quick brown fox jumps over the lazy dog. The quick brown fox jumps over the lazy dog. The quick brown fox jumps over the lazy dog. The quick brown fox jumps over the lazy dog. The quick brown fox jumps over the lazy dog. The quick brown fox jumps over the lazy dog. The quick brown fox jumps over the lazy dog. The quick brown fox jumps over the lazy dog. The quick brown fox jumps over the lazy dog. The quick brown fox jumps over the lazy dog. The quick brown fox jumps over the lazy dog. The quick brown fox jumps over the lazy dog. The quick brown fox jumps over the lazy dog. The quick brown fox jumps over the lazy dog. The quick brown fox jumps over the lazy dog. The quick brown fox jumps over the lazy dog. The quick brown fox jumps over the lazy dog. The quick brown fox jumps over the lazy dog. The quick brown fox jumps over the lazy dog. The quick brown fox jumps over the lazy dog. The quick brown fox jumps over the lazy dog. The quick brown fox jumps over the lazy dog. The quick brown fox jumps over the lazy dog. The quick brown fox jumps over the lazy dog. The quick brown fox jumps over the lazy dog. The quick brown fox jumps over the lazy dog. The quick brown fox jumps over the lazy dog. The quick brown fox jumps over the lazy dog. The quick brown fox jumps over the lazy dog. The quick brown fox jumps over the lazy dog. The quick brown fox jumps over the lazy dog. The quick brown fox jumps over the lazy dog. The quick brown fox jumps over the lazy dog. The quick brown fox jumps over the lazy dog. The quick brown fox jumps over the lazy dog. The quick brown fox jumps over the lazy dog. The quick brown fox jumps over the lazy dog. The quick brown fox jumps over the lazy dog. The quick brown fox jumps over the lazy dog. The quick brown fox jumps over the lazy dog. The quick brown fox jumps over the lazy dog. The quick brown fox jumps over the lazy dog. The quick brown fox jumps over the lazy dog. The quick brown fox jumps over the lazy dog. The quick brown fox jumps over the lazy dog. The quick brown fox jumps over the lazy dog. The quick brown fox jumps over the lazy dog. The quick brown fox jumps over the lazy dog. The quick brown fox jumps over the lazy dog. The quick brown fox jumps over the lazy dog. The quick brown fox jumps over the lazy dog. The quick brown fox jumps over the lazy dog. The quick brown fox jumps over the lazy dog. The quick brown fox jumps over the lazy dog. The quick brown fox jumps over the lazy dog. The quick brown fox jumps over the lazy dog. The quick brown fox jumps over the lazy dog. The quick brown fox jumps over the lazy dog. The quick brown fox jumps over the lazy dog. The quick brown fox jumps over the lazy dog. The quick brown fox jumps over the lazy dog. The quick brown fox jumps over the lazy dog. The quick brown fox jumps over the lazy dog. The quick brown fox jumps over the lazy dog. The quick brown fox jumps over the lazy dog. The quick brown fox jumps over the lazy dog. The quick brown fox jumps over the lazy dog. The quick brown fox jumps over the lazy dog. The quick brown fox jumps over the lazy dog. The quick brown fox jumps over the lazy dog. The quick brown fox jumps over the lazy dog. The quick brown fox jumps over the lazy dog. The quick brown fox jumps over the lazy dog. The quick brown fox jumps over the lazy dog. The quick brown fox jumps over the lazy dog. The quick brown fox jumps over the lazy dog. The quick brown fox jumps over the lazy dog. The quick brown fox jumps over the lazy dog. The quick brown fox jumps over the lazy dog. The quick brown fox jumps over the lazy dog. The quick brown fox jumps over the lazy dog. The quick brown fox jumps over the lazy dog. The quick brown fox jumps over the lazy dog. The quick brown fox jumps over the lazy dog. The quick brown fox jumps over the lazy dog. The quick brown fox jumps over the lazy dog. The quick brown fox jumps over the lazy dog. The quick brown fox jumps over the lazy dog. The quick brown fox jumps over the lazy dog. The quick brown fox jumps over the lazy dog. The quick brown fox jumps over the lazy dog. The quick brown fox jumps over the lazy dog. The quick brown fox jumps over the lazy dog. The quick brown fox jumps over the lazy dog. The quick brown fox jumps over the lazy dog. The quick brown fox jumps over the lazy dog. The quick brown fox jumps over the lazy dog. The quick brown fox jumps over the lazy dog. The quick brown fox jumps over the lazy dog. The quick brown fox jumps over the lazy dog. The quick brown fox jumps over the lazy dog. The quick brown fox jumps over the lazy dog. The quick brown fox jumps over the lazy dog. The quick brown fox jumps over the lazy dog. The quick brown fox jumps over the lazy dog. The quick brown fox jumps over the lazy dog. The quick brown fox jumps over the lazy dog. The quick brown fox jumps over the lazy dog. The quick brown fox jumps over the lazy dog. The quick brown fox jumps over the lazy dog. The quick brown fox jumps over the lazy dog. The quick brown fox jumps over the lazy dog. The quick brown fox jumps over the lazy dog. The quick brown fox jumps over the lazy dog. The quick brown fox jumps over the lazy dog. The quick brown fox jumps over the lazy dog. The quick brown fox jumps over the lazy dog. The quick brown fox jumps over the lazy dog. The quick brown fox jumps over the lazy dog. The quick brown fox jumps over the lazy dog. The quick brown fox jumps over the lazy dog. The quick brown fox jumps over the lazy dog. The quick brown fox jumps over the lazy dog. The quick brown fox jumps over the lazy dog. The quick brown fox jumps over the lazy dog. The quick brown fox jumps over the lazy dog. The quick brown fox jumps over the lazy dog. The quick brown fox jumps over the lazy dog. The quick brown fox jumps over the lazy dog. The quick brown fox jumps over the lazy dog. The quick brown fox jumps over the lazy dog. The quick brown fox jumps over the lazy dog. The quick brown fox jumps over the lazy dog. The quick brown fox jumps over the lazy dog. The quick brown fox jumps over the lazy dog. The quick brown fox jumps over the lazy dog. The quick brown fox jumps over the lazy dog. The quick brown fox jumps over the lazy dog. The quick brown fox jumps over the lazy dog. The quick brown fox jumps over the lazy dog. The quick brown fox jumps over the lazy dog. The quick brown fox jumps over the lazy dog. The quick brown fox jumps over the lazy dog. The quick brown fox jumps over the lazy dog. The quick brown fox jumps over the lazy dog. The quick brown fox jumps over the lazy dog. The quick brown fox jumps over the lazy dog. The quick brown fox jumps over the lazy dog. The quick brown fox jumps over the lazy dog. The quick brown fox jumps over the lazy dog. The quick brown fox jumps over the lazy dog. The quick brown fox jumps over the lazy dog. The quick brown fox jumps over the lazy dog. The quick brown fox jumps over the lazy dog. The quick brown fox jumps over the lazy dog. The quick brown fox jumps over the lazy dog. The quick brown fox jumps over the lazy dog. The quick brown fox jumps over the lazy dog. The quick brown fox jumps over the lazy dog. The quick brown fox jumps over the lazy dog. The quick brown fox jumps over the lazy dog. The quick brown fox jumps over the lazy dog. The quick brown fox jumps over the lazy dog. The quick brown fox jumps over the lazy dog. The quick brown fox jumps over the lazy dog. The quick brown fox jumps over the lazy dog. The quick brown fox jumps over the lazy dog. The quick brown fox jumps over the lazy dog. The quick brown fox jumps over the lazy dog. The quick brown fox jumps over the lazy dog. The quick brown fox jumps over the lazy dog. The quick brown fox jumps over the lazy dog. The quick brown fox jumps over the lazy dog. The quick brown fox jumps over the lazy dog. The quick brown fox jumps over the lazy dog. The quick brown fox jumps over the lazy dog. The quick brown fox jumps over the lazy dog. The quick brown fox jumps over the lazy dog. The quick brown fox jumps over the lazy dog. The quick brown fox jumps over the lazy dog. The quick brown fox jumps over the lazy dog. The quick brown fox jumps over the lazy dog. The quick brown fox jumps over the lazy dog. The quick brown fox jumps over the lazy dog. The quick brown fox jumps over the lazy dog. The quick brown fox jumps over the lazy dog. The quick brown fox jumps over the lazy dog. The quick brown fox jumps over the lazy dog. The quick brown fox jumps over the lazy dog. The quick brown fox jumps over the lazy dog. The quick brown fox jumps over the lazy dog. The quick brown fox jumps over the lazy dog. The quick brown fox jumps over the lazy dog. The quick brown fox jumps over the lazy dog. The quick brown fox jumps over the lazy dog. The quick brown fox jumps over the lazy dog. The quick brown fox jumps over the lazy dog. The quick brown fox jumps over the lazy dog. The quick brown fox jumps over the lazy dog. The quick brown fox jumps over the lazy dog. The quick brown fox jumps over the lazy dog. The quick brown fox jumps over the lazy dog. The quick brown fox jumps over the lazy dog. The quick brown fox jumps over the lazy dog. The quick brown fox jumps over the lazy dog. The quick brown fox jumps over the lazy dog. The quick brown fox jumps over the lazy dog. The quick brown fox jumps over the lazy dog. The quick brown fox jumps over the lazy dog. The quick brown fox jumps over the lazy dog. The quick brown fox jumps over the lazy dog. The quick brown fox jumps over the lazy dog. The quick brown fox jumps over the lazy dog. The quick brown fox jumps over the lazy dog. The quick brown fox jumps over the lazy dog. The quick brown fox jumps over the lazy dog. The quick brown fox jumps over the lazy dog. The quick brown fox jumps over the lazy dog. The quick brown fox jumps over the lazy dog. The quick brown fox jumps over the lazy dog. The quick brown fox jumps over the lazy dog. The quick brown fox jumps over the lazy dog. The quick brown fox jumps over the lazy dog. The quick brown fox jumps over the lazy dog. The quick brown fox jumps over the lazy dog. The quick brown fox jumps over the lazy dog. The quick brown fox jumps over the lazy dog. The quick brown fox jumps over the lazy dog. The quick brown fox jumps over the lazy dog. The quick brown fox jumps over the lazy dog. The quick brown fox jumps over the lazy dog. The quick brown fox jumps over the lazy dog. The quick brown fox jumps over the lazy dog. The quick brown fox jumps over the lazy dog. The quick brown fox jumps over the lazy dog. The quick brown fox jumps over the lazy dog. The quick brown fox jumps over the lazy dog. The quick brown fox jumps over the lazy dog. The quick brown fox jumps over the lazy dog. The quick brown fox jumps over the lazy dog. The quick brown fox jumps over the lazy dog. The quick brown fox jumps over the lazy dog. The quick brown fox jumps over the lazy dog. The quick brown fox jumps over the lazy dog. The quick brown fox jumps over the lazy dog. The quick brown fox jumps over the lazy dog. The quick brown fox jumps over the lazy dog. The quick brown fox jumps over the lazy dog. The quick brown fox jumps over the lazy dog. The quick brown fox jumps over the lazy dog. The quick brown fox jumps over the lazy dog. The quick brown fox jumps over the lazy dog. The quick brown fox jumps over the lazy dog. The quick brown fox jumps over the lazy dog. The quick brown fox jumps over the lazy dog. The quick brown fox jumps over the lazy dog. The quick brown fox jumps over the lazy dog. The quick brown fox jumps over the lazy dog. The quick brown fox jumps over the lazy dog. The quick brown fox jumps over the lazy dog. The quick brown fox jumps over the lazy dog. The quick brown fox jumps over the lazy dog. The quick brown fox jumps over the lazy dog. The quick brown fox jumps over the lazy dog. The quick brown fox jumps over the lazy dog. The quick brown fox jumps over the lazy dog. The quick brown fox jumps over the lazy dog. The quick brown fox jumps over the lazy dog. The quick brown fox jumps over the lazy dog. The quick brown fox jumps over the lazy dog. The quick brown fox jumps over the lazy dog. The quick brown fox jumps over the lazy dog. The quick brown fox jumps over the lazy dog. The quick brown fox jumps over the lazy dog. The quick brown fox jumps over the lazy dog. The quick brown fox jumps over the lazy dog. The quick brown fox jumps over the lazy dog. The quick brown fox jumps over the lazy dog. The quick brown fox jumps over the lazy dog. The quick brown fox jumps over the lazy dog. The quick brown fox jumps over the lazy dog. The quick brown fox jumps over the lazy dog. The quick brown fox jumps over the lazy dog. The quick brown fox jumps over the lazy dog. The quick brown fox jumps over the lazy dog. The quick brown fox jumps over the lazy dog. The quick brown fox jumps over the lazy dog. The quick brown fox jumps over the lazy dog. The quick brown fox jumps over the lazy dog. The quick brown fox jumps over the lazy dog. The quick brown fox jumps over the lazy dog. The quick brown fox jumps over the lazy dog. The quick brown fox jumps over the lazy dog. The quick brown fox jumps over the lazy dog. The quick brown fox jumps over the lazy dog. The quick brown fox jumps over the lazy dog. The quick brown fox jumps over the lazy dog. The quick brown fox jumps over the lazy dog. The quick brown fox jumps over the lazy dog. The quick brown fox jumps over the lazy dog. The quick brown fox jumps over the lazy dog. The quick brown fox jumps over the lazy dog. The quick brown fox jumps over the lazy dog. The quick brown fox jumps over the lazy dog. The quick brown fox jumps over the lazy dog. The quick brown fox jumps over the lazy dog. The quick brown fox jumps over the lazy dog. The quick brown fox jumps over the lazy dog. The quick brown fox jumps over the lazy dog. The quick brown fox jumps over the lazy dog. The quick brown fox jumps over the lazy dog. The quick brown fox jumps over the lazy dog. The quick brown fox jumps over the lazy dog. The quick brown fox jumps over the lazy dog. The quick brown fox jumps over the lazy dog. The quick brown fox jumps over the lazy dog. The quick brown fox jumps over the lazy dog. The quick brown fox jumps over the lazy dog. The quick brown fox jumps over the lazy dog. The quick brown fox jumps over the lazy dog. The quick brown fox jumps over the lazy dog. The quick brown fox jumps over the lazy dog. The quick brown fox jumps over the lazy dog. The quick brown fox jumps over the lazy dog. The quick brown fox jumps over the lazy dog. The quick brown fox jumps over the lazy dog. The quick brown fox jumps over the lazy dog. The quick brown fox jumps over the lazy dog. The quick brown fox jumps over the lazy dog. The quick brown fox jumps over the lazy dog. The quick brown fox jumps over the lazy dog. The quick brown fox jumps over the lazy dog. The quick brown fox jumps over the lazy dog. The quick brown fox jumps over the lazy dog. The quick brown fox jumps over the lazy dog. The quick brown fox jumps over the lazy dog. The quick brown fox jumps over the lazy dog. The quick brown fox jumps over the lazy dog. The quick brown fox jumps over the lazy dog. The quick brown fox jumps over the lazy dog. The quick brown fox jumps over the lazy dog. The quick brown fox jumps over the lazy dog. The quick brown fox jumps over the lazy dog. The quick brown fox jumps over the lazy dog. The quick brown fox jumps over the lazy dog. The quick brown fox jumps over the lazy dog. The quick brown fox jumps over the lazy dog. The quick brown fox jumps over the lazy dog. The quick brown fox jumps over the lazy dog. The quick brown fox jumps over the lazy dog. The quick brown fox jumps over the lazy dog. The quick brown fox jumps over the lazy dog. The quick brown fox jumps over the lazy dog. The quick brown fox jumps over the lazy dog. The quick brown fox jumps over the lazy dog. The quick brown fox jumps over the lazy dog. The quick brown fox jumps over the lazy dog. The quick brown fox jumps over the lazy dog. The quick brown fox jumps over the lazy dog. The quick brown fox jumps over the lazy dog. The quick brown fox jumps over the lazy dog. The quick brown fox jumps over the lazy dog. The quick brown fox jumps over the lazy dog. The quick brown fox jumps over the lazy dog. The quick brown fox jumps over the lazy dog. The quick brown fox jumps over the lazy dog. The quick brown fox jumps over the lazy dog. The quick brown fox jumps over the lazy dog. The quick brown fox jumps over the lazy dog. The quick brown fox jumps over the lazy dog. The quick brown fox jumps over the lazy dog. The quick brown fox jumps over the lazy dog. The quick brown fox jumps over the lazy dog. The quick brown fox jumps over the lazy dog. The quick brown fox jumps over the lazy dog. The quick brown fox jumps over the lazy dog. The quick brown fox jumps over the lazy dog. The quick brown fox jumps over the lazy dog. The quick brown fox jumps over the lazy dog. The quick brown fox jumps over the lazy dog. The quick brown fox jumps over the lazy dog. The quick brown fox jumps over the lazy dog. The quick brown fox jumps over the lazy dog. The quick brown fox jumps over the lazy dog. The quick brown fox jumps over the lazy dog. The quick brown fox jumps over the lazy dog. The quick brown fox jumps over the lazy dog. The quick brown fox jumps over the lazy dog. The quick brown fox jumps over the lazy dog. The quick brown fox jumps over the lazy dog. The quick brown fox jumps over the lazy dog. The quick brown fox jumps over the lazy dog. The quick brown fox jumps over the lazy dog. The quick brown fox jumps over the lazy dog. The quick brown fox jumps over the lazy dog. The quick brown fox jumps over the lazy dog. The quick brown fox jumps over the lazy dog. The quick brown fox jumps over the lazy dog. The quick brown fox jumps over the lazy dog. The quick brown fox jumps over the lazy dog. The quick brown fox jumps over the lazy dog. The quick brown fox jumps over the lazy dog. The quick brown fox jumps over the lazy dog. The quick brown fox jumps over the lazy dog. The quick brown fox jumps over the lazy dog. The quick brown fox jumps over the lazy dog. The quick brown fox jumps over the lazy dog. The quick brown fox jumps over the lazy dog. The quick brown fox jumps over the lazy dog. The quick brown fox jumps over the lazy dog. The quick brown fox jumps over the lazy dog. The quick brown fox jumps over the lazy dog. The quick brown fox jumps over the lazy dog. The quick brown fox jumps over the lazy dog. The quick brown fox jumps over the lazy dog. The quick brown fox jumps over the lazy dog. The quick brown fox jumps over the lazy dog. The quick brown fox jumps over the lazy dog. The quick brown fox jumps over the lazy dog. The quick brown fox jumps over the lazy dog. The quick brown fox jumps over the lazy dog. The quick brown fox jumps over the lazy dog. The quick brown fox jumps over the lazy dog. The quick brown fox jumps over the lazy dog. The quick brown fox jumps over the lazy dog. The quick brown fox jumps over the lazy dog. The quick brown fox jumps over the lazy dog. The quick brown fox jumps over the lazy dog. The quick brown fox jumps over the lazy dog. The quick brown fox jumps over the lazy dog. The quick brown fox jumps over the lazy dog. The quick brown fox jumps over the lazy dog. The quick brown fox jumps over the lazy dog. The quick brown fox jumps over the lazy dog. The quick brown fox jumps over the lazy dog. The quick brown fox jumps over the lazy dog. The quick brown fox jumps over the lazy dog. The quick brown fox jumps over the lazy dog. The quick brown fox jumps over the lazy dog. The quick brown fox jumps over the lazy dog. The quick brown fox jumps over the lazy dog. The quick brown fox jumps over the lazy dog. The quick brown fox jumps over the lazy dog. The quick brown fox jumps over the lazy dog. The quick brown fox jumps over the lazy dog. The quick brown fox jumps over the lazy dog. The quick brown fox jumps over the lazy dog. The quick brown fox jumps over the lazy dog. The quick brown fox jumps over the lazy dog. The quick brown fox jumps over the lazy dog. The quick brown fox jumps over the lazy dog. The quick brown fox jumps over the lazy dog. The quick brown fox jumps over the lazy dog. The quick brown fox jumps over the lazy dog. The quick brown fox jumps over the lazy dog. The quick brown fox jumps over the lazy dog. The quick brown fox jumps over the lazy dog. The quick brown fox jumps over the lazy dog. The quick brown fox jumps over the lazy dog. The quick brown fox jumps over the lazy dog. The quick brown fox jumps over the lazy dog. The quick brown fox jumps over the lazy dog. The quick brown fox jumps over the lazy dog. The quick brown fox jumps over the lazy dog. The quick brown fox jumps over the lazy dog. The quick brown fox jumps over the lazy dog. The quick brown fox jumps over the lazy dog. The quick brown fox jumps over the lazy dog. The quick brown fox jumps over the lazy dog. The quick brown fox jumps over the lazy dog. The quick brown fox jumps over the lazy dog. The quick brown fox jumps over the lazy dog. The quick brown fox jumps over the lazy dog. The quick brown fox jumps over the lazy dog. The quick brown fox jumps over the lazy dog. The quick brown fox jumps over the lazy dog. The quick brown fox jumps over the lazy dog. The quick brown fox jumps over the lazy dog. The quick brown fox jumps over the lazy dog. The quick brown fox jumps over the lazy dog. The quick brown fox jumps over the lazy dog. The quick brown fox jumps over the lazy dog. The quick brown fox jumps over the lazy dog. The quick brown fox jumps over the lazy dog. The quick brown fox jumps over the lazy dog. The quick brown fox jumps over the lazy dog. The quick brown fox jumps over the lazy dog. The quick brown fox jumps over the lazy dog. The quick brown fox jumps over the lazy dog. The quick brown fox jumps over the lazy dog. The quick brown fox jumps over the lazy dog. The quick brown fox jumps over the lazy dog. The quick brown fox jumps over the lazy dog. The quick brown fox jumps over the lazy dog. The quick brown fox jumps over the lazy dog. The quick brown fox jumps over the lazy dog. The quick brown fox jumps over the lazy dog. The quick brown fox jumps over the lazy dog. The quick brown fox jumps over the lazy dog. The quick brown fox jumps over the lazy dog. The quick brown fox jumps over the lazy dog. The quick brown fox jumps over the lazy dog. The quick brown fox jumps over the lazy dog. The quick brown fox jumps over the lazy dog. The quick brown fox jumps over the lazy dog. The quick brown fox jumps over the lazy dog. The quick brown fox jumps over the lazy dog. The quick brown fox jumps over the lazy dog. The quick brown fox jumps over the lazy dog. The quick brown fox jumps over the lazy dog. The quick brown fox jumps over the lazy dog. The quick brown fox jumps over the lazy dog. The quick brown fox jumps over the lazy dog. The quick brown fox jumps over the lazy dog. The quick brown fox jumps over the lazy dog. The quick brown fox jumps over the lazy dog. The quick brown fox jumps over the lazy dog. The quick brown fox jumps over the lazy dog. The quick brown fox jumps over the lazy dog. The quick brown fox jumps over the lazy dog. The quick brown fox jumps over the lazy dog. The quick brown fox jumps over the lazy dog. The quick brown fox jumps over the lazy dog. The quick brown fox jumps over the lazy dog. The quick brown fox jumps over the lazy dog. The quick brown fox jumps over the lazy dog. The quick brown fox jumps over the lazy dog. The quick brown fox jumps over the lazy dog. The quick brown fox jumps over the lazy dog. The quick brown fox jumps over the lazy dog. The quick brown fox jumps over the lazy dog. The quick brown fox jumps over the lazy dog. The quick brown fox jumps over the lazy dog. The quick brown fox jumps over the lazy dog. The quick brown fox jumps over the lazy dog. The quick brown fox jumps over the lazy dog. The quick brown fox jumps over the lazy dog. The quick brown fox jumps over the lazy dog. The quick brown fox jumps over the lazy dog. The quick brown fox jumps over the lazy dog. The quick brown fox jumps over the lazy dog. The quick brown fox jumps over the lazy dog. The quick brown fox jumps over the lazy dog. The quick brown fox jumps over the lazy dog. The quick brown fox jumps over the lazy dog. The quick brown fox jumps over the lazy dog. The quick brown fox jumps over the lazy dog. The quick brown fox jumps over the lazy dog. The quick brown fox jumps over the lazy dog. The quick brown fox jumps over the lazy dog. The quick brown fox jumps over the lazy dog. The quick brown fox jumps over the lazy dog. The quick brown fox jumps over the lazy dog. The quick brown fox jumps over the lazy dog. The quick brown fox jumps over the lazy dog. The quick brown fox jumps over the lazy dog. The quick brown fox jumps over the lazy dog. The quick brown fox jumps over the lazy dog. The quick brown fox jumps over the lazy dog. The quick brown fox jumps over the lazy dog. The quick brown fox jumps over the lazy dog. The quick brown fox jumps over the lazy dog. The quick brown fox jumps over the lazy dog. The quick brown fox jumps over the lazy dog. The quick brown fox jumps over the lazy dog. The quick brown fox jumps over the lazy dog. The quick brown fox jumps over the lazy dog. The quick brown fox jumps over the lazy dog. The quick brown fox jumps over the lazy dog. The quick brown fox jumps over the lazy dog. The quick brown fox jumps over the lazy dog. The quick brown fox jumps over the lazy dog. The quick brown fox jumps over the lazy dog. The quick brown fox jumps over the lazy dog. The quick brown fox jumps over the lazy dog. The quick brown fox jumps over the lazy dog. The quick brown fox jumps over the lazy dog. The quick brown fox jumps over the lazy dog. The quick brown fox jumps over the lazy dog. The quick brown fox jumps over the lazy dog. The quick brown fox jumps over the lazy dog. The quick brown fox jumps over the lazy dog. The quick brown fox jumps over the lazy dog. The quick brown fox jumps over the lazy dog. The quick brown fox jumps over the lazy dog. The quick brown fox jumps over the lazy dog. The quick brown fox jumps over the lazy dog. The quick brown fox jumps over the lazy dog. The quick brown fox jumps over the lazy dog. The quick brown fox jumps over the lazy dog. The quick brown fox jumps over the lazy dog. The quick brown fox jumps over the lazy dog. The quick brown fox jumps over the lazy dog. The quick brown fox jumps over the lazy dog. The quick brown fox jumps over the lazy dog. The quick brown fox jumps over the lazy dog. The quick brown fox jumps over the lazy dog. The quick brown fox jumps over the lazy dog. The quick brown fox jumps over the lazy dog. The quick brown fox jumps over the lazy dog. The quick brown fox jumps over the lazy dog. The quick brown fox jumps over the lazy dog. The quick brown fox jumps over the lazy dog. The quick brown fox jumps over the lazy dog. The quick brown fox jumps over the lazy dog. The quick brown fox jumps over the lazy dog. The quick brown fox jumps over the lazy dog. The quick brown fox jumps over the lazy dog. The quick brown fox jumps over the lazy dog. The quick brown fox jumps over the lazy dog. The quick brown fox jumps over the lazy dog. The quick brown fox jumps over the lazy dog. The quick brown fox jumps over the lazy dog. The quick brown fox jumps over the lazy dog. The quick brown fox jumps over the lazy dog. The quick brown fox jumps over the lazy dog. The quick brown fox jumps over the lazy dog. The quick brown fox jumps over the lazy dog. The quick brown fox jumps over the lazy dog. The quick brown fox jumps over the lazy dog. The quick brown fox jumps over the lazy dog. The quick brown fox jumps over the lazy dog. The quick brown fox jumps over the lazy dog. The quick brown fox jumps over the lazy dog. The quick brown fox jumps over the lazy dog. The quick brown fox jumps over the lazy dog. The quick brown fox jumps over the lazy dog. The quick brown fox jumps over the lazy dog. The quick brown fox jumps over the lazy dog. The quick brown fox jumps over the lazy dog. The quick brown fox jumps over the lazy dog. The quick brown fox jumps over the lazy dog. The quick brown fox jumps over the lazy dog. The quick brown fox jumps over the lazy dog. The quick brown fox jumps over the lazy dog. The quick brown fox jumps over the lazy dog. The quick brown fox jumps over the lazy dog. The quick brown fox jumps over the lazy dog. The quick brown fox jumps over the lazy dog. The quick brown fox jumps over the lazy dog. The quick brown fox jumps over the lazy dog. The quick brown fox jumps over the lazy dog. The quick brown fox jumps over the lazy dog. The quick brown fox jumps over the lazy dog. The quick brown fox jumps over the lazy dog. The quick brown fox jumps over the lazy dog. The quick brown fox jumps over the lazy dog. The quick brown fox jumps over the lazy dog. The quick brown fox jumps over the lazy dog. The quick brown fox jumps over the lazy dog. The quick brown fox jumps over the lazy dog. The quick brown fox jumps over the lazy dog. The quick brown fox jumps over the lazy dog. The quick brown fox jumps over the lazy dog. The quick brown fox jumps over the lazy dog. The quick brown fox jumps over the lazy dog. The quick brown fox jumps over the lazy dog. The quick brown fox jumps over the lazy dog. The quick brown fox jumps over the lazy dog. The quick brown fox jumps over the lazy dog. The quick brown fox jumps over the lazy dog. The quick brown fox jumps over the lazy dog. The quick brown fox jumps over the lazy dog. The quick brown fox jumps over the lazy dog. The quick brown fox jumps over the lazy dog. The quick brown fox jumps over the lazy dog. The quick brown fox jumps over the lazy dog. The quick brown fox jumps over the lazy dog. The quick brown fox jumps over the lazy dog. The quick brown fox jumps over the lazy dog. The quick brown fox jumps over the lazy dog. The quick brown fox jumps over the lazy dog. The quick brown fox jumps over the lazy dog. The quick brown fox jumps over the lazy dog. The quick brown fox jumps over the lazy dog. The quick brown fox jumps over the lazy dog. The quick brown fox jumps over the lazy dog. The quick brown fox jumps over the lazy dog. The quick brown fox jumps over the lazy dog. The quick brown fox jumps over the lazy dog. The quick brown fox jumps over the lazy dog. The quick brown fox jumps over the lazy dog. The quick brown fox jumps over the lazy dog. The quick brown fox jumps over the lazy dog. The quick brown fox jumps over the lazy dog. The quick brown fox jumps over the lazy dog. The quick brown fox jumps over the lazy dog. The quick brown fox jumps over the lazy dog. The quick brown fox jumps over the lazy dog. The quick brown fox jumps over the lazy dog. The quick brown fox jumps over the lazy dog. The quick brown fox jumps over the lazy dog. The quick brown fox jumps over the lazy dog. The quick brown fox jumps over the lazy dog. The quick brown fox jumps over the lazy dog. The quick brown fox jumps over the lazy dog. The quick brown fox jumps over the lazy dog. The quick brown fox jumps over the lazy dog. The quick brown fox jumps over the lazy dog. The quick brown fox jumps over the lazy dog. The quick brown fox jumps over the lazy dog. The quick brown fox jumps over the lazy dog. The quick brown fox jumps over the lazy dog. The quick brown fox jumps over the lazy dog. The quick brown fox jumps over the lazy dog. The quick brown fox jumps over the lazy dog. The quick brown fox jumps over the lazy dog. The quick brown fox jumps over the lazy dog. The quick brown fox jumps over the lazy dog. The quick brown fox jumps over the lazy dog. The quick brown fox jumps over the lazy dog. The quick brown fox jumps over the lazy dog. The quick brown fox jumps over the lazy dog. The quick brown fox jumps over the lazy dog. The quick brown fox jumps over the lazy dog. The quick brown fox jumps over the lazy dog. The quick brown fox jumps over the lazy dog. The quick brown fox jumps over the lazy dog. The quick brown fox jumps over the lazy dog. The quick brown fox jumps over the lazy dog. The quick brown fox jumps over the lazy dog. The quick brown fox jumps over the lazy dog. The quick brown fox jumps over the lazy dog. The quick brown fox jumps over the lazy dog. The quick brown fox jumps over the lazy dog. The quick brown fox jumps over the lazy dog. The quick brown fox jumps over the lazy dog. The quick brown fox jumps over the lazy dog. The quick brown fox jumps over the lazy dog. The quick brown fox jumps over the lazy dog. The quick brown fox jumps over the lazy dog. The quick brown fox jumps over the lazy dog. The quick brown fox jumps over the lazy dog. The quick brown fox jumps over the lazy dog. The quick brown fox jumps over the lazy dog. The quick brown fox jumps over the lazy dog. The quick brown fox jumps over the lazy dog. The quick brown fox jumps over the lazy dog. The quick brown fox jumps over the lazy dog. The quick brown fox jumps over the lazy dog. The quick brown fox jumps over the lazy dog. The quick brown fox jumps over the lazy dog. The quick brown fox jumps over the lazy dog. The quick brown fox jumps over the lazy dog. The quick brown fox jumps over the lazy dog. The quick brown fox jumps over the lazy dog. The quick brown fox jumps over the lazy dog. The quick brown fox jumps over the lazy dog. The quick brown fox jumps over the lazy dog. The quick brown fox jumps over the lazy dog. The quick brown fox jumps over the lazy dog. The quick brown fox jumps over the lazy dog. The quick brown fox jumps over the lazy dog. The quick brown fox jumps over the lazy dog. The quick brown fox jumps over the lazy dog. The quick brown fox jumps over the lazy dog. The quick brown fox jumps over the lazy dog. The quick brown fox jumps over the lazy dog. The quick brown fox jumps over the lazy dog. The quick brown fox jumps over the lazy dog. The quick brown fox jumps over the lazy dog. The quick brown fox jumps over the lazy dog. The quick brown fox jumps over the lazy dog. The quick brown fox jumps over the lazy dog. The quick brown fox jumps over the lazy dog. The quick brown fox jumps over the lazy dog. The quick brown fox jumps over the lazy dog. The quick brown fox jumps over the lazy dog. The quick brown fox jumps over the lazy dog. The quick brown fox jumps over the lazy dog. The quick brown fox jumps over the lazy dog. The quick brown fox jumps over the lazy dog. The quick brown fox jumps over the lazy dog. The quick brown fox jumps over the lazy dog. The quick brown fox jumps over the lazy dog. The quick brown fox jumps over the lazy dog. The quick brown fox jumps over the lazy dog. The quick brown fox jumps over the lazy dog. The quick brown fox jumps over the lazy dog. The quick brown fox jumps over the lazy dog. The quick brown fox jumps over the lazy dog. The quick brown fox jumps over the lazy dog. The quick brown fox jumps over the lazy dog. The quick brown fox jumps over the lazy dog. The quick brown fox jumps over the lazy dog. The quick brown fox jumps over the lazy dog. The quick brown fox jumps over the lazy dog. The quick brown fox jumps over the lazy dog. The quick brown fox jumps over the lazy dog. The quick brown fox jumps over the lazy dog. The quick brown fox jumps over the lazy dog. The quick brown fox jumps over the lazy dog. The quick brown fox jumps over the lazy dog. The quick brown fox jumps over the lazy dog. The quick brown fox jumps over the lazy dog. The quick brown fox jumps over the lazy dog. The quick brown fox jumps over the lazy dog. The quick brown fox jumps over the lazy dog. The quick brown fox jumps over the lazy dog. The quick brown fox jumps over the lazy dog. The quick brown fox jumps over the lazy dog. The quick brown fox jumps over the lazy dog. The quick brown fox jumps over the lazy dog. The quick brown fox jumps over the lazy dog. The quick brown fox jumps over the lazy dog. The quick brown fox jumps over the lazy dog. The quick brown fox jumps over the lazy dog. The quick brown fox jumps over the lazy dog. The quick brown fox jumps over the lazy dog. The quick brown fox jumps over the lazy dog. The quick brown fox jumps over the lazy dog. The quick brown fox jumps over the lazy dog. The quick brown fox jumps over the lazy dog. The quick brown fox jumps over the lazy dog. The quick brown fox jumps over the lazy dog. The quick brown fox jumps over the lazy dog. The quick brown fox jumps over the lazy dog. The quick brown fox jumps over the lazy dog. The quick brown fox jumps over the lazy dog. The quick brown fox jumps over the lazy dog. The quick brown fox jumps over the lazy dog. The quick brown fox jumps over the lazy dog. The quick brown fox jumps over the lazy dog. The quick brown fox jumps over the lazy dog. The quick brown fox jumps over the lazy dog. The quick brown fox jumps over the lazy dog. The quick brown fox jumps over the lazy dog. The quick brown fox jumps over the lazy dog. The quick brown fox jumps over the lazy dog. The quick brown fox jumps over the lazy dog. The quick brown fox jumps over the lazy dog. The quick brown fox jumps over the lazy dog. The quick brown fox jumps over the lazy dog. The quick brown fox jumps over the lazy dog. The quick brown fox jumps over the lazy dog. The quick brown fox jumps over the lazy dog. The quick brown fox jumps over the lazy dog. The quick brown fox jumps over the lazy dog. The quick brown fox jumps over the lazy dog. The quick brown fox jumps over the lazy dog. The quick brown fox jumps over the lazy dog. The quick brown fox jumps over the lazy dog. The quick brown fox jumps over the lazy dog. The quick brown fox jumps over the lazy dog. The quick brown fox jumps over the lazy dog. The quick brown fox jumps over the lazy dog. The quick brown fox jumps over the lazy dog. The quick brown fox jumps over the lazy dog. The quick brown fox jumps over the lazy dog. The quick brown fox jumps over the lazy dog. The quick brown fox jumps over the lazy dog. The quick brown fox jumps over the lazy dog. The quick brown fox jumps over the lazy dog. The quick brown fox jumps over the lazy dog. The quick brown fox jumps over the lazy dog. The quick brown fox jumps over the lazy dog. The quick brown fox jumps over the lazy dog. The quick brown fox jumps over the lazy dog. The quick brown fox jumps over the lazy dog. The quick brown fox jumps over the lazy dog. The quick brown fox jumps over the lazy dog. The quick brown fox jumps over the lazy dog. The quick brown fox jumps over the lazy dog. The quick brown fox jumps over the lazy dog. The quick brown fox jumps over the lazy dog. The quick brown fox jumps over the lazy dog. The quick brown fox jumps over the lazy dog. The quick brown fox jumps over the lazy dog. The quick brown fox jumps over the lazy dog. The quick brown fox jumps over the lazy dog. The quick brown fox jumps over the lazy dog. The quick brown fox jumps over the lazy dog. The quick brown fox jumps over the lazy dog. The quick brown fox jumps over the lazy dog. The quick brown fox jumps over the lazy dog. The quick brown fox jumps over the lazy dog. The quick brown fox jumps over the lazy dog. The quick brown fox jumps over the lazy dog. The quick brown fox jumps over the lazy dog. The quick brown fox jumps over the lazy dog. The quick brown fox jumps over the lazy dog. The quick brown fox jumps over the lazy dog. The quick brown fox jumps over the lazy dog. The quick brown fox jumps over the lazy dog. The quick brown fox jumps over the lazy dog. The quick brown fox jumps over the lazy dog. The quick brown fox jumps over the lazy dog. The quick brown fox jumps over the lazy dog. The quick brown fox jumps over the lazy dog. The quick brown fox jumps over the lazy dog. The quick brown fox jumps over the lazy dog. The quick brown fox jumps over the lazy dog. The quick brown fox jumps over the lazy dog. The quick brown fox jumps over the lazy dog. The quick brown fox jumps over the lazy dog. The quick brown fox jumps over the lazy dog. The quick brown fox jumps over the lazy dog. The quick brown fox jumps over the lazy dog. The quick brown fox jumps over the lazy dog. The quick brown fox jumps over the lazy dog. The quick brown fox jumps over the lazy dog. The quick brown fox jumps over the lazy dog. The quick brown fox jumps over the lazy dog. The quick brown fox jumps over the lazy dog. The quick brown fox jumps over the lazy dog. The quick brown fox jumps over the lazy dog. The quick brown fox jumps over the lazy dog. The quick brown fox jumps over the lazy dog. The quick brown fox jumps over the lazy dog. The quick brown fox jumps over the lazy dog. The quick brown fox jumps over the lazy dog. The quick brown fox jumps over the lazy dog. The quick brown fox jumps over the lazy dog. The quick brown fox jumps over the lazy dog. The quick brown fox jumps over the lazy dog. The quick brown fox jumps over the lazy dog. The quick brown fox jumps over the lazy dog. The quick brown fox jumps over the lazy dog. The quick brown fox jumps over the lazy dog. The quick brown fox jumps over the lazy dog. The quick brown fox jumps over the lazy dog. The quick brown fox jumps over the lazy dog. The quick brown fox jumps over the lazy dog. The quick brown fox jumps over the lazy dog. The quick brown fox jumps over the lazy dog. The quick brown fox jumps over the lazy dog. The quick brown fox jumps over the lazy dog. The quick brown fox jumps over the lazy dog. The quick brown fox jumps over the lazy dog. The quick brown fox jumps over the lazy dog. The quick brown fox jumps over the lazy dog. The quick brown fox jumps over the lazy dog. The quick brown fox jumps over the lazy dog. The quick brown fox jumps over the lazy dog. The quick brown fox jumps over the lazy dog. The quick brown fox jumps over the lazy dog. The quick brown fox jumps over the lazy dog. The quick brown fox jumps over the lazy dog. The quick brown fox jumps over the lazy dog. The quick brown fox jumps over the lazy dog. The quick brown fox jumps over the lazy dog. The quick brown fox jumps over the lazy dog. The quick brown fox jumps over the lazy dog. The quick brown fox jumps over the lazy dog. The quick brown fox jumps over the lazy dog. The quick brown fox jumps over the lazy dog. The quick brown fox jumps over the lazy dog. The quick brown fox jumps over the lazy dog. The quick brown fox jumps over the lazy dog. The quick brown fox jumps over the lazy dog. The quick brown fox jumps over the lazy dog. The quick brown fox jumps over the lazy dog. The quick brown fox jumps over the lazy dog. The quick brown fox jumps over the lazy dog. The quick brown fox jumps over the lazy dog. The quick brown fox jumps over the lazy dog. The quick brown fox jumps over the lazy dog. The quick brown fox jumps over the lazy dog. The quick brown fox jumps over the lazy dog. The quick brown fox jumps over the lazy dog. The quick brown fox jumps over the lazy dog. The quick brown fox jumps over the lazy dog. The quick brown fox jumps over the lazy dog. The quick brown fox jumps over the lazy dog. The quick brown fox jumps over the lazy dog. The quick brown fox jumps over the lazy dog. The quick brown fox jumps over the lazy dog. The quick brown fox jumps over the lazy dog. The quick brown fox jumps over the lazy dog. The quick brown fox jumps over the lazy dog. The quick brown fox jumps over the lazy dog. The quick brown fox jumps over the lazy dog. The quick brown fox jumps over the lazy dog. The quick brown fox jumps over the lazy dog. The quick brown fox jumps over the lazy dog. The quick brown fox jumps over the lazy dog. The quick brown fox jumps over the lazy dog. The quick brown fox jumps over the lazy dog. The quick brown fox jumps over the lazy dog. The quick brown fox jumps over the lazy dog. The quick brown fox jumps over the lazy dog. The quick brown fox jumps over the lazy dog. The quick brown fox jumps over the lazy dog. The quick brown fox jumps over the lazy dog. The quick brown fox jumps over the lazy dog. The quick brown fox jumps over the lazy dog. The quick brown fox jumps over the lazy dog. The quick brown fox jumps over the lazy dog. The quick brown fox jumps over the lazy dog. The quick brown fox jumps over the lazy dog. The quick brown fox jumps over the lazy dog. The quick brown fox jumps over the lazy dog. The quick brown fox jumps over the lazy dog. The quick brown fox jumps over the lazy dog. The quick brown fox jumps over the lazy dog. The quick brown fox jumps over the lazy dog. The quick brown fox jumps over the lazy dog. The quick brown fox jumps over the lazy dog. The quick brown fox jumps over the lazy dog. The quick brown fox jumps over the lazy dog. The quick brown fox jumps over the lazy dog. The quick brown fox jumps over the lazy dog. The quick brown fox jumps over the lazy dog. The quick brown fox jumps over the lazy dog. The quick brown fox jumps over the lazy dog. The quick brown fox jumps over the lazy dog. The quick brown fox jumps over the lazy dog. The quick brown fox jumps over the lazy dog. The quick brown fox jumps over the lazy dog. The quick brown fox jumps over the lazy dog. The quick brown fox jumps over the lazy dog. The quick brown fox jumps over the lazy dog. The quick brown fox jumps over the lazy dog. The quick brown fox jumps over the lazy dog. The quick brown fox jumps over the lazy dog. The quick brown fox jumps over the lazy dog. The quick brown fox jumps over the lazy dog. The quick brown fox jumps over the lazy dog. The quick brown fox jumps over the lazy dog. The quick brown fox jumps over the lazy dog. The quick brown fox jumps over the lazy dog. The quick brown fox jumps over the lazy dog. The quick brown fox jumps over the lazy dog. The quick brown fox jumps over the lazy dog. The quick brown fox jumps over the lazy dog. The quick brown fox jumps over the lazy dog. The quick brown fox jumps over the lazy dog. The quick brown fox jumps over the lazy dog. The quick brown fox jumps over the lazy dog. The quick brown fox jumps over the lazy dog. The quick brown fox jumps over the lazy dog. The quick brown fox jumps over the lazy dog. The quick brown fox jumps over the lazy dog. The quick brown fox jumps over the lazy dog. The quick brown fox jumps over the lazy dog. The quick brown fox jumps over the lazy dog. The quick brown fox jumps over the lazy dog. The quick brown fox jumps over the lazy dog. The quick brown fox jumps over the lazy dog. The quick brown fox jumps over the lazy dog. The quick brown fox jumps over the lazy dog. The quick brown fox jumps over the lazy dog. The quick brown fox jumps over the lazy dog. The quick brown fox jumps over the lazy dog. The quick brown fox jumps over the lazy dog. The quick brown fox jumps over the lazy dog. The quick brown fox jumps over the lazy dog. The quick brown fox jumps over the lazy dog. The quick brown fox jumps over the lazy dog. The quick brown fox jumps over the lazy dog. The quick brown fox jumps over the lazy dog. The quick brown fox jumps over the lazy dog. The quick brown fox jumps over the lazy dog. The quick brown fox jumps over the lazy dog. The quick brown fox jumps over the lazy dog. The quick brown fox jumps over the lazy dog. The quick brown fox jumps over the lazy dog. The quick brown fox jumps over the lazy dog. The quick brown fox jumps over the lazy dog. The quick brown fox jumps over the lazy dog. The quick brown fox jumps over the lazy dog. The quick brown fox jumps over the lazy dog. The quick brown fox jumps over the lazy dog. The quick brown fox jumps over the lazy dog. The quick brown fox jumps over the lazy dog. The quick brown fox jumps over the lazy dog. The quick brown fox jumps over the lazy dog. The quick brown fox jumps over the lazy dog. The quick brown fox jumps over the lazy dog. The quick brown fox jumps over the lazy dog. The quick brown fox jumps over the lazy dog. The quick brown fox jumps over the lazy dog. The quick brown fox jumps over the lazy dog. The quick brown fox jumps over the lazy dog. The quick brown fox jumps over the lazy dog. The quick brown fox jumps over the lazy dog. The quick brown fox jumps over the lazy dog. The quick brown fox jumps over the lazy dog. The quick brown fox jumps over the lazy dog. The quick brown fox jumps over the lazy dog. The quick brown fox jumps over the lazy dog. The quick brown fox jumps over the lazy dog. The quick brown fox jumps over the lazy dog. The quick brown fox jumps over the lazy dog. The quick brown fox jumps over the lazy dog. The quick brown fox jumps over the lazy dog. The quick brown fox jumps over the lazy dog. The quick brown fox jumps over the lazy dog. The quick brown fox jumps over the lazy dog. The quick brown fox jumps over the lazy dog. The quick brown fox jumps over the lazy dog. The quick brown fox jumps over the lazy dog. The quick brown fox jumps over the lazy dog. The quick brown fox jumps over the lazy dog. The quick brown fox jumps over the lazy dog. The quick brown fox jumps over the lazy dog. The quick brown fox jumps over the lazy dog. The quick brown fox jumps over the lazy dog. The quick brown fox jumps over the lazy dog. The quick brown fox jumps over the lazy dog. The quick brown fox jumps over the lazy dog. The quick brown fox jumps over the lazy dog. The quick brown fox jumps over the lazy dog. The quick brown fox jumps over the lazy dog. The quick brown fox jumps over the lazy dog. The quick brown fox jumps over the lazy dog. The quick brown fox jumps over the lazy dog. The quick brown fox jumps over the lazy dog. The quick brown fox jumps over the lazy dog. The quick brown fox jumps over the lazy dog. The quick brown fox jumps over the lazy dog. The quick brown fox jumps over the lazy dog. The quick brown fox jumps over the lazy dog. The quick brown fox jumps over the lazy dog. Summarise the text above.",
1790604266.986	    "stream": true,
1790604266.986	    "top_k": 1
1790604266.986	}
1790604266.986	[FLM]  Start generating...
1790604266.993	[FLM]  Prefill chunk 1/3 with 4096 tokens
1790604267.285	[🔴 ]  Client disconnected; cancelling active request
1790604273.029	[❌ ]  Prefill Cancelled!
1790604273.342	[🔗 ]  TCP connection established - Remote: 127.0.0.1:35804
1790604273.342	[TCP]  Read 326 bytes from socket
1790604273.342	================================================
1790604273.342	[⬇️ ]  Incoming Request: POST
1790604273.342	[LOG]  Time stamp: 17:04:33 09:28:2026
1790604273.342	[LOG]  Target: /api/generate
1790604273.342	[LOG]  Version: 11
1790604273.342	[LOG]  Keep-Alive: 1
1790604273.342	[LOG]  Body: 
1790604273.342	{
1790604273.342	    "max_tokens": 512,
1790604273.342	    "model": "gemma4-it:e4b",
1790604273.342	    "options": {
1790604273.342	        "num_predict": 512
1790604273.342	    },
1790604273.342	    "prompt": "Write a detailed essay of at least 2000 words on the history of the printing press.",
1790604273.342	    "stream": false
1790604273.342	}
1790604273.342	[🟢 ]  NPU Locked!
1790604273.342	[FLM]  Start generating...
1790604273.343	[FLM]  Prefill chunk 1/1 with 30 tokens
1790604312.606	
1790604312.606	[FLM]  Model RAW Output: 
1790604312.606	## The Unfolding Page: A History of the Printing Press and the Transformation of Human Civilization
1790604312.606	
1790604312.606	The history of human civilization is inextricably linked to the ability to store, disseminate, and share knowledge. Before the advent of mechanical reproduction, information was a painstakingly crafted artifact—a manuscript laboriously copied by scribes in monasteries or scriptoriums. Books were luxuries, repositories of elite wisdom accessible only to the privileged few. The slow churn of parchment and vellum dictated the pace of intellectual life, limiting revolutions in thought, science, and governance. Then came the printing press: a technological innovation so profound that it did not merely improve communication; it fundamentally rewired human society.
1790604312.606	
1790604312.606	The story of the printing press is not a single, monolithic event but rather a centuries-long evolution—a gradual convergence of metallurgy, mechanical engineering, chemical understanding, and societal demand. It is a narrative spanning from ancient woodblock techniques to Gutenberg’s movable type revolution in Mainz, and subsequently through the industrialization of print that defined the modern era. To trace this history is to chart the trajectory of modernity itself: from localized dogma to global discourse.
1790604312.606	
1790604312.606	### I. Precursors and Proto-Printing Technologies (Antiquity to Medieval Period)
1790604312.606	
1790604312.606	The desire to reproduce images and texts predates Gutenberg by millennia, driven by religious needs, administrative requirements, and artistic patronage. The earliest forms of mass communication were not "printing" in the modern sense but rather methods of stamping or carving for replication.
1790604312.606	
1790604312.606	**A. Woodblock Printing (Xylography):**
1790604312.606	The most ancient form of mechanical reproduction is woodblock printing. In China, this technique flourished as early as the Tang Dynasty (7th–10th centuries CE). Artisans would carve an entire page—text and image combined—into a single block of wood. This block was then inked and pressed onto paper or fabric. Early examples, such as Buddhist texts from the 8th century, demonstrate sophisticated artistry within this medium.
1790604312.606	
1790604312.606	Woodblock printing was highly effective for religious iconography and popular literature in East Asia because it allowed for relatively rapid reproduction of standardized images. However, its limitations were significant: each page required a unique block carving, making customization difficult and production slow when compared to later methods. Furthermore, the process was inherently static; if an error needed correction, the entire block had to be recarved.
1790604312.606	
1790604312.606	**B. Movable Type in East Asia:**
1790604312.606	While woodblock printing dominated early Asian textual reproduction, the concept of *movable type*—individual characters that could be arranged and reused
1790604312.606	[31m[FLM]  Creating checkpoint at context length 542[0m
1790604312.608	[🔵 ]  NPU Lock Released!
1790604312.608	================================================
1790604312.608	[🔒 ]  TCP connection closed - Remote: 127.0.0.1:35804
1790604312.638	[🔗 ]  TCP connection established - Remote: 127.0.0.1:54658
1790604312.638	[TCP]  Read 326 bytes from socket
1790604312.638	================================================
1790604312.638	[⬇️ ]  Incoming Request: POST
1790604312.638	[LOG]  Time stamp: 17:05:12 09:28:2026
1790604312.638	[LOG]  Target: /api/generate
1790604312.638	[LOG]  Version: 11
1790604312.638	[LOG]  Keep-Alive: 1
1790604312.638	[LOG]  Body: 
1790604312.638	{
1790604312.638	    "max_tokens": 512,
1790604312.638	    "model": "gemma4-it:e4b",
1790604312.638	    "options": {
1790604312.638	        "num_predict": 512
1790604312.638	    },
1790604312.638	    "prompt": "Write a detailed essay of at least 2000 words on the history of the printing press.",
1790604312.638	    "stream": false
1790604312.638	}
1790604312.638	[🟢 ]  NPU Locked!
1790604312.638	[FLM]  Start generating...
1790604312.639	[FLM]  Conversation context diverged from cache, clearing context...
1790604312.671	[FLM]  Prefill chunk 1/1 with 30 tokens
1790604314.638	[🔴 ]  Client disconnected; cancelling active request
1790604314.639	[🔗 ]  TCP connection established - Remote: 127.0.0.1:54666
1790604314.639	[TCP]  Read 270 bytes from socket
1790604314.639	================================================
1790604314.639	[⬇️ ]  Incoming Request: POST
1790604314.639	[LOG]  Time stamp: 17:05:14 09:28:2026
1790604314.639	[LOG]  Target: /api/chat
1790604314.639	[LOG]  Version: 11
1790604314.639	[LOG]  Keep-Alive: 1
1790604314.639	[LOG]  Body: 
1790604314.639	{
1790604314.639	    "messages": [
1790604314.639	        {
1790604314.639	            "content": "Say hi.",
1790604314.639	            "role": "user"
1790604314.639	        }
1790604314.639	    ],
1790604314.639	    "model": "gemma4-it:e4b",
1790604314.639	    "options": {
1790604314.639	        "num_predict": 4
1790604314.639	    },
1790604314.639	    "stream": false,
1790604314.639	    "top_k": 1
1790604314.639	}
1790604314.639	[🕒 ]  NPU busy, request queued (1/10): POST /api/chat
1790604314.699	
1790604314.699	[FLM]  Model RAW Output: 
1790604314.699	## The Unfolding Page: A History of the Printing Press and
1790604314.699	[31m[FLM]  Creating checkpoint at context length 42[0m
1790604314.700	[❌ ]  Generation Cancelled!
1790604315.034	[🟡 ]  Dequeuing NPU request (0 remaining)...
1790604315.034	================================================
1790604315.034	[FLM]  Start generating...
1790604315.034	[FLM]  Total images: 0
1790604315.034	[🔒 ]  TCP connection closed - Remote endpoint unavailable
1790604315.034	[FLM]  Conversation context diverged from cache, clearing context...
1790604315.068	[FLM]  Prefill chunk 1/1 with 12 tokens
1790604316.232	[31m[FLM]  Creating checkpoint at context length 12[0m
1790604316.234	[31m[FLM]  Restoring checkpoint at context length 12[0m
1790604316.265	[31m[FLM]  Checkpoint before generation: 12, restore point: 12, user context length: 12[0m
1790604316.551	
1790604316.551	[FLM]  Model RAW Output: 
1790604316.551	Hi! How can I
1790604316.551	[🔵 ]  NPU Lock Released!
1790604316.551	================================================
1790604316.551	[🔒 ]  TCP connection closed - Remote: 127.0.0.1:54666
1790604317.602	[🔗 ]  TCP connection established - Remote: 127.0.0.1:54682
1790604317.602	[TCP]  Read 307 bytes from socket
1790604317.602	================================================
1790604317.602	[⬇️ ]  Incoming Request: POST
1790604317.602	[LOG]  Time stamp: 17:05:17 09:28:2026
1790604317.602	[LOG]  Target: /v1/completions
1790604317.602	[LOG]  Version: 11
1790604317.602	[LOG]  Keep-Alive: 1
1790604317.602	[LOG]  Body: 
1790604317.602	{
1790604317.602	    "max_tokens": 512,
1790604317.602	    "model": "gemma4-it:e4b",
1790604317.602	    "prompt": "Write a detailed essay of at least 2000 words on the history of the printing press.",
1790604317.602	    "stream": false,
1790604317.602	    "top_k": 1
1790604317.602	}
1790604317.602	[FLM]  Start generating...
1790604317.603	[FLM]  Prefill chunk 1/1 with 30 tokens
1790604356.804	
1790604356.804	[FLM]  Model RAW Output: 
1790604356.804	## The Unfolding Page: A History of the Printing Press and the Transformation of Human Civilization
1790604356.804	
1790604356.804	The history of human civilization is inextricably linked to the ability to store, disseminate, and share knowledge. Before the advent of mechanical reproduction, information was a painstakingly crafted artifact—a manuscript laboriously copied by scribes in monasteries or scriptoriums. Books were luxuries, repositories of elite wisdom accessible only to the privileged few. The slow churn of parchment and vellum dictated the pace of intellectual life, limiting revolutions in thought, science, and governance. Then came the printing press: a technological innovation so profound that it did not merely improve communication; it fundamentally rewired human society.
1790604356.804	
1790604356.804	The story of the printing press is not a single, monolithic event but rather a centuries-long evolution—a gradual convergence of metallurgy, mechanical engineering, chemical understanding, and societal demand. It is a narrative spanning from ancient woodblock techniques to Gutenberg’s movable type revolution in Mainz, and subsequently through the industrialization of print that defined the modern era. To trace this history is to chart the trajectory of modernity itself: from localized dogma to global discourse.
1790604356.804	
1790604356.804	### I. Precursors and Proto-Printing Technologies (Antiquity to Medieval Period)
1790604356.804	
1790604356.804	The desire to reproduce images and texts predates Gutenberg by millennia, driven by religious needs, administrative requirements, and artistic patronage. The earliest forms of mass communication were not "printing" in the modern sense but rather methods of stamping or carving for replication.
1790604356.804	
1790604356.804	**A. Woodblock Printing (Xylography):**
1790604356.804	The most ancient form of mechanical reproduction is woodblock printing. In China, this technique flourished as early as the Tang Dynasty (7th–10th centuries CE). Artisans would carve an entire page—text and image combined—into a single block of wood. This block was then inked and pressed onto paper or fabric. Early examples, such as Buddhist texts from the 8th century, demonstrate sophisticated artistry within this medium.
1790604356.804	
1790604356.804	Woodblock printing was highly effective for religious iconography and popular literature in East Asia because it allowed for relatively rapid reproduction of standardized images. However, its limitations were significant: each page required a unique block carving, making customization difficult and production slow when compared to later methods. Furthermore, the process was inherently static; if an error needed correction, the entire block had to be recarved.
1790604356.804	
1790604356.804	**B. Movable Type in East Asia:**
1790604356.804	While woodblock printing dominated early Asian textual reproduction, the concept of *movable type*—individual characters that could be arranged and reused
1790604356.804	[31m[FLM]  Creating checkpoint at context length 542[0m
1790604356.806	================================================
1790604356.806	[🔒 ]  TCP connection closed - Remote: 127.0.0.1:54682
1790604356.837	[🔗 ]  TCP connection established - Remote: 127.0.0.1:33390
1790604356.837	[TCP]  Read 307 bytes from socket
1790604356.837	================================================
1790604356.837	[⬇️ ]  Incoming Request: POST
1790604356.837	[LOG]  Time stamp: 17:05:56 09:28:2026
1790604356.837	[LOG]  Target: /v1/completions
1790604356.837	[LOG]  Version: 11
1790604356.837	[LOG]  Keep-Alive: 1
1790604356.837	[LOG]  Body: 
1790604356.837	{
1790604356.837	    "max_tokens": 512,
1790604356.837	    "model": "gemma4-it:e4b",
1790604356.837	    "prompt": "Write a detailed essay of at least 2000 words on the history of the printing press.",
1790604356.837	    "stream": false,
1790604356.837	    "top_k": 1
1790604356.837	}
1790604356.837	[FLM]  Start generating...
1790604356.838	[FLM]  Conversation context diverged from cache, clearing context...
1790604356.869	[FLM]  Prefill chunk 1/1 with 30 tokens
1790604358.837	[🔴 ]  Client disconnected; cancelling active request
1790604358.910	
1790604358.910	[FLM]  Model RAW Output: 
1790604358.910	## The Unfolding Page: A History of the Printing Press and
1790604358.910	[31m[FLM]  Creating checkpoint at context length 42[0m
1790604358.912	[❌ ]  Generation Cancelled!
1790604358.912	================================================
1790604358.912	[🔒 ]  TCP connection closed - Remote endpoint unavailable
