1790603975.502	[FLM]  Using user-specified port: 58601
1790603976.017	[FLM]  Loading model: /home/noams/.config/flm/models/Llama-3.2-1B-NPU2
1790603977.660	[FLM]  Starting server on port 58601...
1790603977.661	[🔗 ]  TCP connection established - Remote: 127.0.0.1:46986
1790603977.661	[TCP]  Read 90 bytes from socket
1790603977.661	================================================
1790603977.661	[⬇️ ]  Incoming Request: GET
1790603977.661	[FLM]  WebServer started on port 58601 with 10 I/O threads
1790603977.661	[FLM]  Press Ctrl+C to stop.
1790603977.661	[LOG]  Time stamp: 16:59:37 09:28:2026
1790603977.661	[LOG]  Target: /api/version
1790603977.661	[LOG]  Version: 11
1790603977.661	[LOG]  Keep-Alive: 1
1790603977.661	================================================
1790603977.661	[🔒 ]  TCP connection closed - Remote: 127.0.0.1:46986
1790603977.684	[🔗 ]  TCP connection established - Remote: 127.0.0.1:46996
1790603977.685	[TCP]  Read 345 bytes from socket
1790603977.685	================================================
1790603977.685	[⬇️ ]  Incoming Request: POST
1790603977.685	[LOG]  Time stamp: 16:59:37 09:28:2026
1790603977.685	[LOG]  Target: /api/chat
1790603977.685	[LOG]  Version: 11
1790603977.685	[LOG]  Keep-Alive: 1
1790603977.685	[LOG]  Body: 
1790603977.685	{
1790603977.685	    "messages": [
1790603977.685	        {
1790603977.685	            "content": "Write a de...ing press.",
1790603977.685	            "role": "user"
1790603977.685	        }
1790603977.685	    ],
1790603977.685	    "model": "llama3.2:1b",
1790603977.685	    "options": {
1790603977.685	        "num_predict": 512
1790603977.685	    },
1790603977.685	    "stream": true,
1790603977.685	    "top_k": 1
1790603977.685	}
1790603977.685	[🟢 ]  NPU Locked!
1790603977.685	[FLM]  Start generating...
1790603977.685	[FLM]  Prefill chunk 1/1 with 54 tokens
1790603985.957	
1790603985.957	[FLM]  Model RAW Output: 
1790603985.957	The History of the Printing Press: A Revolutionary Innovation
1790603985.957	
1790603985.957	The printing press, invented by Johannes Gutenberg in the 15th century, was a game-changing innovation that revolutionized the way people communicated, learned, and created. This remarkable device, which combined the principles of movable type and mechanical pressure, enabled mass production of printed materials, transforming the world in ways that were both profound and far-reaching. In this essay, we will delve into the fascinating history of the printing press, tracing its development, evolution, and impact on society.
1790603985.957	
1790603985.957	The Early Days of Printing
1790603985.957	
1790603985.957	The concept of printing dates back to ancient China, where paper was first invented in the 2nd century AD. The first known printed book was the "Bamboo Book," a collection of Buddhist scriptures that was printed on paper in the 8th century. However, it was not until the 10th century that the first movable-type printing press was developed in China. The press, known as the "Rituo Press," was invented by the Chinese monk Wuzheng, who created a machine that could print individual characters on a sheet of paper.
1790603985.957	
1790603985.957	In the 12th century, the printing press was introduced to Europe by the monks of the Benedictine monastery in St. Gall, Switzerland. The monks, who were familiar with the Chinese printing press, adapted the technology to create a machine that could print individual characters on a sheet of paper. This early printing press was called the "Monumentum Press," and it was used to print the first printed books in Europe.
1790603985.957	
1790603985.957	The Development of the Printing Press
1790603985.957	
1790603985.957	The printing press was a major innovation in the history of communication. It allowed people to mass-produce written materials, making it possible to disseminate knowledge, news, and ideas on a large scale. The first printing press was a simple machine that consisted of a wooden frame, a metal plate, and a type of metal alloy. The plate was engraved with the text to be printed, and the metal alloy was used to create the type.
1790603985.957	
1790603985.957	The printing press was a mechanical device that used a combination of gravity and pressure to transfer the ink onto the paper. The machine consisted of a wooden frame that held the metal plate in place, a metal plate that was engraved with the text, and a type of metal alloy that was used to create the type. The type was a metal block that was used to print individual characters on the paper.
1790603985.957	
1790603985.957	The printing press was a significant innovation in the history of communication. It allowed people to mass-produce written materials, making it possible to disse
1790603985.957	[🔒 ]  Closing TCP connection (streaming, non-keep-alive)
1790603985.957	[🔵 ]  NPU Lock Released!
1790603985.986	[🔗 ]  TCP connection established - Remote: 127.0.0.1:47474
1790603985.986	[TCP]  Read 345 bytes from socket
1790603985.986	================================================
1790603985.986	[⬇️ ]  Incoming Request: POST
1790603985.986	[LOG]  Time stamp: 16:59:45 09:28:2026
1790603985.986	[LOG]  Target: /api/chat
1790603985.986	[LOG]  Version: 11
1790603985.986	[LOG]  Keep-Alive: 1
1790603985.986	[LOG]  Body: 
1790603985.986	{
1790603985.986	    "messages": [
1790603985.986	        {
1790603985.986	            "content": "Write a de...ing press.",
1790603985.986	            "role": "user"
1790603985.986	        }
1790603985.986	    ],
1790603985.986	    "model": "llama3.2:1b",
1790603985.986	    "options": {
1790603985.986	        "num_predict": 512
1790603985.986	    },
1790603985.986	    "stream": true,
1790603985.986	    "top_k": 1
1790603985.986	}
1790603985.986	[🟢 ]  NPU Locked!
1790603985.986	[FLM]  Start generating...
1790603985.986	[FLM]  Prefill chunk 1/1 with 54 tokens
1790603986.437	[🔴 ]  Client disconnected; cancelling active request
1790603986.437	[🔗 ]  TCP connection established - Remote: 127.0.0.1:47476
1790603986.438	[TCP]  Read 268 bytes from socket
1790603986.438	================================================
1790603986.438	[⬇️ ]  Incoming Request: POST
1790603986.438	[LOG]  Time stamp: 16:59:46 09:28:2026
1790603986.438	[LOG]  Target: /api/chat
1790603986.438	[LOG]  Version: 11
1790603986.438	[LOG]  Keep-Alive: 1
1790603986.438	[LOG]  Body: 
1790603986.438	{
1790603986.438	    "messages": [
1790603986.438	        {
1790603986.438	            "content": "Say hi.",
1790603986.438	            "role": "user"
1790603986.438	        }
1790603986.438	    ],
1790603986.438	    "model": "llama3.2:1b",
1790603986.438	    "options": {
1790603986.438	        "num_predict": 4
1790603986.438	    },
1790603986.438	    "stream": false,
1790603986.438	    "top_k": 1
1790603986.438	}
1790603986.438	[🕒 ]  NPU busy, request queued (1/10): POST /api/chat
1790603986.452	
1790603986.452	[FLM]  Model RAW Output: 
1790603986.452	The History of the Printing Press
1790603986.452	[❌ ]  Generation Cancelled!
1790603986.785	[🟡 ]  Dequeuing NPU request (0 remaining)...
1790603986.785	[FLM]  Start generating...
1790603986.785	[FLM]  Prefill chunk 1/1 with 38 tokens
1790603987.219	
1790603987.219	[FLM]  Model RAW Output: 
1790603987.219	Hi.
1790603987.219	[🔵 ]  NPU Lock Released!
1790603987.219	================================================
1790603987.219	[🔒 ]  TCP connection closed - Remote: 127.0.0.1:47476
1790603988.273	[🔗 ]  TCP connection established - Remote: 127.0.0.1:47478
1790603988.273	[TCP]  Read 54289 bytes from socket
1790603988.273	================================================
1790603988.273	[⬇️ ]  Incoming Request: POST
1790603988.273	[LOG]  Time stamp: 16:59:48 09:28:2026
1790603988.273	[LOG]  Target: /api/chat
1790603988.273	[LOG]  Version: 11
1790603988.273	[LOG]  Keep-Alive: 1
1790603988.273	[LOG]  Body: 
1790603988.273	{
1790603988.273	    "messages": [
1790603988.273	        {
1790603988.273	            "content": "The quick ...ext above.",
1790603988.273	            "role": "user"
1790603988.273	        }
1790603988.273	    ],
1790603988.273	    "model": "llama3.2:1b",
1790603988.273	    "options": {
1790603988.273	        "num_predict": 512
1790603988.273	    },
1790603988.273	    "stream": true,
1790603988.273	    "top_k": 1
1790603988.273	}
1790603988.274	[🟢 ]  NPU Locked!
1790603988.274	[FLM]  Start generating...
1790603988.282	[FLM]  Prefill chunk 1/3 with 4096 tokens
1790603988.573	[🔴 ]  Client disconnected; cancelling active request
1790603988.574	[🔗 ]  TCP connection established - Remote: 127.0.0.1:47480
1790603988.574	[TCP]  Read 268 bytes from socket
1790603988.574	================================================
1790603988.574	[⬇️ ]  Incoming Request: POST
1790603988.574	[LOG]  Time stamp: 16:59:48 09:28:2026
1790603988.574	[LOG]  Target: /api/chat
1790603988.574	[LOG]  Version: 11
1790603988.574	[LOG]  Keep-Alive: 1
1790603988.574	[LOG]  Body: 
1790603988.574	{
1790603988.574	    "messages": [
1790603988.574	        {
1790603988.574	            "content": "Say hi.",
1790603988.574	            "role": "user"
1790603988.574	        }
1790603988.574	    ],
1790603988.574	    "model": "llama3.2:1b",
1790603988.574	    "options": {
1790603988.574	        "num_predict": 4
1790603988.574	    },
1790603988.574	    "stream": false,
1790603988.574	    "top_k": 1
1790603988.574	}
1790603988.574	[🕒 ]  NPU busy, request queued (1/10): POST /api/chat
1790603990.069	[❌ ]  Prefill Cancelled!
1790603990.402	[🟡 ]  Dequeuing NPU request (0 remaining)...
1790603990.402	[FLM]  Start generating...
1790603990.402	[FLM]  Prefill chunk 1/1 with 38 tokens
1790603990.853	
1790603990.853	[FLM]  Model RAW Output: 
1790603990.853	Hi.
1790603990.853	[🔵 ]  NPU Lock Released!
1790603990.853	================================================
1790603990.853	[🔒 ]  TCP connection closed - Remote: 127.0.0.1:47480
1790603991.909	[🔗 ]  TCP connection established - Remote: 127.0.0.1:47492
1790603991.909	[TCP]  Read 323 bytes from socket
1790603991.909	================================================
1790603991.909	[⬇️ ]  Incoming Request: POST
1790603991.909	[LOG]  Time stamp: 16:59:51 09:28:2026
1790603991.909	[LOG]  Target: /api/generate
1790603991.909	[LOG]  Version: 11
1790603991.909	[LOG]  Keep-Alive: 1
1790603991.909	[LOG]  Body: 
1790603991.909	{
1790603991.909	    "max_tokens": 512,
1790603991.909	    "model": "llama3.2:1b",
1790603991.909	    "options": {
1790603991.909	        "num_predict": 512
1790603991.909	    },
1790603991.909	    "prompt": "Write a detailed essay of at least 2000 words on the history of the printing press.",
1790603991.909	    "stream": true
1790603991.909	}
1790603991.909	[🟢 ]  NPU Locked!
1790603991.909	[FLM]  Start generating...
1790603991.909	[FLM]  Prefill chunk 1/1 with 54 tokens
1790604000.149	
1790604000.149	[FLM]  Model RAW Output: 
1790604000.149	The History of the Printing Press: A Revolutionary Innovation
1790604000.149	
1790604000.149	The printing press, invented by Johannes Gutenberg in the 15th century, was a game-changing innovation that revolutionized the way people communicated, learned, and created. This remarkable device, which combined the principles of movable type and mechanical pressure, enabled mass production of books, pamphlets, and other written materials, transforming the world of knowledge and culture. In this essay, we will delve into the fascinating history of the printing press, exploring its development, evolution, and impact on society.
1790604000.149	
1790604000.149	The Early Days of Printing
1790604000.149	
1790604000.149	The concept of printing dates back to ancient China, where paper was first invented in the 2nd century AD. The first known printed book was the "Bamboo Book," a collection of Buddhist scriptures that was printed on paper in the 8th century. However, it was not until the 15th century that the printing press began to take shape. In 1450, Johannes Gutenberg, a German goldsmith and printer, invented the first movable-type printing press. This innovative device allowed individual characters to be rearranged to form different words and phrases, making it possible to print large quantities of text.
1790604000.149	
1790604000.149	Gutenberg's Printing Press
1790604000.149	
1790604000.149	Gutenberg's printing press was a significant improvement over earlier forms of printing, such as the hand-carved wooden blocks used by monks in the 10th century. The movable-type press allowed for greater flexibility and efficiency, enabling printers to produce high-quality copies quickly and at a lower cost. The press consisted of a wooden frame, a metal plate, and a type of metal alloy that was used to create the individual characters. The characters were arranged in a specific order, with each character having a unique shape and size.
1790604000.149	
1790604000.149	The first printed book, the Gutenberg Bible, was published in 1455. It was a large, 1,286-page volume that contained the Latin Vulgate, the standard text of the Bible at the time. The book was printed in gold and silver ink on high-quality paper, and it quickly became a bestseller. The Gutenberg Bible was a groundbreaking work that marked the beginning of the printing press era. It was the first book to use the movable-type press, and it paved the way for the mass production of books.
1790604000.149	
1790604000.149	The Spread of the Printing Press
1790604000.149	
1790604000.149	The printing press was not limited to Europe. It was also used in other parts of the world, such as China, where it was adopted by Buddhist monks and scholars. The printing press was a powerful tool for spreading knowledge and ideas, and it played a significant
1790604000.149	[🔒 ]  Closing TCP connection (streaming, non-keep-alive)
1790604000.149	[🔵 ]  NPU Lock Released!
1790604000.185	[🔗 ]  TCP connection established - Remote: 127.0.0.1:35346
1790604000.185	[TCP]  Read 323 bytes from socket
1790604000.185	================================================
1790604000.185	[⬇️ ]  Incoming Request: POST
1790604000.185	[LOG]  Time stamp: 17:00:00 09:28:2026
1790604000.185	[LOG]  Target: /api/generate
1790604000.185	[LOG]  Version: 11
1790604000.185	[LOG]  Keep-Alive: 1
1790604000.185	[LOG]  Body: 
1790604000.185	{
1790604000.185	    "max_tokens": 512,
1790604000.185	    "model": "llama3.2:1b",
1790604000.185	    "options": {
1790604000.185	        "num_predict": 512
1790604000.185	    },
1790604000.185	    "prompt": "Write a detailed essay of at least 2000 words on the history of the printing press.",
1790604000.185	    "stream": true
1790604000.185	}
1790604000.185	[🟢 ]  NPU Locked!
1790604000.185	[FLM]  Start generating...
1790604000.186	[FLM]  Conversation context diverged from cache, clearing context...
1790604000.188	[FLM]  Prefill chunk 1/1 with 54 tokens
1790604000.640	[🔴 ]  Client disconnected; cancelling active request
1790604000.640	[🔗 ]  TCP connection established - Remote: 127.0.0.1:35356
1790604000.640	[TCP]  Read 268 bytes from socket
1790604000.640	================================================
1790604000.640	[⬇️ ]  Incoming Request: POST
1790604000.640	[LOG]  Time stamp: 17:00:00 09:28:2026
1790604000.640	[LOG]  Target: /api/chat
1790604000.640	[LOG]  Version: 11
1790604000.640	[LOG]  Keep-Alive: 1
1790604000.640	[LOG]  Body: 
1790604000.640	{
1790604000.640	    "messages": [
1790604000.640	        {
1790604000.640	            "content": "Say hi.",
1790604000.640	            "role": "user"
1790604000.640	        }
1790604000.640	    ],
1790604000.640	    "model": "llama3.2:1b",
1790604000.640	    "options": {
1790604000.640	        "num_predict": 4
1790604000.640	    },
1790604000.640	    "stream": false,
1790604000.640	    "top_k": 1
1790604000.640	}
1790604000.640	[🕒 ]  NPU busy, request queued (1/10): POST /api/chat
1790604000.654	
1790604000.654	[FLM]  Model RAW Output: 
1790604000.654	The History of the Printing Press
1790604000.654	[❌ ]  Generation Cancelled!
1790604000.988	[🟡 ]  Dequeuing NPU request (0 remaining)...
1790604000.988	[FLM]  Start generating...
1790604000.988	[FLM]  Conversation context diverged from cache, clearing context...
1790604000.990	[FLM]  Prefill chunk 1/1 with 38 tokens
1790604001.435	
1790604001.435	[FLM]  Model RAW Output: 
1790604001.435	Hi.
1790604001.435	[🔵 ]  NPU Lock Released!
1790604001.435	================================================
1790604001.435	[🔒 ]  TCP connection closed - Remote: 127.0.0.1:35356
1790604002.488	[🔗 ]  TCP connection established - Remote: 127.0.0.1:58292
1790604002.488	[TCP]  Read 54267 bytes from socket
1790604002.488	================================================
1790604002.488	[⬇️ ]  Incoming Request: POST
1790604002.488	[LOG]  Time stamp: 17:00:02 09:28:2026
1790604002.488	[LOG]  Target: /api/generate
1790604002.488	[LOG]  Version: 11
1790604002.488	[LOG]  Keep-Alive: 1
1790604002.488	[LOG]  Body: 
1790604002.488	{
1790604002.488	    "max_tokens": 512,
1790604002.488	    "model": "llama3.2:1b",
1790604002.488	    "options": {
1790604002.488	        "num_predict": 512
1790604002.488	    },
1790604002.488	    "prompt": "The quick brown fox jumps over the lazy dog. The quick brown fox jumps over the lazy dog. The quick brown fox jumps over the lazy dog. The quick brown fox jumps over the lazy dog. The quick brown fox jumps over the lazy dog. The quick brown fox jumps over the lazy dog. The quick brown fox jumps over the lazy dog. The quick brown fox jumps over the lazy dog. The quick brown fox jumps over the lazy dog. The quick brown fox jumps over the lazy dog. The quick brown fox jumps over the lazy dog. The quick brown fox jumps over the lazy dog. The quick brown fox jumps over the lazy dog. The quick brown fox jumps over the lazy dog. The quick brown fox jumps over the lazy dog. The quick brown fox jumps over the lazy dog. The quick brown fox jumps over the lazy dog. The quick brown fox jumps over the lazy dog. The quick brown fox jumps over the lazy dog. The quick brown fox jumps over the lazy dog. The quick brown fox jumps over the lazy dog. The quick brown fox jumps over the lazy dog. The quick brown fox jumps over the lazy dog. The quick brown fox jumps over the lazy dog. The quick brown fox jumps over the lazy dog. The quick brown fox jumps over the lazy dog. The quick brown fox jumps over the lazy dog. The quick brown fox jumps over the lazy dog. The quick brown fox jumps over the lazy dog. The quick brown fox jumps over the lazy dog. The quick brown fox jumps over the lazy dog. The quick brown fox jumps over the lazy dog. The quick brown fox jumps over the lazy dog. The quick brown fox jumps over the lazy dog. The quick brown fox jumps over the lazy dog. The quick brown fox jumps over the lazy dog. The quick brown fox jumps over the lazy dog. The quick brown fox jumps over the lazy dog. The quick brown fox jumps over the lazy dog. The quick brown fox jumps over the lazy dog. The quick brown fox jumps over the lazy dog. The quick brown fox jumps over the lazy dog. The quick brown fox jumps over the lazy dog. The quick brown fox jumps over the lazy dog. The quick brown fox jumps over the lazy dog. The quick brown fox jumps over the lazy dog. The quick brown fox jumps over the lazy dog. The quick brown fox jumps over the lazy dog. The quick brown fox jumps over the lazy dog. The quick brown fox jumps over the lazy dog. The quick brown fox jumps over the lazy dog. The quick brown fox jumps over the lazy dog. The quick brown fox jumps over the lazy dog. The quick brown fox jumps over the lazy dog. The quick brown fox jumps over the lazy dog. The quick brown fox jumps over the lazy dog. The quick brown fox jumps over the lazy dog. The quick brown fox jumps over the lazy dog. The quick brown fox jumps over the lazy dog. The quick brown fox jumps over the lazy dog. The quick brown fox jumps over the lazy dog. The quick brown fox jumps over the lazy dog. The quick brown fox jumps over the lazy dog. The quick brown fox jumps over the lazy dog. The quick brown fox jumps over the lazy dog. The quick brown fox jumps over the lazy dog. The quick brown fox jumps over the lazy dog. The quick brown fox jumps over the lazy dog. The quick brown fox jumps over the lazy dog. The quick brown fox jumps over the lazy dog. The quick brown fox jumps over the lazy dog. The quick brown fox jumps over the lazy dog. The quick brown fox jumps over the lazy dog. The quick brown fox jumps over the lazy dog. The quick brown fox jumps over the lazy dog. The quick brown fox jumps over the lazy dog. The quick brown fox jumps over the lazy dog. The quick brown fox jumps over the lazy dog. The quick brown fox jumps over the lazy dog. The quick brown fox jumps over the lazy dog. The quick brown fox jumps over the lazy dog. The quick brown fox jumps over the lazy dog. The quick brown fox jumps over the lazy dog. The quick brown fox jumps over the lazy dog. The quick brown fox jumps over the lazy dog. The quick brown fox jumps over the lazy dog. The quick brown fox jumps over the lazy dog. The quick brown fox jumps over the lazy dog. The quick brown fox jumps over the lazy dog. The quick brown fox jumps over the lazy dog. The quick brown fox jumps over the lazy dog. The quick brown fox jumps over the lazy dog. The quick brown fox jumps over the lazy dog. The quick brown fox jumps over the lazy dog. The quick brown fox jumps over the lazy dog. The quick brown fox jumps over the lazy dog. The quick brown fox jumps over the lazy dog. The quick brown fox jumps over the lazy dog. The quick brown fox jumps over the lazy dog. The quick brown fox jumps over the lazy dog. The quick brown fox jumps over the lazy dog. The quick brown fox jumps over the lazy dog. The quick brown fox jumps over the lazy dog. The quick brown fox jumps over the lazy dog. The quick brown fox jumps over the lazy dog. The quick brown fox jumps over the lazy dog. The quick brown fox jumps over the lazy dog. The quick brown fox jumps over the lazy dog. The quick brown fox jumps over the lazy dog. The quick brown fox jumps over the lazy dog. The quick brown fox jumps over the lazy dog. The quick brown fox jumps over the lazy dog. The quick brown fox jumps over the lazy dog. The quick brown fox jumps over the lazy dog. The quick brown fox jumps over the lazy dog. The quick brown fox jumps over the lazy dog. The quick brown fox jumps over the lazy dog. The quick brown fox jumps over the lazy dog. The quick brown fox jumps over the lazy dog. The quick brown fox jumps over the lazy dog. The quick brown fox jumps over the lazy dog. The quick brown fox jumps over the lazy dog. The quick brown fox jumps over the lazy dog. The quick brown fox jumps over the lazy dog. The quick brown fox jumps over the lazy dog. The quick brown fox jumps over the lazy dog. The quick brown fox jumps over the lazy dog. The quick brown fox jumps over the lazy dog. The quick brown fox jumps over the lazy dog. The quick brown fox jumps over the lazy dog. The quick brown fox jumps over the lazy dog. The quick brown fox jumps over the lazy dog. The quick brown fox jumps over the lazy dog. The quick brown fox jumps over the lazy dog. The quick brown fox jumps over the lazy dog. The quick brown fox jumps over the lazy dog. The quick brown fox jumps over the lazy dog. The quick brown fox jumps over the lazy dog. The quick brown fox jumps over the lazy dog. The quick brown fox jumps over the lazy dog. The quick brown fox jumps over the lazy dog. The quick brown fox jumps over the lazy dog. The quick brown fox jumps over the lazy dog. The quick brown fox jumps over the lazy dog. The quick brown fox jumps over the lazy dog. The quick brown fox jumps over the lazy dog. The quick brown fox jumps over the lazy dog. The quick brown fox jumps over the lazy dog. The quick brown fox jumps over the lazy dog. The quick brown fox jumps over the lazy dog. The quick brown fox jumps over the lazy dog. The quick brown fox jumps over the lazy dog. The quick brown fox jumps over the lazy dog. The quick brown fox jumps over the lazy dog. The quick brown fox jumps over the lazy dog. The quick brown fox jumps over the lazy dog. The quick brown fox jumps over the lazy dog. The quick brown fox jumps over the lazy dog. The quick brown fox jumps over the lazy dog. The quick brown fox jumps over the lazy dog. The quick brown fox jumps over the lazy dog. The quick brown fox jumps over the lazy dog. The quick brown fox jumps over the lazy dog. The quick brown fox jumps over the lazy dog. The quick brown fox jumps over the lazy dog. The quick brown fox jumps over the lazy dog. The quick brown fox jumps over the lazy dog. The quick brown fox jumps over the lazy dog. The quick brown fox jumps over the lazy dog. The quick brown fox jumps over the lazy dog. The quick brown fox jumps over the lazy dog. The quick brown fox jumps over the lazy dog. The quick brown fox jumps over the lazy dog. The quick brown fox jumps over the lazy dog. The quick brown fox jumps over the lazy dog. The quick brown fox jumps over the lazy dog. The quick brown fox jumps over the lazy dog. The quick brown fox jumps over the lazy dog. The quick brown fox jumps over the lazy dog. The quick brown fox jumps over the lazy dog. The quick brown fox jumps over the lazy dog. The quick brown fox jumps over the lazy dog. The quick brown fox jumps over the lazy dog. The quick brown fox jumps over the lazy dog. The quick brown fox jumps over the lazy dog. The quick brown fox jumps over the lazy dog. The quick brown fox jumps over the lazy dog. The quick brown fox jumps over the lazy dog. The quick brown fox jumps over the lazy dog. The quick brown fox jumps over the lazy dog. The quick brown fox jumps over the lazy dog. The quick brown fox jumps over the lazy dog. The quick brown fox jumps over the lazy dog. The quick brown fox jumps over the lazy dog. The quick brown fox jumps over the lazy dog. The quick brown fox jumps over the lazy dog. The quick brown fox jumps over the lazy dog. The quick brown fox jumps over the lazy dog. The quick brown fox jumps over the lazy dog. The quick brown fox jumps over the lazy dog. The quick brown fox jumps over the lazy dog. The quick brown fox jumps over the lazy dog. The quick brown fox jumps over the lazy dog. The quick brown fox jumps over the lazy dog. The quick brown fox jumps over the lazy dog. The quick brown fox jumps over the lazy dog. The quick brown fox jumps over the lazy dog. The quick brown fox jumps over the lazy dog. The quick brown fox jumps over the lazy dog. The quick brown fox jumps over the lazy dog. The quick brown fox jumps over the lazy dog. The quick brown fox jumps over the lazy dog. The quick brown fox jumps over the lazy dog. The quick brown fox jumps over the lazy dog. The quick brown fox jumps over the lazy dog. The quick brown fox jumps over the lazy dog. The quick brown fox jumps over the lazy dog. The quick brown fox jumps over the lazy dog. The quick brown fox jumps over the lazy dog. The quick brown fox jumps over the lazy dog. The quick brown fox jumps over the lazy dog. The quick brown fox jumps over the lazy dog. The quick brown fox jumps over the lazy dog. The quick brown fox jumps over the lazy dog. The quick brown fox jumps over the lazy dog. The quick brown fox jumps over the lazy dog. The quick brown fox jumps over the lazy dog. The quick brown fox jumps over the lazy dog. The quick brown fox jumps over the lazy dog. The quick brown fox jumps over the lazy dog. The quick brown fox jumps over the lazy dog. The quick brown fox jumps over the lazy dog. The quick brown fox jumps over the lazy dog. The quick brown fox jumps over the lazy dog. The quick brown fox jumps over the lazy dog. The quick brown fox jumps over the lazy dog. The quick brown fox jumps over the lazy dog. The quick brown fox jumps over the lazy dog. The quick brown fox jumps over the lazy dog. The quick brown fox jumps over the lazy dog. The quick brown fox jumps over the lazy dog. The quick brown fox jumps over the lazy dog. The quick brown fox jumps over the lazy dog. The quick brown fox jumps over the lazy dog. The quick brown fox jumps over the lazy dog. The quick brown fox jumps over the lazy dog. The quick brown fox jumps over the lazy dog. The quick brown fox jumps over the lazy dog. The quick brown fox jumps over the lazy dog. The quick brown fox jumps over the lazy dog. The quick brown fox jumps over the lazy dog. The quick brown fox jumps over the lazy dog. The quick brown fox jumps over the lazy dog. The quick brown fox jumps over the lazy dog. The quick brown fox jumps over the lazy dog. The quick brown fox jumps over the lazy dog. The quick brown fox jumps over the lazy dog. The quick brown fox jumps over the lazy dog. The quick brown fox jumps over the lazy dog. The quick brown fox jumps over the lazy dog. The quick brown fox jumps over the lazy dog. The quick brown fox jumps over the lazy dog. The quick brown fox jumps over the lazy dog. The quick brown fox jumps over the lazy dog. The quick brown fox jumps over the lazy dog. The quick brown fox jumps over the lazy dog. The quick brown fox jumps over the lazy dog. The quick brown fox jumps over the lazy dog. The quick brown fox jumps over the lazy dog. The quick brown fox jumps over the lazy dog. The quick brown fox jumps over the lazy dog. The quick brown fox jumps over the lazy dog. The quick brown fox jumps over the lazy dog. The quick brown fox jumps over the lazy dog. The quick brown fox jumps over the lazy dog. The quick brown fox jumps over the lazy dog. The quick brown fox jumps over the lazy dog. The quick brown fox jumps over the lazy dog. The quick brown fox jumps over the lazy dog. The quick brown fox jumps over the lazy dog. The quick brown fox jumps over the lazy dog. The quick brown fox jumps over the lazy dog. The quick brown fox jumps over the lazy dog. The quick brown fox jumps over the lazy dog. The quick brown fox jumps over the lazy dog. The quick brown fox jumps over the lazy dog. The quick brown fox jumps over the lazy dog. The quick brown fox jumps over the lazy dog. The quick brown fox jumps over the lazy dog. The quick brown fox jumps over the lazy dog. The quick brown fox jumps over the lazy dog. The quick brown fox jumps over the lazy dog. The quick brown fox jumps over the lazy dog. The quick brown fox jumps over the lazy dog. The quick brown fox jumps over the lazy dog. The quick brown fox jumps over the lazy dog. The quick brown fox jumps over the lazy dog. The quick brown fox jumps over the lazy dog. The quick brown fox jumps over the lazy dog. The quick brown fox jumps over the lazy dog. The quick brown fox jumps over the lazy dog. The quick brown fox jumps over the lazy dog. The quick brown fox jumps over the lazy dog. The quick brown fox jumps over the lazy dog. The quick brown fox jumps over the lazy dog. The quick brown fox jumps over the lazy dog. The quick brown fox jumps over the lazy dog. The quick brown fox jumps over the lazy dog. The quick brown fox jumps over the lazy dog. The quick brown fox jumps over the lazy dog. The quick brown fox jumps over the lazy dog. The quick brown fox jumps over the lazy dog. The quick brown fox jumps over the lazy dog. The quick brown fox jumps over the lazy dog. The quick brown fox jumps over the lazy dog. The quick brown fox jumps over the lazy dog. The quick brown fox jumps over the lazy dog. The quick brown fox jumps over the lazy dog. The quick brown fox jumps over the lazy dog. The quick brown fox jumps over the lazy dog. The quick brown fox jumps over the lazy dog. The quick brown fox jumps over the lazy dog. The quick brown fox jumps over the lazy dog. The quick brown fox jumps over the lazy dog. The quick brown fox jumps over the lazy dog. The quick brown fox jumps over the lazy dog. The quick brown fox jumps over the lazy dog. The quick brown fox jumps over the lazy dog. The quick brown fox jumps over the lazy dog. The quick brown fox jumps over the lazy dog. The quick brown fox jumps over the lazy dog. The quick brown fox jumps over the lazy dog. The quick brown fox jumps over the lazy dog. The quick brown fox jumps over the lazy dog. The quick brown fox jumps over the lazy dog. The quick brown fox jumps over the lazy dog. The quick brown fox jumps over the lazy dog. The quick brown fox jumps over the lazy dog. The quick brown fox jumps over the lazy dog. The quick brown fox jumps over the lazy dog. The quick brown fox jumps over the lazy dog. The quick brown fox jumps over the lazy dog. The quick brown fox jumps over the lazy dog. The quick brown fox jumps over the lazy dog. The quick brown fox jumps over the lazy dog. The quick brown fox jumps over the lazy dog. The quick brown fox jumps over the lazy dog. The quick brown fox jumps over the lazy dog. The quick brown fox jumps over the lazy dog. The quick brown fox jumps over the lazy dog. The quick brown fox jumps over the lazy dog. The quick brown fox jumps over the lazy dog. The quick brown fox jumps over the lazy dog. The quick brown fox jumps over the lazy dog. The quick brown fox jumps over the lazy dog. The quick brown fox jumps over the lazy dog. The quick brown fox jumps over the lazy dog. The quick brown fox jumps over the lazy dog. The quick brown fox jumps over the lazy dog. The quick brown fox jumps over the lazy dog. The quick brown fox jumps over the lazy dog. The quick brown fox jumps over the lazy dog. The quick brown fox jumps over the lazy dog. The quick brown fox jumps over the lazy dog. The quick brown fox jumps over the lazy dog. The quick brown fox jumps over the lazy dog. The quick brown fox jumps over the lazy dog. The quick brown fox jumps over the lazy dog. The quick brown fox jumps over the lazy dog. The quick brown fox jumps over the lazy dog. The quick brown fox jumps over the lazy dog. The quick brown fox jumps over the lazy dog. The quick brown fox jumps over the lazy dog. The quick brown fox jumps over the lazy dog. The quick brown fox jumps over the lazy dog. The quick brown fox jumps over the lazy dog. The quick brown fox jumps over the lazy dog. The quick brown fox jumps over the lazy dog. The quick brown fox jumps over the lazy dog. The quick brown fox jumps over the lazy dog. The quick brown fox jumps over the lazy dog. The quick brown fox jumps over the lazy dog. The quick brown fox jumps over the lazy dog. The quick brown fox jumps over the lazy dog. The quick brown fox jumps over the lazy dog. The quick brown fox jumps over the lazy dog. The quick brown fox jumps over the lazy dog. The quick brown fox jumps over the lazy dog. The quick brown fox jumps over the lazy dog. The quick brown fox jumps over the lazy dog. The quick brown fox jumps over the lazy dog. The quick brown fox jumps over the lazy dog. The quick brown fox jumps over the lazy dog. The quick brown fox jumps over the lazy dog. The quick brown fox jumps over the lazy dog. The quick brown fox jumps over the lazy dog. The quick brown fox jumps over the lazy dog. The quick brown fox jumps over the lazy dog. The quick brown fox jumps over the lazy dog. The quick brown fox jumps over the lazy dog. The quick brown fox jumps over the lazy dog. The quick brown fox jumps over the lazy dog. The quick brown fox jumps over the lazy dog. The quick brown fox jumps over the lazy dog. The quick brown fox jumps over the lazy dog. The quick brown fox jumps over the lazy dog. The quick brown fox jumps over the lazy dog. The quick brown fox jumps over the lazy dog. The quick brown fox jumps over the lazy dog. The quick brown fox jumps over the lazy dog. The quick brown fox jumps over the lazy dog. The quick brown fox jumps over the lazy dog. The quick brown fox jumps over the lazy dog. The quick brown fox jumps over the lazy dog. The quick brown fox jumps over the lazy dog. The quick brown fox jumps over the lazy dog. The quick brown fox jumps over the lazy dog. The quick brown fox jumps over the lazy dog. The quick brown fox jumps over the lazy dog. The quick brown fox jumps over the lazy dog. The quick brown fox jumps over the lazy dog. The quick brown fox jumps over the lazy dog. The quick brown fox jumps over the lazy dog. The quick brown fox jumps over the lazy dog. The quick brown fox jumps over the lazy dog. The quick brown fox jumps over the lazy dog. The quick brown fox jumps over the lazy dog. The quick brown fox jumps over the lazy dog. The quick brown fox jumps over the lazy dog. The quick brown fox jumps over the lazy dog. The quick brown fox jumps over the lazy dog. The quick brown fox jumps over the lazy dog. The quick brown fox jumps over the lazy dog. The quick brown fox jumps over the lazy dog. The quick brown fox jumps over the lazy dog. The quick brown fox jumps over the lazy dog. The quick brown fox jumps over the lazy dog. The quick brown fox jumps over the lazy dog. The quick brown fox jumps over the lazy dog. The quick brown fox jumps over the lazy dog. The quick brown fox jumps over the lazy dog. The quick brown fox jumps over the lazy dog. The quick brown fox jumps over the lazy dog. The quick brown fox jumps over the lazy dog. The quick brown fox jumps over the lazy dog. The quick brown fox jumps over the lazy dog. The quick brown fox jumps over the lazy dog. The quick brown fox jumps over the lazy dog. The quick brown fox jumps over the lazy dog. The quick brown fox jumps over the lazy dog. The quick brown fox jumps over the lazy dog. The quick brown fox jumps over the lazy dog. The quick brown fox jumps over the lazy dog. The quick brown fox jumps over the lazy dog. The quick brown fox jumps over the lazy dog. The quick brown fox jumps over the lazy dog. The quick brown fox jumps over the lazy dog. The quick brown fox jumps over the lazy dog. The quick brown fox jumps over the lazy dog. The quick brown fox jumps over the lazy dog. The quick brown fox jumps over the lazy dog. The quick brown fox jumps over the lazy dog. The quick brown fox jumps over the lazy dog. The quick brown fox jumps over the lazy dog. The quick brown fox jumps over the lazy dog. The quick brown fox jumps over the lazy dog. The quick brown fox jumps over the lazy dog. The quick brown fox jumps over the lazy dog. The quick brown fox jumps over the lazy dog. The quick brown fox jumps over the lazy dog. The quick brown fox jumps over the lazy dog. The quick brown fox jumps over the lazy dog. The quick brown fox jumps over the lazy dog. The quick brown fox jumps over the lazy dog. The quick brown fox jumps over the lazy dog. The quick brown fox jumps over the lazy dog. The quick brown fox jumps over the lazy dog. The quick brown fox jumps over the lazy dog. The quick brown fox jumps over the lazy dog. The quick brown fox jumps over the lazy dog. The quick brown fox jumps over the lazy dog. The quick brown fox jumps over the lazy dog. The quick brown fox jumps over the lazy dog. The quick brown fox jumps over the lazy dog. The quick brown fox jumps over the lazy dog. The quick brown fox jumps over the lazy dog. The quick brown fox jumps over the lazy dog. The quick brown fox jumps over the lazy dog. The quick brown fox jumps over the lazy dog. The quick brown fox jumps over the lazy dog. The quick brown fox jumps over the lazy dog. The quick brown fox jumps over the lazy dog. The quick brown fox jumps over the lazy dog. The quick brown fox jumps over the lazy dog. The quick brown fox jumps over the lazy dog. The quick brown fox jumps over the lazy dog. The quick brown fox jumps over the lazy dog. The quick brown fox jumps over the lazy dog. The quick brown fox jumps over the lazy dog. The quick brown fox jumps over the lazy dog. The quick brown fox jumps over the lazy dog. The quick brown fox jumps over the lazy dog. The quick brown fox jumps over the lazy dog. The quick brown fox jumps over the lazy dog. The quick brown fox jumps over the lazy dog. The quick brown fox jumps over the lazy dog. The quick brown fox jumps over the lazy dog. The quick brown fox jumps over the lazy dog. The quick brown fox jumps over the lazy dog. The quick brown fox jumps over the lazy dog. The quick brown fox jumps over the lazy dog. The quick brown fox jumps over the lazy dog. The quick brown fox jumps over the lazy dog. The quick brown fox jumps over the lazy dog. The quick brown fox jumps over the lazy dog. The quick brown fox jumps over the lazy dog. The quick brown fox jumps over the lazy dog. The quick brown fox jumps over the lazy dog. The quick brown fox jumps over the lazy dog. The quick brown fox jumps over the lazy dog. The quick brown fox jumps over the lazy dog. The quick brown fox jumps over the lazy dog. The quick brown fox jumps over the lazy dog. The quick brown fox jumps over the lazy dog. The quick brown fox jumps over the lazy dog. The quick brown fox jumps over the lazy dog. The quick brown fox jumps over the lazy dog. The quick brown fox jumps over the lazy dog. The quick brown fox jumps over the lazy dog. The quick brown fox jumps over the lazy dog. The quick brown fox jumps over the lazy dog. The quick brown fox jumps over the lazy dog. The quick brown fox jumps over the lazy dog. The quick brown fox jumps over the lazy dog. The quick brown fox jumps over the lazy dog. The quick brown fox jumps over the lazy dog. The quick brown fox jumps over the lazy dog. The quick brown fox jumps over the lazy dog. The quick brown fox jumps over the lazy dog. The quick brown fox jumps over the lazy dog. The quick brown fox jumps over the lazy dog. The quick brown fox jumps over the lazy dog. The quick brown fox jumps over the lazy dog. The quick brown fox jumps over the lazy dog. The quick brown fox jumps over the lazy dog. The quick brown fox jumps over the lazy dog. The quick brown fox jumps over the lazy dog. The quick brown fox jumps over the lazy dog. The quick brown fox jumps over the lazy dog. The quick brown fox jumps over the lazy dog. The quick brown fox jumps over the lazy dog. The quick brown fox jumps over the lazy dog. The quick brown fox jumps over the lazy dog. The quick brown fox jumps over the lazy dog. The quick brown fox jumps over the lazy dog. The quick brown fox jumps over the lazy dog. The quick brown fox jumps over the lazy dog. The quick brown fox jumps over the lazy dog. The quick brown fox jumps over the lazy dog. The quick brown fox jumps over the lazy dog. The quick brown fox jumps over the lazy dog. The quick brown fox jumps over the lazy dog. The quick brown fox jumps over the lazy dog. The quick brown fox jumps over the lazy dog. The quick brown fox jumps over the lazy dog. The quick brown fox jumps over the lazy dog. The quick brown fox jumps over the lazy dog. The quick brown fox jumps over the lazy dog. The quick brown fox jumps over the lazy dog. The quick brown fox jumps over the lazy dog. The quick brown fox jumps over the lazy dog. The quick brown fox jumps over the lazy dog. The quick brown fox jumps over the lazy dog. The quick brown fox jumps over the lazy dog. The quick brown fox jumps over the lazy dog. The quick brown fox jumps over the lazy dog. The quick brown fox jumps over the lazy dog. The quick brown fox jumps over the lazy dog. The quick brown fox jumps over the lazy dog. The quick brown fox jumps over the lazy dog. The quick brown fox jumps over the lazy dog. The quick brown fox jumps over the lazy dog. The quick brown fox jumps over the lazy dog. The quick brown fox jumps over the lazy dog. The quick brown fox jumps over the lazy dog. The quick brown fox jumps over the lazy dog. The quick brown fox jumps over the lazy dog. The quick brown fox jumps over the lazy dog. The quick brown fox jumps over the lazy dog. The quick brown fox jumps over the lazy dog. The quick brown fox jumps over the lazy dog. The quick brown fox jumps over the lazy dog. The quick brown fox jumps over the lazy dog. The quick brown fox jumps over the lazy dog. The quick brown fox jumps over the lazy dog. The quick brown fox jumps over the lazy dog. The quick brown fox jumps over the lazy dog. The quick brown fox jumps over the lazy dog. The quick brown fox jumps over the lazy dog. The quick brown fox jumps over the lazy dog. The quick brown fox jumps over the lazy dog. The quick brown fox jumps over the lazy dog. The quick brown fox jumps over the lazy dog. The quick brown fox jumps over the lazy dog. The quick brown fox jumps over the lazy dog. The quick brown fox jumps over the lazy dog. The quick brown fox jumps over the lazy dog. The quick brown fox jumps over the lazy dog. The quick brown fox jumps over the lazy dog. The quick brown fox jumps over the lazy dog. The quick brown fox jumps over the lazy dog. The quick brown fox jumps over the lazy dog. The quick brown fox jumps over the lazy dog. The quick brown fox jumps over the lazy dog. The quick brown fox jumps over the lazy dog. The quick brown fox jumps over the lazy dog. The quick brown fox jumps over the lazy dog. The quick brown fox jumps over the lazy dog. The quick brown fox jumps over the lazy dog. The quick brown fox jumps over the lazy dog. The quick brown fox jumps over the lazy dog. The quick brown fox jumps over the lazy dog. The quick brown fox jumps over the lazy dog. The quick brown fox jumps over the lazy dog. The quick brown fox jumps over the lazy dog. The quick brown fox jumps over the lazy dog. The quick brown fox jumps over the lazy dog. The quick brown fox jumps over the lazy dog. The quick brown fox jumps over the lazy dog. The quick brown fox jumps over the lazy dog. The quick brown fox jumps over the lazy dog. The quick brown fox jumps over the lazy dog. The quick brown fox jumps over the lazy dog. The quick brown fox jumps over the lazy dog. The quick brown fox jumps over the lazy dog. The quick brown fox jumps over the lazy dog. The quick brown fox jumps over the lazy dog. The quick brown fox jumps over the lazy dog. The quick brown fox jumps over the lazy dog. The quick brown fox jumps over the lazy dog. The quick brown fox jumps over the lazy dog. The quick brown fox jumps over the lazy dog. The quick brown fox jumps over the lazy dog. The quick brown fox jumps over the lazy dog. The quick brown fox jumps over the lazy dog. The quick brown fox jumps over the lazy dog. The quick brown fox jumps over the lazy dog. The quick brown fox jumps over the lazy dog. The quick brown fox jumps over the lazy dog. The quick brown fox jumps over the lazy dog. The quick brown fox jumps over the lazy dog. The quick brown fox jumps over the lazy dog. The quick brown fox jumps over the lazy dog. The quick brown fox jumps over the lazy dog. The quick brown fox jumps over the lazy dog. The quick brown fox jumps over the lazy dog. The quick brown fox jumps over the lazy dog. The quick brown fox jumps over the lazy dog. The quick brown fox jumps over the lazy dog. The quick brown fox jumps over the lazy dog. The quick brown fox jumps over the lazy dog. The quick brown fox jumps over the lazy dog. The quick brown fox jumps over the lazy dog. The quick brown fox jumps over the lazy dog. The quick brown fox jumps over the lazy dog. The quick brown fox jumps over the lazy dog. The quick brown fox jumps over the lazy dog. The quick brown fox jumps over the lazy dog. The quick brown fox jumps over the lazy dog. The quick brown fox jumps over the lazy dog. The quick brown fox jumps over the lazy dog. The quick brown fox jumps over the lazy dog. The quick brown fox jumps over the lazy dog. The quick brown fox jumps over the lazy dog. The quick brown fox jumps over the lazy dog. The quick brown fox jumps over the lazy dog. The quick brown fox jumps over the lazy dog. The quick brown fox jumps over the lazy dog. The quick brown fox jumps over the lazy dog. The quick brown fox jumps over the lazy dog. The quick brown fox jumps over the lazy dog. The quick brown fox jumps over the lazy dog. The quick brown fox jumps over the lazy dog. The quick brown fox jumps over the lazy dog. The quick brown fox jumps over the lazy dog. The quick brown fox jumps over the lazy dog. The quick brown fox jumps over the lazy dog. The quick brown fox jumps over the lazy dog. The quick brown fox jumps over the lazy dog. The quick brown fox jumps over the lazy dog. The quick brown fox jumps over the lazy dog. The quick brown fox jumps over the lazy dog. The quick brown fox jumps over the lazy dog. The quick brown fox jumps over the lazy dog. The quick brown fox jumps over the lazy dog. The quick brown fox jumps over the lazy dog. The quick brown fox jumps over the lazy dog. The quick brown fox jumps over the lazy dog. The quick brown fox jumps over the lazy dog. The quick brown fox jumps over the lazy dog. The quick brown fox jumps over the lazy dog. The quick brown fox jumps over the lazy dog. The quick brown fox jumps over the lazy dog. The quick brown fox jumps over the lazy dog. The quick brown fox jumps over the lazy dog. The quick brown fox jumps over the lazy dog. The quick brown fox jumps over the lazy dog. The quick brown fox jumps over the lazy dog. The quick brown fox jumps over the lazy dog. The quick brown fox jumps over the lazy dog. The quick brown fox jumps over the lazy dog. The quick brown fox jumps over the lazy dog. The quick brown fox jumps over the lazy dog. The quick brown fox jumps over the lazy dog. The quick brown fox jumps over the lazy dog. The quick brown fox jumps over the lazy dog. The quick brown fox jumps over the lazy dog. The quick brown fox jumps over the lazy dog. The quick brown fox jumps over the lazy dog. The quick brown fox jumps over the lazy dog. The quick brown fox jumps over the lazy dog. The quick brown fox jumps over the lazy dog. The quick brown fox jumps over the lazy dog. The quick brown fox jumps over the lazy dog. The quick brown fox jumps over the lazy dog. The quick brown fox jumps over the lazy dog. The quick brown fox jumps over the lazy dog. The quick brown fox jumps over the lazy dog. The quick brown fox jumps over the lazy dog. The quick brown fox jumps over the lazy dog. The quick brown fox jumps over the lazy dog. The quick brown fox jumps over the lazy dog. The quick brown fox jumps over the lazy dog. The quick brown fox jumps over the lazy dog. The quick brown fox jumps over the lazy dog. The quick brown fox jumps over the lazy dog. The quick brown fox jumps over the lazy dog. The quick brown fox jumps over the lazy dog. The quick brown fox jumps over the lazy dog. The quick brown fox jumps over the lazy dog. The quick brown fox jumps over the lazy dog. The quick brown fox jumps over the lazy dog. The quick brown fox jumps over the lazy dog. The quick brown fox jumps over the lazy dog. The quick brown fox jumps over the lazy dog. The quick brown fox jumps over the lazy dog. The quick brown fox jumps over the lazy dog. The quick brown fox jumps over the lazy dog. The quick brown fox jumps over the lazy dog. The quick brown fox jumps over the lazy dog. The quick brown fox jumps over the lazy dog. The quick brown fox jumps over the lazy dog. The quick brown fox jumps over the lazy dog. The quick brown fox jumps over the lazy dog. The quick brown fox jumps over the lazy dog. The quick brown fox jumps over the lazy dog. The quick brown fox jumps over the lazy dog. The quick brown fox jumps over the lazy dog. The quick brown fox jumps over the lazy dog. The quick brown fox jumps over the lazy dog. The quick brown fox jumps over the lazy dog. The quick brown fox jumps over the lazy dog. The quick brown fox jumps over the lazy dog. The quick brown fox jumps over the lazy dog. The quick brown fox jumps over the lazy dog. The quick brown fox jumps over the lazy dog. The quick brown fox jumps over the lazy dog. The quick brown fox jumps over the lazy dog. The quick brown fox jumps over the lazy dog. The quick brown fox jumps over the lazy dog. The quick brown fox jumps over the lazy dog. The quick brown fox jumps over the lazy dog. The quick brown fox jumps over the lazy dog. The quick brown fox jumps over the lazy dog. The quick brown fox jumps over the lazy dog. The quick brown fox jumps over the lazy dog. The quick brown fox jumps over the lazy dog. The quick brown fox jumps over the lazy dog. The quick brown fox jumps over the lazy dog. The quick brown fox jumps over the lazy dog. The quick brown fox jumps over the lazy dog. The quick brown fox jumps over the lazy dog. The quick brown fox jumps over the lazy dog. The quick brown fox jumps over the lazy dog. The quick brown fox jumps over the lazy dog. The quick brown fox jumps over the lazy dog. The quick brown fox jumps over the lazy dog. The quick brown fox jumps over the lazy dog. The quick brown fox jumps over the lazy dog. The quick brown fox jumps over the lazy dog. The quick brown fox jumps over the lazy dog. The quick brown fox jumps over the lazy dog. The quick brown fox jumps over the lazy dog. The quick brown fox jumps over the lazy dog. The quick brown fox jumps over the lazy dog. The quick brown fox jumps over the lazy dog. The quick brown fox jumps over the lazy dog. The quick brown fox jumps over the lazy dog. The quick brown fox jumps over the lazy dog. The quick brown fox jumps over the lazy dog. The quick brown fox jumps over the lazy dog. The quick brown fox jumps over the lazy dog. The quick brown fox jumps over the lazy dog. The quick brown fox jumps over the lazy dog. The quick brown fox jumps over the lazy dog. The quick brown fox jumps over the lazy dog. The quick brown fox jumps over the lazy dog. The quick brown fox jumps over the lazy dog. The quick brown fox jumps over the lazy dog. The quick brown fox jumps over the lazy dog. The quick brown fox jumps over the lazy dog. The quick brown fox jumps over the lazy dog. The quick brown fox jumps over the lazy dog. The quick brown fox jumps over the lazy dog. The quick brown fox jumps over the lazy dog. The quick brown fox jumps over the lazy dog. The quick brown fox jumps over the lazy dog. The quick brown fox jumps over the lazy dog. The quick brown fox jumps over the lazy dog. The quick brown fox jumps over the lazy dog. The quick brown fox jumps over the lazy dog. The quick brown fox jumps over the lazy dog. The quick brown fox jumps over the lazy dog. The quick brown fox jumps over the lazy dog. The quick brown fox jumps over the lazy dog. The quick brown fox jumps over the lazy dog. The quick brown fox jumps over the lazy dog. The quick brown fox jumps over the lazy dog. The quick brown fox jumps over the lazy dog. The quick brown fox jumps over the lazy dog. The quick brown fox jumps over the lazy dog. The quick brown fox jumps over the lazy dog. The quick brown fox jumps over the lazy dog. The quick brown fox jumps over the lazy dog. The quick brown fox jumps over the lazy dog. The quick brown fox jumps over the lazy dog. The quick brown fox jumps over the lazy dog. The quick brown fox jumps over the lazy dog. The quick brown fox jumps over the lazy dog. The quick brown fox jumps over the lazy dog. The quick brown fox jumps over the lazy dog. The quick brown fox jumps over the lazy dog. The quick brown fox jumps over the lazy dog. The quick brown fox jumps over the lazy dog. The quick brown fox jumps over the lazy dog. The quick brown fox jumps over the lazy dog. The quick brown fox jumps over the lazy dog. The quick brown fox jumps over the lazy dog. The quick brown fox jumps over the lazy dog. The quick brown fox jumps over the lazy dog. The quick brown fox jumps over the lazy dog. The quick brown fox jumps over the lazy dog. The quick brown fox jumps over the lazy dog. The quick brown fox jumps over the lazy dog. The quick brown fox jumps over the lazy dog. The quick brown fox jumps over the lazy dog. The quick brown fox jumps over the lazy dog. The quick brown fox jumps over the lazy dog. The quick brown fox jumps over the lazy dog. The quick brown fox jumps over the lazy dog. The quick brown fox jumps over the lazy dog. The quick brown fox jumps over the lazy dog. The quick brown fox jumps over the lazy dog. The quick brown fox jumps over the lazy dog. The quick brown fox jumps over the lazy dog. The quick brown fox jumps over the lazy dog. The quick brown fox jumps over the lazy dog. The quick brown fox jumps over the lazy dog. The quick brown fox jumps over the lazy dog. The quick brown fox jumps over the lazy dog. The quick brown fox jumps over the lazy dog. The quick brown fox jumps over the lazy dog. The quick brown fox jumps over the lazy dog. The quick brown fox jumps over the lazy dog. The quick brown fox jumps over the lazy dog. The quick brown fox jumps over the lazy dog. The quick brown fox jumps over the lazy dog. The quick brown fox jumps over the lazy dog. The quick brown fox jumps over the lazy dog. The quick brown fox jumps over the lazy dog. The quick brown fox jumps over the lazy dog. The quick brown fox jumps over the lazy dog. The quick brown fox jumps over the lazy dog. The quick brown fox jumps over the lazy dog. The quick brown fox jumps over the lazy dog. The quick brown fox jumps over the lazy dog. The quick brown fox jumps over the lazy dog. The quick brown fox jumps over the lazy dog. The quick brown fox jumps over the lazy dog. The quick brown fox jumps over the lazy dog. The quick brown fox jumps over the lazy dog. The quick brown fox jumps over the lazy dog. The quick brown fox jumps over the lazy dog. The quick brown fox jumps over the lazy dog. The quick brown fox jumps over the lazy dog. The quick brown fox jumps over the lazy dog. The quick brown fox jumps over the lazy dog. The quick brown fox jumps over the lazy dog. The quick brown fox jumps over the lazy dog. The quick brown fox jumps over the lazy dog. The quick brown fox jumps over the lazy dog. The quick brown fox jumps over the lazy dog. The quick brown fox jumps over the lazy dog. The quick brown fox jumps over the lazy dog. The quick brown fox jumps over the lazy dog. The quick brown fox jumps over the lazy dog. The quick brown fox jumps over the lazy dog. The quick brown fox jumps over the lazy dog. The quick brown fox jumps over the lazy dog. The quick brown fox jumps over the lazy dog. The quick brown fox jumps over the lazy dog. The quick brown fox jumps over the lazy dog. The quick brown fox jumps over the lazy dog. The quick brown fox jumps over the lazy dog. The quick brown fox jumps over the lazy dog. The quick brown fox jumps over the lazy dog. The quick brown fox jumps over the lazy dog. The quick brown fox jumps over the lazy dog. The quick brown fox jumps over the lazy dog. The quick brown fox jumps over the lazy dog. The quick brown fox jumps over the lazy dog. The quick brown fox jumps over the lazy dog. The quick brown fox jumps over the lazy dog. The quick brown fox jumps over the lazy dog. The quick brown fox jumps over the lazy dog. The quick brown fox jumps over the lazy dog. The quick brown fox jumps over the lazy dog. The quick brown fox jumps over the lazy dog. The quick brown fox jumps over the lazy dog. The quick brown fox jumps over the lazy dog. The quick brown fox jumps over the lazy dog. The quick brown fox jumps over the lazy dog. The quick brown fox jumps over the lazy dog. The quick brown fox jumps over the lazy dog. The quick brown fox jumps over the lazy dog. The quick brown fox jumps over the lazy dog. The quick brown fox jumps over the lazy dog. The quick brown fox jumps over the lazy dog. The quick brown fox jumps over the lazy dog. The quick brown fox jumps over the lazy dog. The quick brown fox jumps over the lazy dog. The quick brown fox jumps over the lazy dog. The quick brown fox jumps over the lazy dog. The quick brown fox jumps over the lazy dog. The quick brown fox jumps over the lazy dog. The quick brown fox jumps over the lazy dog. The quick brown fox jumps over the lazy dog. The quick brown fox jumps over the lazy dog. The quick brown fox jumps over the lazy dog. The quick brown fox jumps over the lazy dog. The quick brown fox jumps over the lazy dog. The quick brown fox jumps over the lazy dog. The quick brown fox jumps over the lazy dog. The quick brown fox jumps over the lazy dog. The quick brown fox jumps over the lazy dog. The quick brown fox jumps over the lazy dog. The quick brown fox jumps over the lazy dog. The quick brown fox jumps over the lazy dog. The quick brown fox jumps over the lazy dog. The quick brown fox jumps over the lazy dog. The quick brown fox jumps over the lazy dog. The quick brown fox jumps over the lazy dog. The quick brown fox jumps over the lazy dog. The quick brown fox jumps over the lazy dog. The quick brown fox jumps over the lazy dog. The quick brown fox jumps over the lazy dog. The quick brown fox jumps over the lazy dog. The quick brown fox jumps over the lazy dog. The quick brown fox jumps over the lazy dog. The quick brown fox jumps over the lazy dog. The quick brown fox jumps over the lazy dog. The quick brown fox jumps over the lazy dog. The quick brown fox jumps over the lazy dog. The quick brown fox jumps over the lazy dog. The quick brown fox jumps over the lazy dog. The quick brown fox jumps over the lazy dog. The quick brown fox jumps over the lazy dog. The quick brown fox jumps over the lazy dog. The quick brown fox jumps over the lazy dog. The quick brown fox jumps over the lazy dog. The quick brown fox jumps over the lazy dog. The quick brown fox jumps over the lazy dog. The quick brown fox jumps over the lazy dog. The quick brown fox jumps over the lazy dog. The quick brown fox jumps over the lazy dog. The quick brown fox jumps over the lazy dog. The quick brown fox jumps over the lazy dog. The quick brown fox jumps over the lazy dog. The quick brown fox jumps over the lazy dog. The quick brown fox jumps over the lazy dog. The quick brown fox jumps over the lazy dog. The quick brown fox jumps over the lazy dog. The quick brown fox jumps over the lazy dog. The quick brown fox jumps over the lazy dog. The quick brown fox jumps over the lazy dog. The quick brown fox jumps over the lazy dog. The quick brown fox jumps over the lazy dog. The quick brown fox jumps over the lazy dog. The quick brown fox jumps over the lazy dog. The quick brown fox jumps over the lazy dog. The quick brown fox jumps over the lazy dog. The quick brown fox jumps over the lazy dog. The quick brown fox jumps over the lazy dog. The quick brown fox jumps over the lazy dog. The quick brown fox jumps over the lazy dog. The quick brown fox jumps over the lazy dog. The quick brown fox jumps over the lazy dog. The quick brown fox jumps over the lazy dog. The quick brown fox jumps over the lazy dog. The quick brown fox jumps over the lazy dog. The quick brown fox jumps over the lazy dog. The quick brown fox jumps over the lazy dog. The quick brown fox jumps over the lazy dog. The quick brown fox jumps over the lazy dog. The quick brown fox jumps over the lazy dog. The quick brown fox jumps over the lazy dog. The quick brown fox jumps over the lazy dog. The quick brown fox jumps over the lazy dog. The quick brown fox jumps over the lazy dog. The quick brown fox jumps over the lazy dog. The quick brown fox jumps over the lazy dog. The quick brown fox jumps over the lazy dog. The quick brown fox jumps over the lazy dog. The quick brown fox jumps over the lazy dog. The quick brown fox jumps over the lazy dog. The quick brown fox jumps over the lazy dog. The quick brown fox jumps over the lazy dog. The quick brown fox jumps over the lazy dog. The quick brown fox jumps over the lazy dog. The quick brown fox jumps over the lazy dog. The quick brown fox jumps over the lazy dog. The quick brown fox jumps over the lazy dog. The quick brown fox jumps over the lazy dog. The quick brown fox jumps over the lazy dog. The quick brown fox jumps over the lazy dog. The quick brown fox jumps over the lazy dog. The quick brown fox jumps over the lazy dog. The quick brown fox jumps over the lazy dog. The quick brown fox jumps over the lazy dog. The quick brown fox jumps over the lazy dog. The quick brown fox jumps over the lazy dog. The quick brown fox jumps over the lazy dog. The quick brown fox jumps over the lazy dog. The quick brown fox jumps over the lazy dog. The quick brown fox jumps over the lazy dog. The quick brown fox jumps over the lazy dog. The quick brown fox jumps over the lazy dog. The quick brown fox jumps over the lazy dog. The quick brown fox jumps over the lazy dog. The quick brown fox jumps over the lazy dog. The quick brown fox jumps over the lazy dog. The quick brown fox jumps over the lazy dog. The quick brown fox jumps over the lazy dog. The quick brown fox jumps over the lazy dog. The quick brown fox jumps over the lazy dog. The quick brown fox jumps over the lazy dog. The quick brown fox jumps over the lazy dog. The quick brown fox jumps over the lazy dog. The quick brown fox jumps over the lazy dog. The quick brown fox jumps over the lazy dog. The quick brown fox jumps over the lazy dog. The quick brown fox jumps over the lazy dog. The quick brown fox jumps over the lazy dog. The quick brown fox jumps over the lazy dog. The quick brown fox jumps over the lazy dog. The quick brown fox jumps over the lazy dog. The quick brown fox jumps over the lazy dog. The quick brown fox jumps over the lazy dog. The quick brown fox jumps over the lazy dog. The quick brown fox jumps over the lazy dog. The quick brown fox jumps over the lazy dog. The quick brown fox jumps over the lazy dog. The quick brown fox jumps over the lazy dog. The quick brown fox jumps over the lazy dog. The quick brown fox jumps over the lazy dog. The quick brown fox jumps over the lazy dog. The quick brown fox jumps over the lazy dog. The quick brown fox jumps over the lazy dog. The quick brown fox jumps over the lazy dog. The quick brown fox jumps over the lazy dog. The quick brown fox jumps over the lazy dog. The quick brown fox jumps over the lazy dog. The quick brown fox jumps over the lazy dog. The quick brown fox jumps over the lazy dog. The quick brown fox jumps over the lazy dog. The quick brown fox jumps over the lazy dog. The quick brown fox jumps over the lazy dog. The quick brown fox jumps over the lazy dog. The quick brown fox jumps over the lazy dog. The quick brown fox jumps over the lazy dog. The quick brown fox jumps over the lazy dog. The quick brown fox jumps over the lazy dog. The quick brown fox jumps over the lazy dog. The quick brown fox jumps over the lazy dog. The quick brown fox jumps over the lazy dog. The quick brown fox jumps over the lazy dog. The quick brown fox jumps over the lazy dog. The quick brown fox jumps over the lazy dog. The quick brown fox jumps over the lazy dog. The quick brown fox jumps over the lazy dog. The quick brown fox jumps over the lazy dog. The quick brown fox jumps over the lazy dog. The quick brown fox jumps over the lazy dog. The quick brown fox jumps over the lazy dog. The quick brown fox jumps over the lazy dog. The quick brown fox jumps over the lazy dog. The quick brown fox jumps over the lazy dog. The quick brown fox jumps over the lazy dog. The quick brown fox jumps over the lazy dog. The quick brown fox jumps over the lazy dog. The quick brown fox jumps over the lazy dog. The quick brown fox jumps over the lazy dog. The quick brown fox jumps over the lazy dog. The quick brown fox jumps over the lazy dog. The quick brown fox jumps over the lazy dog. The quick brown fox jumps over the lazy dog. The quick brown fox jumps over the lazy dog. The quick brown fox jumps over the lazy dog. The quick brown fox jumps over the lazy dog. The quick brown fox jumps over the lazy dog. The quick brown fox jumps over the lazy dog. The quick brown fox jumps over the lazy dog. The quick brown fox jumps over the lazy dog. The quick brown fox jumps over the lazy dog. The quick brown fox jumps over the lazy dog. The quick brown fox jumps over the lazy dog. The quick brown fox jumps over the lazy dog. The quick brown fox jumps over the lazy dog. The quick brown fox jumps over the lazy dog. The quick brown fox jumps over the lazy dog. The quick brown fox jumps over the lazy dog. The quick brown fox jumps over the lazy dog. The quick brown fox jumps over the lazy dog. The quick brown fox jumps over the lazy dog. The quick brown fox jumps over the lazy dog. The quick brown fox jumps over the lazy dog. The quick brown fox jumps over the lazy dog. The quick brown fox jumps over the lazy dog. The quick brown fox jumps over the lazy dog. The quick brown fox jumps over the lazy dog. The quick brown fox jumps over the lazy dog. The quick brown fox jumps over the lazy dog. The quick brown fox jumps over the lazy dog. The quick brown fox jumps over the lazy dog. The quick brown fox jumps over the lazy dog. The quick brown fox jumps over the lazy dog. The quick brown fox jumps over the lazy dog. The quick brown fox jumps over the lazy dog. The quick brown fox jumps over the lazy dog. The quick brown fox jumps over the lazy dog. The quick brown fox jumps over the lazy dog. The quick brown fox jumps over the lazy dog. The quick brown fox jumps over the lazy dog. The quick brown fox jumps over the lazy dog. The quick brown fox jumps over the lazy dog. The quick brown fox jumps over the lazy dog. The quick brown fox jumps over the lazy dog. The quick brown fox jumps over the lazy dog. The quick brown fox jumps over the lazy dog. The quick brown fox jumps over the lazy dog. The quick brown fox jumps over the lazy dog. The quick brown fox jumps over the lazy dog. The quick brown fox jumps over the lazy dog. The quick brown fox jumps over the lazy dog. The quick brown fox jumps over the lazy dog. The quick brown fox jumps over the lazy dog. The quick brown fox jumps over the lazy dog. The quick brown fox jumps over the lazy dog. The quick brown fox jumps over the lazy dog. The quick brown fox jumps over the lazy dog. The quick brown fox jumps over the lazy dog. The quick brown fox jumps over the lazy dog. The quick brown fox jumps over the lazy dog. The quick brown fox jumps over the lazy dog. The quick brown fox jumps over the lazy dog. The quick brown fox jumps over the lazy dog. The quick brown fox jumps over the lazy dog. The quick brown fox jumps over the lazy dog. The quick brown fox jumps over the lazy dog. The quick brown fox jumps over the lazy dog. The quick brown fox jumps over the lazy dog. The quick brown fox jumps over the lazy dog. The quick brown fox jumps over the lazy dog. The quick brown fox jumps over the lazy dog. The quick brown fox jumps over the lazy dog. The quick brown fox jumps over the lazy dog. The quick brown fox jumps over the lazy dog. The quick brown fox jumps over the lazy dog. The quick brown fox jumps over the lazy dog. The quick brown fox jumps over the lazy dog. The quick brown fox jumps over the lazy dog. The quick brown fox jumps over the lazy dog. The quick brown fox jumps over the lazy dog. The quick brown fox jumps over the lazy dog. The quick brown fox jumps over the lazy dog. The quick brown fox jumps over the lazy dog. The quick brown fox jumps over the lazy dog. The quick brown fox jumps over the lazy dog. The quick brown fox jumps over the lazy dog. The quick brown fox jumps over the lazy dog. Summarise the text above.",
1790604002.488	    "stream": true
1790604002.488	}
1790604002.488	[🟢 ]  NPU Locked!
1790604002.489	[FLM]  Start generating...
1790604002.497	[FLM]  Prefill chunk 1/3 with 4096 tokens
1790604002.788	[🔴 ]  Client disconnected; cancelling active request
1790604002.789	[🔗 ]  TCP connection established - Remote: 127.0.0.1:58306
1790604002.789	[TCP]  Read 268 bytes from socket
1790604002.789	================================================
1790604002.789	[⬇️ ]  Incoming Request: POST
1790604002.789	[LOG]  Time stamp: 17:00:02 09:28:2026
1790604002.789	[LOG]  Target: /api/chat
1790604002.789	[LOG]  Version: 11
1790604002.789	[LOG]  Keep-Alive: 1
1790604002.789	[LOG]  Body: 
1790604002.789	{
1790604002.789	    "messages": [
1790604002.789	        {
1790604002.789	            "content": "Say hi.",
1790604002.789	            "role": "user"
1790604002.789	        }
1790604002.789	    ],
1790604002.789	    "model": "llama3.2:1b",
1790604002.789	    "options": {
1790604002.789	        "num_predict": 4
1790604002.789	    },
1790604002.789	    "stream": false,
1790604002.789	    "top_k": 1
1790604002.789	}
1790604002.789	[🕒 ]  NPU busy, request queued (1/10): POST /api/chat
1790604004.299	[❌ ]  Prefill Cancelled!
1790604004.633	[🟡 ]  Dequeuing NPU request (0 remaining)...
1790604004.633	[FLM]  Start generating...
1790604004.634	[FLM]  Prefill chunk 1/1 with 38 tokens
1790604005.077	
1790604005.077	[FLM]  Model RAW Output: 
1790604005.077	Hi.
1790604005.077	[🔵 ]  NPU Lock Released!
1790604005.077	================================================
1790604005.077	[🔒 ]  TCP connection closed - Remote: 127.0.0.1:58306
1790604006.128	[🔗 ]  TCP connection established - Remote: 127.0.0.1:58308
1790604006.128	[TCP]  Read 342 bytes from socket
1790604006.128	================================================
1790604006.128	[⬇️ ]  Incoming Request: POST
1790604006.128	[LOG]  Time stamp: 17:00:06 09:28:2026
1790604006.128	[LOG]  Target: /v1/chat/completions
1790604006.128	[LOG]  Version: 11
1790604006.128	[LOG]  Keep-Alive: 1
1790604006.128	[LOG]  Body: 
1790604006.128	{
1790604006.128	    "max_tokens": 512,
1790604006.128	    "messages": [
1790604006.128	        {
1790604006.128	            "content": "Write a de...ing press.",
1790604006.128	            "role": "user"
1790604006.128	        }
1790604006.128	    ],
1790604006.128	    "model": "llama3.2:1b",
1790604006.128	    "stream": true,
1790604006.128	    "top_k": 1
1790604006.128	}
1790604006.128	[🟢 ]  NPU Locked!
1790604006.128	[FLM]  Start prefill...
1790604006.128	[FLM]  Prefill chunk 1/1 with 54 tokens
1790604006.533	[FLM]  Start generating...
1790604014.449	
1790604014.449	[FLM]  Model RAW Output: 
1790604014.449	The History of the Printing Press: A Revolutionary Innovation
1790604014.449	
1790604014.449	The printing press, invented by Johannes Gutenberg in the 15th century, was a game-changing innovation that revolutionized the way people communicated, learned, and created. This remarkable device, which combined the principles of movable type and mechanical pressure, enabled mass production of books, pamphlets, and other written materials, transforming the world of knowledge and culture. In this essay, we will delve into the fascinating history of the printing press, exploring its development, evolution, and impact on society.
1790604014.449	
1790604014.449	The Early Days of Printing
1790604014.449	
1790604014.449	The concept of printing dates back to ancient China, where paper was first invented in the 2nd century AD. The first known printed book was the "Bamboo Book," a collection of Buddhist scriptures that was printed on paper in the 8th century. However, it was not until the 15th century that the printing press began to take shape. In 1450, Johannes Gutenberg, a German goldsmith and printer, invented the first movable-type printing press. This innovative device allowed individual characters to be rearranged to form different words and phrases, making it possible to print large quantities of text.
1790604014.449	
1790604014.449	Gutenberg's Printing Press
1790604014.449	
1790604014.449	Gutenberg's printing press was a significant improvement over earlier forms of printing, such as the hand-carved wooden blocks used by monks in the 10th century. The movable-type press allowed for greater flexibility and efficiency, enabling printers to produce high-quality copies quickly and at a lower cost. The press consisted of a wooden frame, a metal plate, and a type of metal alloy that was used to create the individual characters. The characters were arranged in a specific order, with each character having a unique shape and size.
1790604014.449	
1790604014.449	The first printed book, the Gutenberg Bible, was published in 1455. It was a large, 1,286-page volume that contained the Latin Vulgate, the standard text of the Bible at the time. The book was printed in gold and silver ink on high-quality paper, and it quickly became a bestseller. The Gutenberg Bible was a groundbreaking work that marked the beginning of the printing press era. It was the first book to use the movable-type press, and it paved the way for the mass production of books.
1790604014.449	
1790604014.449	The Spread of the Printing Press
1790604014.449	
1790604014.449	The printing press was not limited to Europe. It was also used in other parts of the world, such as China, where it was adopted by Buddhist monks and scholars. The printing press was a powerful tool for spreading knowledge and ideas, and it played a significant
1790604014.449	ChatCompletionChunk: {"id":"chatcmpl-87cf1d2f134f2c819d4bdb9e","object":"chat.completion.chunk","created":1790604006,"model":"llama3.2:1b","system_fingerprint":"fp_5ceff93d257155ad","choices":[{"index":0,"delta":{"content":null},"finish_reason":"length"}],"usage":{"prompt_tokens":54,"completion_tokens":512,"total_tokens":566,"active_kv_tokens":566,"max_kv_token_capacity":131072,"kv_token_occupancy_rate_percentage":0.43182373046875,"load_duration":2.074e-06,"prefill_duration_ttft":0.404672896,"decoding_duration":7.838194,"prefill_speed_tps":133.44110893950258,"decoding_speed_tps":65.32116964698756}}
1790604014.449	[🔒 ]  Closing TCP connection (streaming, non-keep-alive)
1790604014.449	[🔵 ]  NPU Lock Released!
1790604014.483	[🔗 ]  TCP connection established - Remote: 127.0.0.1:37030
1790604014.483	[TCP]  Read 342 bytes from socket
1790604014.483	================================================
1790604014.483	[⬇️ ]  Incoming Request: POST
1790604014.483	[LOG]  Time stamp: 17:00:14 09:28:2026
1790604014.483	[LOG]  Target: /v1/chat/completions
1790604014.483	[LOG]  Version: 11
1790604014.483	[LOG]  Keep-Alive: 1
1790604014.483	[LOG]  Body: 
1790604014.483	{
1790604014.483	    "max_tokens": 512,
1790604014.483	    "messages": [
1790604014.483	        {
1790604014.483	            "content": "Write a de...ing press.",
1790604014.483	            "role": "user"
1790604014.483	        }
1790604014.483	    ],
1790604014.483	    "model": "llama3.2:1b",
1790604014.483	    "stream": true,
1790604014.483	    "top_k": 1
1790604014.483	}
1790604014.483	[🟢 ]  NPU Locked!
1790604014.483	[FLM]  Prompt cache miss.
1790604014.483	[FLM]  Clearing context...
1790604014.485	[FLM]  Start prefill...
1790604014.485	[FLM]  Prefill chunk 1/1 with 54 tokens
1790604014.896	[FLM]  Start generating...
1790604014.960	[🔴 ]  Client disconnected; cancelling active request
1790604014.961	[🔗 ]  TCP connection established - Remote: 127.0.0.1:37034
1790604014.961	[TCP]  Read 268 bytes from socket
1790604014.961	================================================
1790604014.961	[⬇️ ]  Incoming Request: POST
1790604014.961	[LOG]  Time stamp: 17:00:14 09:28:2026
1790604014.961	[LOG]  Target: /api/chat
1790604014.961	[LOG]  Version: 11
1790604014.961	[LOG]  Keep-Alive: 1
1790604014.961	[LOG]  Body: 
1790604014.961	{
1790604014.961	    "messages": [
1790604014.961	        {
1790604014.961	            "content": "Say hi.",
1790604014.961	            "role": "user"
1790604014.961	        }
1790604014.961	    ],
1790604014.961	    "model": "llama3.2:1b",
1790604014.961	    "options": {
1790604014.961	        "num_predict": 4
1790604014.961	    },
1790604014.961	    "stream": false,
1790604014.961	    "top_k": 1
1790604014.961	}
1790604014.961	[🕒 ]  NPU busy, request queued (1/10): POST /api/chat
1790604014.975	
1790604014.975	[FLM]  Model RAW Output: 
1790604014.975	The History of the Printing Press
1790604014.975	[❌ ]  Generation Cancelled!
1790604014.975	ChatCompletionChunk: {"id":"chatcmpl-017e67d542a7bc8e3a195f61","object":"chat.completion.chunk","created":1790604014,"model":"llama3.2:1b","system_fingerprint":"fp_ca5ed40645fc6454","choices":[{"index":0,"delta":{"content":null},"finish_reason":"cancel"}],"usage":{"prompt_tokens":54,"completion_tokens":5,"total_tokens":59,"active_kv_tokens":59,"max_kv_token_capacity":131072,"kv_token_occupancy_rate_percentage":0.045013427734375,"load_duration":2.344e-06,"prefill_duration_ttft":0.410672128,"decoding_duration":0.07824,"prefill_speed_tps":131.49175782389594,"decoding_speed_tps":63.90593047034764}}
1790604015.308	[🟡 ]  Dequeuing NPU request (0 remaining)...
1790604015.308	[FLM]  Start generating...
1790604015.309	[FLM]  Conversation context diverged from cache, clearing context...
1790604015.310	[FLM]  Prefill chunk 1/1 with 38 tokens
1790604015.744	
1790604015.744	[FLM]  Model RAW Output: 
1790604015.745	Hi.
1790604015.745	[🔵 ]  NPU Lock Released!
1790604015.745	================================================
1790604015.745	[🔒 ]  TCP connection closed - Remote: 127.0.0.1:37034
1790604016.802	[🔗 ]  TCP connection established - Remote: 127.0.0.1:37048
1790604016.802	[TCP]  Read 54286 bytes from socket
1790604016.802	================================================
1790604016.802	[⬇️ ]  Incoming Request: POST
1790604016.802	[LOG]  Time stamp: 17:00:16 09:28:2026
1790604016.802	[LOG]  Target: /v1/chat/completions
1790604016.802	[LOG]  Version: 11
1790604016.802	[LOG]  Keep-Alive: 1
1790604016.802	[LOG]  Body: 
1790604016.802	{
1790604016.802	    "max_tokens": 512,
1790604016.802	    "messages": [
1790604016.802	        {
1790604016.802	            "content": "The quick ...ext above.",
1790604016.802	            "role": "user"
1790604016.802	        }
1790604016.802	    ],
1790604016.802	    "model": "llama3.2:1b",
1790604016.802	    "stream": true,
1790604016.802	    "top_k": 1
1790604016.802	}
1790604016.802	[🟢 ]  NPU Locked!
1790604016.803	[FLM]  Prompt cache miss.
1790604016.803	[FLM]  Clearing context...
1790604016.805	[FLM]  Start prefill...
1790604016.813	[FLM]  Prefill chunk 1/3 with 4096 tokens
1790604017.102	[🔴 ]  Client disconnected; cancelling active request
1790604017.103	[🔗 ]  TCP connection established - Remote: 127.0.0.1:37060
1790604017.103	[TCP]  Read 268 bytes from socket
1790604017.103	================================================
1790604017.103	[⬇️ ]  Incoming Request: POST
1790604017.103	[LOG]  Time stamp: 17:00:17 09:28:2026
1790604017.103	[LOG]  Target: /api/chat
1790604017.103	[LOG]  Version: 11
1790604017.103	[LOG]  Keep-Alive: 1
1790604017.103	[LOG]  Body: 
1790604017.103	{
1790604017.103	    "messages": [
1790604017.103	        {
1790604017.103	            "content": "Say hi.",
1790604017.103	            "role": "user"
1790604017.103	        }
1790604017.103	    ],
1790604017.103	    "model": "llama3.2:1b",
1790604017.103	    "options": {
1790604017.103	        "num_predict": 4
1790604017.103	    },
1790604017.103	    "stream": false,
1790604017.103	    "top_k": 1
1790604017.103	}
1790604017.103	[🕒 ]  NPU busy, request queued (1/10): POST /api/chat
1790604018.670	[❌ ]  Prefill Cancelled!
1790604018.670	ChatCompletionChunk: {"id":"chatcmpl-ed1ca5427ab14e6798534b82","object":"chat.completion.chunk","created":1790604016,"model":"llama3.2:1b","system_fingerprint":"fp_d6d60b76f216ae20","choices":[{"index":0,"delta":{"content":null},"finish_reason":"cancel"}],"usage":{"prompt_tokens":12042,"completion_tokens":0,"total_tokens":12042,"active_kv_tokens":0,"max_kv_token_capacity":131072,"kv_token_occupancy_rate_percentage":0.0,"load_duration":4.068e-06,"prefill_duration_ttft":1.856846848,"decoding_duration":0.0,"prefill_speed_tps":6485.187517199049,"decoding_speed_tps":null}}
1790604019.003	[🟡 ]  Dequeuing NPU request (0 remaining)...
1790604019.003	[FLM]  Start generating...
1790604019.003	[FLM]  Prefill chunk 1/1 with 38 tokens
1790604019.469	
1790604019.469	[FLM]  Model RAW Output: 
1790604019.469	Hi.
1790604019.469	[🔵 ]  NPU Lock Released!
1790604019.469	================================================
1790604019.469	[🔒 ]  TCP connection closed - Remote: 127.0.0.1:37060
1790604020.523	[🔗 ]  TCP connection established - Remote: 127.0.0.1:37076
1790604020.523	[TCP]  Read 304 bytes from socket
1790604020.523	================================================
1790604020.523	[⬇️ ]  Incoming Request: POST
1790604020.523	[LOG]  Time stamp: 17:00:20 09:28:2026
1790604020.523	[LOG]  Target: /v1/completions
1790604020.523	[LOG]  Version: 11
1790604020.523	[LOG]  Keep-Alive: 1
1790604020.523	[LOG]  Body: 
1790604020.523	{
1790604020.523	    "max_tokens": 512,
1790604020.523	    "model": "llama3.2:1b",
1790604020.523	    "prompt": "Write a detailed essay of at least 2000 words on the history of the printing press.",
1790604020.523	    "stream": true,
1790604020.523	    "top_k": 1
1790604020.523	}
1790604020.523	[FLM]  Start generating...
1790604020.523	[FLM]  Prefill chunk 1/1 with 54 tokens
1790604028.851	
1790604028.851	[FLM]  Model RAW Output: 
1790604028.851	The History of the Printing Press: A Revolutionary Innovation
1790604028.851	
1790604028.851	The printing press, invented by Johannes Gutenberg in the 15th century, was a game-changing innovation that revolutionized the way people communicated, learned, and created. This remarkable device, which combined the principles of movable type and mechanical pressure, enabled mass production of books, pamphlets, and other written materials, transforming the world of knowledge and culture. In this essay, we will delve into the fascinating history of the printing press, exploring its development, evolution, and impact on society.
1790604028.851	
1790604028.851	The Early Days of Printing
1790604028.851	
1790604028.851	The concept of printing dates back to ancient China, where paper was first invented in the 2nd century AD. The first known printed book was the "Bamboo Book," a collection of Buddhist scriptures that was printed on paper in the 8th century. However, it was not until the 15th century that the printing press began to take shape. In 1450, Johannes Gutenberg, a German goldsmith and printer, invented the first movable-type printing press. This innovative device allowed individual characters to be rearranged to form different words and phrases, making it possible to print large quantities of text.
1790604028.851	
1790604028.851	Gutenberg's Printing Press
1790604028.851	
1790604028.851	Gutenberg's printing press was a significant improvement over earlier forms of printing, such as the hand-carved wooden blocks used by monks in the 10th century. The movable-type press allowed for greater flexibility and efficiency, enabling printers to produce high-quality copies quickly and at a lower cost. The press consisted of a wooden frame, a metal plate, and a type of metal alloy that was used to create the individual characters. The characters were arranged in a specific order, with each character having a unique shape and size.
1790604028.851	
1790604028.851	The first printed book, the Gutenberg Bible, was published in 1455. It was a large, 1,286-page volume that contained the Latin Vulgate, the standard text of the Bible at the time. The book was printed in gold and silver ink on high-quality paper, and it quickly became a bestseller. The Gutenberg Bible was a groundbreaking work that marked the beginning of the printing press era. It was the first book to use the movable-type press, and it paved the way for the mass production of books.
1790604028.851	
1790604028.851	The Spread of the Printing Press
1790604028.851	
1790604028.851	The printing press was not limited to Europe. It was also used in other parts of the world, such as China, where it was adopted by Buddhist monks and scholars. The printing press was a powerful tool for spreading knowledge and ideas, and it played a significant
1790604028.851	[🔒 ]  Closing TCP connection (streaming, non-keep-alive)
1790604028.885	[🔗 ]  TCP connection established - Remote: 127.0.0.1:37922
1790604028.885	[TCP]  Read 304 bytes from socket
1790604028.885	================================================
1790604028.885	[⬇️ ]  Incoming Request: POST
1790604028.885	[LOG]  Time stamp: 17:00:28 09:28:2026
1790604028.885	[LOG]  Target: /v1/completions
1790604028.885	[LOG]  Version: 11
1790604028.885	[LOG]  Keep-Alive: 1
1790604028.885	[LOG]  Body: 
1790604028.885	{
1790604028.885	    "max_tokens": 512,
1790604028.885	    "model": "llama3.2:1b",
1790604028.885	    "prompt": "Write a detailed essay of at least 2000 words on the history of the printing press.",
1790604028.885	    "stream": true,
1790604028.885	    "top_k": 1
1790604028.885	}
1790604028.885	[FLM]  Start generating...
1790604028.885	[FLM]  Prefill chunk 1/1 with 54 tokens
1790604029.330	[🔴 ]  Client disconnected; cancelling active request
1790604029.344	
1790604029.345	[FLM]  Model RAW Output: 
1790604029.345	The History of the Printing Press
1790604029.345	[❌ ]  Generation Cancelled!
1790604030.382	[🔗 ]  TCP connection established - Remote: 127.0.0.1:37928
1790604030.382	[TCP]  Read 54248 bytes from socket
1790604030.382	================================================
1790604030.382	[⬇️ ]  Incoming Request: POST
1790604030.382	[LOG]  Time stamp: 17:00:30 09:28:2026
1790604030.382	[LOG]  Target: /v1/completions
1790604030.382	[LOG]  Version: 11
1790604030.382	[LOG]  Keep-Alive: 1
1790604030.382	[LOG]  Body: 
1790604030.382	{
1790604030.382	    "max_tokens": 512,
1790604030.382	    "model": "llama3.2:1b",
1790604030.382	    "prompt": "The quick brown fox jumps over the lazy dog. The quick brown fox jumps over the lazy dog. The quick brown fox jumps over the lazy dog. The quick brown fox jumps over the lazy dog. The quick brown fox jumps over the lazy dog. The quick brown fox jumps over the lazy dog. The quick brown fox jumps over the lazy dog. The quick brown fox jumps over the lazy dog. The quick brown fox jumps over the lazy dog. The quick brown fox jumps over the lazy dog. The quick brown fox jumps over the lazy dog. The quick brown fox jumps over the lazy dog. The quick brown fox jumps over the lazy dog. The quick brown fox jumps over the lazy dog. The quick brown fox jumps over the lazy dog. The quick brown fox jumps over the lazy dog. The quick brown fox jumps over the lazy dog. The quick brown fox jumps over the lazy dog. The quick brown fox jumps over the lazy dog. The quick brown fox jumps over the lazy dog. The quick brown fox jumps over the lazy dog. The quick brown fox jumps over the lazy dog. The quick brown fox jumps over the lazy dog. The quick brown fox jumps over the lazy dog. The quick brown fox jumps over the lazy dog. The quick brown fox jumps over the lazy dog. The quick brown fox jumps over the lazy dog. The quick brown fox jumps over the lazy dog. The quick brown fox jumps over the lazy dog. The quick brown fox jumps over the lazy dog. The quick brown fox jumps over the lazy dog. The quick brown fox jumps over the lazy dog. The quick brown fox jumps over the lazy dog. The quick brown fox jumps over the lazy dog. The quick brown fox jumps over the lazy dog. The quick brown fox jumps over the lazy dog. The quick brown fox jumps over the lazy dog. The quick brown fox jumps over the lazy dog. The quick brown fox jumps over the lazy dog. The quick brown fox jumps over the lazy dog. The quick brown fox jumps over the lazy dog. The quick brown fox jumps over the lazy dog. The quick brown fox jumps over the lazy dog. The quick brown fox jumps over the lazy dog. The quick brown fox jumps over the lazy dog. The quick brown fox jumps over the lazy dog. The quick brown fox jumps over the lazy dog. The quick brown fox jumps over the lazy dog. The quick brown fox jumps over the lazy dog. The quick brown fox jumps over the lazy dog. The quick brown fox jumps over the lazy dog. The quick brown fox jumps over the lazy dog. The quick brown fox jumps over the lazy dog. The quick brown fox jumps over the lazy dog. The quick brown fox jumps over the lazy dog. The quick brown fox jumps over the lazy dog. The quick brown fox jumps over the lazy dog. The quick brown fox jumps over the lazy dog. The quick brown fox jumps over the lazy dog. The quick brown fox jumps over the lazy dog. The quick brown fox jumps over the lazy dog. The quick brown fox jumps over the lazy dog. The quick brown fox jumps over the lazy dog. The quick brown fox jumps over the lazy dog. The quick brown fox jumps over the lazy dog. The quick brown fox jumps over the lazy dog. The quick brown fox jumps over the lazy dog. The quick brown fox jumps over the lazy dog. The quick brown fox jumps over the lazy dog. The quick brown fox jumps over the lazy dog. The quick brown fox jumps over the lazy dog. The quick brown fox jumps over the lazy dog. The quick brown fox jumps over the lazy dog. The quick brown fox jumps over the lazy dog. The quick brown fox jumps over the lazy dog. The quick brown fox jumps over the lazy dog. The quick brown fox jumps over the lazy dog. The quick brown fox jumps over the lazy dog. The quick brown fox jumps over the lazy dog. The quick brown fox jumps over the lazy dog. The quick brown fox jumps over the lazy dog. The quick brown fox jumps over the lazy dog. The quick brown fox jumps over the lazy dog. The quick brown fox jumps over the lazy dog. The quick brown fox jumps over the lazy dog. The quick brown fox jumps over the lazy dog. The quick brown fox jumps over the lazy dog. The quick brown fox jumps over the lazy dog. The quick brown fox jumps over the lazy dog. The quick brown fox jumps over the lazy dog. The quick brown fox jumps over the lazy dog. The quick brown fox jumps over the lazy dog. The quick brown fox jumps over the lazy dog. The quick brown fox jumps over the lazy dog. The quick brown fox jumps over the lazy dog. The quick brown fox jumps over the lazy dog. The quick brown fox jumps over the lazy dog. The quick brown fox jumps over the lazy dog. The quick brown fox jumps over the lazy dog. The quick brown fox jumps over the lazy dog. The quick brown fox jumps over the lazy dog. The quick brown fox jumps over the lazy dog. The quick brown fox jumps over the lazy dog. The quick brown fox jumps over the lazy dog. The quick brown fox jumps over the lazy dog. The quick brown fox jumps over the lazy dog. The quick brown fox jumps over the lazy dog. The quick brown fox jumps over the lazy dog. The quick brown fox jumps over the lazy dog. The quick brown fox jumps over the lazy dog. The quick brown fox jumps over the lazy dog. The quick brown fox jumps over the lazy dog. The quick brown fox jumps over the lazy dog. The quick brown fox jumps over the lazy dog. The quick brown fox jumps over the lazy dog. The quick brown fox jumps over the lazy dog. The quick brown fox jumps over the lazy dog. The quick brown fox jumps over the lazy dog. The quick brown fox jumps over the lazy dog. The quick brown fox jumps over the lazy dog. The quick brown fox jumps over the lazy dog. The quick brown fox jumps over the lazy dog. The quick brown fox jumps over the lazy dog. The quick brown fox jumps over the lazy dog. The quick brown fox jumps over the lazy dog. The quick brown fox jumps over the lazy dog. The quick brown fox jumps over the lazy dog. The quick brown fox jumps over the lazy dog. The quick brown fox jumps over the lazy dog. The quick brown fox jumps over the lazy dog. The quick brown fox jumps over the lazy dog. The quick brown fox jumps over the lazy dog. The quick brown fox jumps over the lazy dog. The quick brown fox jumps over the lazy dog. The quick brown fox jumps over the lazy dog. The quick brown fox jumps over the lazy dog. The quick brown fox jumps over the lazy dog. The quick brown fox jumps over the lazy dog. The quick brown fox jumps over the lazy dog. The quick brown fox jumps over the lazy dog. The quick brown fox jumps over the lazy dog. The quick brown fox jumps over the lazy dog. The quick brown fox jumps over the lazy dog. The quick brown fox jumps over the lazy dog. The quick brown fox jumps over the lazy dog. The quick brown fox jumps over the lazy dog. The quick brown fox jumps over the lazy dog. The quick brown fox jumps over the lazy dog. The quick brown fox jumps over the lazy dog. The quick brown fox jumps over the lazy dog. The quick brown fox jumps over the lazy dog. The quick brown fox jumps over the lazy dog. The quick brown fox jumps over the lazy dog. The quick brown fox jumps over the lazy dog. The quick brown fox jumps over the lazy dog. The quick brown fox jumps over the lazy dog. The quick brown fox jumps over the lazy dog. The quick brown fox jumps over the lazy dog. The quick brown fox jumps over the lazy dog. The quick brown fox jumps over the lazy dog. The quick brown fox jumps over the lazy dog. The quick brown fox jumps over the lazy dog. The quick brown fox jumps over the lazy dog. The quick brown fox jumps over the lazy dog. The quick brown fox jumps over the lazy dog. The quick brown fox jumps over the lazy dog. The quick brown fox jumps over the lazy dog. The quick brown fox jumps over the lazy dog. The quick brown fox jumps over the lazy dog. The quick brown fox jumps over the lazy dog. The quick brown fox jumps over the lazy dog. The quick brown fox jumps over the lazy dog. The quick brown fox jumps over the lazy dog. The quick brown fox jumps over the lazy dog. The quick brown fox jumps over the lazy dog. The quick brown fox jumps over the lazy dog. The quick brown fox jumps over the lazy dog. The quick brown fox jumps over the lazy dog. The quick brown fox jumps over the lazy dog. The quick brown fox jumps over the lazy dog. The quick brown fox jumps over the lazy dog. The quick brown fox jumps over the lazy dog. The quick brown fox jumps over the lazy dog. The quick brown fox jumps over the lazy dog. The quick brown fox jumps over the lazy dog. The quick brown fox jumps over the lazy dog. The quick brown fox jumps over the lazy dog. The quick brown fox jumps over the lazy dog. The quick brown fox jumps over the lazy dog. The quick brown fox jumps over the lazy dog. The quick brown fox jumps over the lazy dog. The quick brown fox jumps over the lazy dog. The quick brown fox jumps over the lazy dog. The quick brown fox jumps over the lazy dog. The quick brown fox jumps over the lazy dog. The quick brown fox jumps over the lazy dog. The quick brown fox jumps over the lazy dog. The quick brown fox jumps over the lazy dog. The quick brown fox jumps over the lazy dog. The quick brown fox jumps over the lazy dog. The quick brown fox jumps over the lazy dog. The quick brown fox jumps over the lazy dog. The quick brown fox jumps over the lazy dog. The quick brown fox jumps over the lazy dog. The quick brown fox jumps over the lazy dog. The quick brown fox jumps over the lazy dog. The quick brown fox jumps over the lazy dog. The quick brown fox jumps over the lazy dog. The quick brown fox jumps over the lazy dog. The quick brown fox jumps over the lazy dog. The quick brown fox jumps over the lazy dog. The quick brown fox jumps over the lazy dog. The quick brown fox jumps over the lazy dog. The quick brown fox jumps over the lazy dog. The quick brown fox jumps over the lazy dog. The quick brown fox jumps over the lazy dog. The quick brown fox jumps over the lazy dog. The quick brown fox jumps over the lazy dog. The quick brown fox jumps over the lazy dog. The quick brown fox jumps over the lazy dog. The quick brown fox jumps over the lazy dog. The quick brown fox jumps over the lazy dog. The quick brown fox jumps over the lazy dog. The quick brown fox jumps over the lazy dog. The quick brown fox jumps over the lazy dog. The quick brown fox jumps over the lazy dog. The quick brown fox jumps over the lazy dog. The quick brown fox jumps over the lazy dog. The quick brown fox jumps over the lazy dog. The quick brown fox jumps over the lazy dog. The quick brown fox jumps over the lazy dog. The quick brown fox jumps over the lazy dog. The quick brown fox jumps over the lazy dog. The quick brown fox jumps over the lazy dog. The quick brown fox jumps over the lazy dog. The quick brown fox jumps over the lazy dog. The quick brown fox jumps over the lazy dog. The quick brown fox jumps over the lazy dog. The quick brown fox jumps over the lazy dog. The quick brown fox jumps over the lazy dog. The quick brown fox jumps over the lazy dog. The quick brown fox jumps over the lazy dog. The quick brown fox jumps over the lazy dog. The quick brown fox jumps over the lazy dog. The quick brown fox jumps over the lazy dog. The quick brown fox jumps over the lazy dog. The quick brown fox jumps over the lazy dog. The quick brown fox jumps over the lazy dog. The quick brown fox jumps over the lazy dog. The quick brown fox jumps over the lazy dog. The quick brown fox jumps over the lazy dog. The quick brown fox jumps over the lazy dog. The quick brown fox jumps over the lazy dog. The quick brown fox jumps over the lazy dog. The quick brown fox jumps over the lazy dog. The quick brown fox jumps over the lazy dog. The quick brown fox jumps over the lazy dog. The quick brown fox jumps over the lazy dog. The quick brown fox jumps over the lazy dog. The quick brown fox jumps over the lazy dog. The quick brown fox jumps over the lazy dog. The quick brown fox jumps over the lazy dog. The quick brown fox jumps over the lazy dog. The quick brown fox jumps over the lazy dog. The quick brown fox jumps over the lazy dog. The quick brown fox jumps over the lazy dog. The quick brown fox jumps over the lazy dog. The quick brown fox jumps over the lazy dog. The quick brown fox jumps over the lazy dog. The quick brown fox jumps over the lazy dog. The quick brown fox jumps over the lazy dog. The quick brown fox jumps over the lazy dog. The quick brown fox jumps over the lazy dog. The quick brown fox jumps over the lazy dog. The quick brown fox jumps over the lazy dog. The quick brown fox jumps over the lazy dog. The quick brown fox jumps over the lazy dog. The quick brown fox jumps over the lazy dog. The quick brown fox jumps over the lazy dog. The quick brown fox jumps over the lazy dog. The quick brown fox jumps over the lazy dog. The quick brown fox jumps over the lazy dog. The quick brown fox jumps over the lazy dog. The quick brown fox jumps over the lazy dog. The quick brown fox jumps over the lazy dog. The quick brown fox jumps over the lazy dog. The quick brown fox jumps over the lazy dog. The quick brown fox jumps over the lazy dog. The quick brown fox jumps over the lazy dog. The quick brown fox jumps over the lazy dog. The quick brown fox jumps over the lazy dog. The quick brown fox jumps over the lazy dog. The quick brown fox jumps over the lazy dog. The quick brown fox jumps over the lazy dog. The quick brown fox jumps over the lazy dog. The quick brown fox jumps over the lazy dog. The quick brown fox jumps over the lazy dog. The quick brown fox jumps over the lazy dog. The quick brown fox jumps over the lazy dog. The quick brown fox jumps over the lazy dog. The quick brown fox jumps over the lazy dog. The quick brown fox jumps over the lazy dog. The quick brown fox jumps over the lazy dog. The quick brown fox jumps over the lazy dog. The quick brown fox jumps over the lazy dog. The quick brown fox jumps over the lazy dog. The quick brown fox jumps over the lazy dog. The quick brown fox jumps over the lazy dog. The quick brown fox jumps over the lazy dog. The quick brown fox jumps over the lazy dog. The quick brown fox jumps over the lazy dog. The quick brown fox jumps over the lazy dog. The quick brown fox jumps over the lazy dog. The quick brown fox jumps over the lazy dog. The quick brown fox jumps over the lazy dog. The quick brown fox jumps over the lazy dog. The quick brown fox jumps over the lazy dog. The quick brown fox jumps over the lazy dog. The quick brown fox jumps over the lazy dog. The quick brown fox jumps over the lazy dog. The quick brown fox jumps over the lazy dog. The quick brown fox jumps over the lazy dog. The quick brown fox jumps over the lazy dog. The quick brown fox jumps over the lazy dog. The quick brown fox jumps over the lazy dog. The quick brown fox jumps over the lazy dog. The quick brown fox jumps over the lazy dog. The quick brown fox jumps over the lazy dog. The quick brown fox jumps over the lazy dog. The quick brown fox jumps over the lazy dog. The quick brown fox jumps over the lazy dog. The quick brown fox jumps over the lazy dog. The quick brown fox jumps over the lazy dog. The quick brown fox jumps over the lazy dog. The quick brown fox jumps over the lazy dog. The quick brown fox jumps over the lazy dog. The quick brown fox jumps over the lazy dog. The quick brown fox jumps over the lazy dog. The quick brown fox jumps over the lazy dog. The quick brown fox jumps over the lazy dog. The quick brown fox jumps over the lazy dog. The quick brown fox jumps over the lazy dog. The quick brown fox jumps over the lazy dog. The quick brown fox jumps over the lazy dog. The quick brown fox jumps over the lazy dog. The quick brown fox jumps over the lazy dog. The quick brown fox jumps over the lazy dog. The quick brown fox jumps over the lazy dog. The quick brown fox jumps over the lazy dog. The quick brown fox jumps over the lazy dog. The quick brown fox jumps over the lazy dog. The quick brown fox jumps over the lazy dog. The quick brown fox jumps over the lazy dog. The quick brown fox jumps over the lazy dog. The quick brown fox jumps over the lazy dog. The quick brown fox jumps over the lazy dog. The quick brown fox jumps over the lazy dog. The quick brown fox jumps over the lazy dog. The quick brown fox jumps over the lazy dog. The quick brown fox jumps over the lazy dog. The quick brown fox jumps over the lazy dog. The quick brown fox jumps over the lazy dog. The quick brown fox jumps over the lazy dog. The quick brown fox jumps over the lazy dog. The quick brown fox jumps over the lazy dog. The quick brown fox jumps over the lazy dog. The quick brown fox jumps over the lazy dog. The quick brown fox jumps over the lazy dog. The quick brown fox jumps over the lazy dog. The quick brown fox jumps over the lazy dog. The quick brown fox jumps over the lazy dog. The quick brown fox jumps over the lazy dog. The quick brown fox jumps over the lazy dog. The quick brown fox jumps over the lazy dog. The quick brown fox jumps over the lazy dog. The quick brown fox jumps over the lazy dog. The quick brown fox jumps over the lazy dog. The quick brown fox jumps over the lazy dog. The quick brown fox jumps over the lazy dog. The quick brown fox jumps over the lazy dog. The quick brown fox jumps over the lazy dog. The quick brown fox jumps over the lazy dog. The quick brown fox jumps over the lazy dog. The quick brown fox jumps over the lazy dog. The quick brown fox jumps over the lazy dog. The quick brown fox jumps over the lazy dog. The quick brown fox jumps over the lazy dog. The quick brown fox jumps over the lazy dog. The quick brown fox jumps over the lazy dog. The quick brown fox jumps over the lazy dog. The quick brown fox jumps over the lazy dog. The quick brown fox jumps over the lazy dog. The quick brown fox jumps over the lazy dog. The quick brown fox jumps over the lazy dog. The quick brown fox jumps over the lazy dog. The quick brown fox jumps over the lazy dog. The quick brown fox jumps over the lazy dog. The quick brown fox jumps over the lazy dog. The quick brown fox jumps over the lazy dog. The quick brown fox jumps over the lazy dog. The quick brown fox jumps over the lazy dog. The quick brown fox jumps over the lazy dog. The quick brown fox jumps over the lazy dog. The quick brown fox jumps over the lazy dog. The quick brown fox jumps over the lazy dog. The quick brown fox jumps over the lazy dog. The quick brown fox jumps over the lazy dog. The quick brown fox jumps over the lazy dog. The quick brown fox jumps over the lazy dog. The quick brown fox jumps over the lazy dog. The quick brown fox jumps over the lazy dog. The quick brown fox jumps over the lazy dog. The quick brown fox jumps over the lazy dog. The quick brown fox jumps over the lazy dog. The quick brown fox jumps over the lazy dog. The quick brown fox jumps over the lazy dog. The quick brown fox jumps over the lazy dog. The quick brown fox jumps over the lazy dog. The quick brown fox jumps over the lazy dog. The quick brown fox jumps over the lazy dog. The quick brown fox jumps over the lazy dog. The quick brown fox jumps over the lazy dog. The quick brown fox jumps over the lazy dog. The quick brown fox jumps over the lazy dog. The quick brown fox jumps over the lazy dog. The quick brown fox jumps over the lazy dog. The quick brown fox jumps over the lazy dog. The quick brown fox jumps over the lazy dog. The quick brown fox jumps over the lazy dog. The quick brown fox jumps over the lazy dog. The quick brown fox jumps over the lazy dog. The quick brown fox jumps over the lazy dog. The quick brown fox jumps over the lazy dog. The quick brown fox jumps over the lazy dog. The quick brown fox jumps over the lazy dog. The quick brown fox jumps over the lazy dog. The quick brown fox jumps over the lazy dog. The quick brown fox jumps over the lazy dog. The quick brown fox jumps over the lazy dog. The quick brown fox jumps over the lazy dog. The quick brown fox jumps over the lazy dog. The quick brown fox jumps over the lazy dog. The quick brown fox jumps over the lazy dog. The quick brown fox jumps over the lazy dog. The quick brown fox jumps over the lazy dog. The quick brown fox jumps over the lazy dog. The quick brown fox jumps over the lazy dog. The quick brown fox jumps over the lazy dog. The quick brown fox jumps over the lazy dog. The quick brown fox jumps over the lazy dog. The quick brown fox jumps over the lazy dog. The quick brown fox jumps over the lazy dog. The quick brown fox jumps over the lazy dog. The quick brown fox jumps over the lazy dog. The quick brown fox jumps over the lazy dog. The quick brown fox jumps over the lazy dog. The quick brown fox jumps over the lazy dog. The quick brown fox jumps over the lazy dog. The quick brown fox jumps over the lazy dog. The quick brown fox jumps over the lazy dog. The quick brown fox jumps over the lazy dog. The quick brown fox jumps over the lazy dog. The quick brown fox jumps over the lazy dog. The quick brown fox jumps over the lazy dog. The quick brown fox jumps over the lazy dog. The quick brown fox jumps over the lazy dog. The quick brown fox jumps over the lazy dog. The quick brown fox jumps over the lazy dog. The quick brown fox jumps over the lazy dog. The quick brown fox jumps over the lazy dog. The quick brown fox jumps over the lazy dog. The quick brown fox jumps over the lazy dog. The quick brown fox jumps over the lazy dog. The quick brown fox jumps over the lazy dog. The quick brown fox jumps over the lazy dog. The quick brown fox jumps over the lazy dog. The quick brown fox jumps over the lazy dog. The quick brown fox jumps over the lazy dog. The quick brown fox jumps over the lazy dog. The quick brown fox jumps over the lazy dog. The quick brown fox jumps over the lazy dog. The quick brown fox jumps over the lazy dog. The quick brown fox jumps over the lazy dog. The quick brown fox jumps over the lazy dog. The quick brown fox jumps over the lazy dog. The quick brown fox jumps over the lazy dog. The quick brown fox jumps over the lazy dog. The quick brown fox jumps over the lazy dog. The quick brown fox jumps over the lazy dog. The quick brown fox jumps over the lazy dog. The quick brown fox jumps over the lazy dog. The quick brown fox jumps over the lazy dog. The quick brown fox jumps over the lazy dog. The quick brown fox jumps over the lazy dog. The quick brown fox jumps over the lazy dog. The quick brown fox jumps over the lazy dog. The quick brown fox jumps over the lazy dog. The quick brown fox jumps over the lazy dog. The quick brown fox jumps over the lazy dog. The quick brown fox jumps over the lazy dog. The quick brown fox jumps over the lazy dog. The quick brown fox jumps over the lazy dog. The quick brown fox jumps over the lazy dog. The quick brown fox jumps over the lazy dog. The quick brown fox jumps over the lazy dog. The quick brown fox jumps over the lazy dog. The quick brown fox jumps over the lazy dog. The quick brown fox jumps over the lazy dog. The quick brown fox jumps over the lazy dog. The quick brown fox jumps over the lazy dog. The quick brown fox jumps over the lazy dog. The quick brown fox jumps over the lazy dog. The quick brown fox jumps over the lazy dog. The quick brown fox jumps over the lazy dog. The quick brown fox jumps over the lazy dog. The quick brown fox jumps over the lazy dog. The quick brown fox jumps over the lazy dog. The quick brown fox jumps over the lazy dog. The quick brown fox jumps over the lazy dog. The quick brown fox jumps over the lazy dog. The quick brown fox jumps over the lazy dog. The quick brown fox jumps over the lazy dog. The quick brown fox jumps over the lazy dog. The quick brown fox jumps over the lazy dog. The quick brown fox jumps over the lazy dog. The quick brown fox jumps over the lazy dog. The quick brown fox jumps over the lazy dog. The quick brown fox jumps over the lazy dog. The quick brown fox jumps over the lazy dog. The quick brown fox jumps over the lazy dog. The quick brown fox jumps over the lazy dog. The quick brown fox jumps over the lazy dog. The quick brown fox jumps over the lazy dog. The quick brown fox jumps over the lazy dog. The quick brown fox jumps over the lazy dog. The quick brown fox jumps over the lazy dog. The quick brown fox jumps over the lazy dog. The quick brown fox jumps over the lazy dog. The quick brown fox jumps over the lazy dog. The quick brown fox jumps over the lazy dog. The quick brown fox jumps over the lazy dog. The quick brown fox jumps over the lazy dog. The quick brown fox jumps over the lazy dog. The quick brown fox jumps over the lazy dog. The quick brown fox jumps over the lazy dog. The quick brown fox jumps over the lazy dog. The quick brown fox jumps over the lazy dog. The quick brown fox jumps over the lazy dog. The quick brown fox jumps over the lazy dog. The quick brown fox jumps over the lazy dog. The quick brown fox jumps over the lazy dog. The quick brown fox jumps over the lazy dog. The quick brown fox jumps over the lazy dog. The quick brown fox jumps over the lazy dog. The quick brown fox jumps over the lazy dog. The quick brown fox jumps over the lazy dog. The quick brown fox jumps over the lazy dog. The quick brown fox jumps over the lazy dog. The quick brown fox jumps over the lazy dog. The quick brown fox jumps over the lazy dog. The quick brown fox jumps over the lazy dog. The quick brown fox jumps over the lazy dog. The quick brown fox jumps over the lazy dog. The quick brown fox jumps over the lazy dog. The quick brown fox jumps over the lazy dog. The quick brown fox jumps over the lazy dog. The quick brown fox jumps over the lazy dog. The quick brown fox jumps over the lazy dog. The quick brown fox jumps over the lazy dog. The quick brown fox jumps over the lazy dog. The quick brown fox jumps over the lazy dog. The quick brown fox jumps over the lazy dog. The quick brown fox jumps over the lazy dog. The quick brown fox jumps over the lazy dog. The quick brown fox jumps over the lazy dog. The quick brown fox jumps over the lazy dog. The quick brown fox jumps over the lazy dog. The quick brown fox jumps over the lazy dog. The quick brown fox jumps over the lazy dog. The quick brown fox jumps over the lazy dog. The quick brown fox jumps over the lazy dog. The quick brown fox jumps over the lazy dog. The quick brown fox jumps over the lazy dog. The quick brown fox jumps over the lazy dog. The quick brown fox jumps over the lazy dog. The quick brown fox jumps over the lazy dog. The quick brown fox jumps over the lazy dog. The quick brown fox jumps over the lazy dog. The quick brown fox jumps over the lazy dog. The quick brown fox jumps over the lazy dog. The quick brown fox jumps over the lazy dog. The quick brown fox jumps over the lazy dog. The quick brown fox jumps over the lazy dog. The quick brown fox jumps over the lazy dog. The quick brown fox jumps over the lazy dog. The quick brown fox jumps over the lazy dog. The quick brown fox jumps over the lazy dog. The quick brown fox jumps over the lazy dog. The quick brown fox jumps over the lazy dog. The quick brown fox jumps over the lazy dog. The quick brown fox jumps over the lazy dog. The quick brown fox jumps over the lazy dog. The quick brown fox jumps over the lazy dog. The quick brown fox jumps over the lazy dog. The quick brown fox jumps over the lazy dog. The quick brown fox jumps over the lazy dog. The quick brown fox jumps over the lazy dog. The quick brown fox jumps over the lazy dog. The quick brown fox jumps over the lazy dog. The quick brown fox jumps over the lazy dog. The quick brown fox jumps over the lazy dog. The quick brown fox jumps over the lazy dog. The quick brown fox jumps over the lazy dog. The quick brown fox jumps over the lazy dog. The quick brown fox jumps over the lazy dog. The quick brown fox jumps over the lazy dog. The quick brown fox jumps over the lazy dog. The quick brown fox jumps over the lazy dog. The quick brown fox jumps over the lazy dog. The quick brown fox jumps over the lazy dog. The quick brown fox jumps over the lazy dog. The quick brown fox jumps over the lazy dog. The quick brown fox jumps over the lazy dog. The quick brown fox jumps over the lazy dog. The quick brown fox jumps over the lazy dog. The quick brown fox jumps over the lazy dog. The quick brown fox jumps over the lazy dog. The quick brown fox jumps over the lazy dog. The quick brown fox jumps over the lazy dog. The quick brown fox jumps over the lazy dog. The quick brown fox jumps over the lazy dog. The quick brown fox jumps over the lazy dog. The quick brown fox jumps over the lazy dog. The quick brown fox jumps over the lazy dog. The quick brown fox jumps over the lazy dog. The quick brown fox jumps over the lazy dog. The quick brown fox jumps over the lazy dog. The quick brown fox jumps over the lazy dog. The quick brown fox jumps over the lazy dog. The quick brown fox jumps over the lazy dog. The quick brown fox jumps over the lazy dog. The quick brown fox jumps over the lazy dog. The quick brown fox jumps over the lazy dog. The quick brown fox jumps over the lazy dog. The quick brown fox jumps over the lazy dog. The quick brown fox jumps over the lazy dog. The quick brown fox jumps over the lazy dog. The quick brown fox jumps over the lazy dog. The quick brown fox jumps over the lazy dog. The quick brown fox jumps over the lazy dog. The quick brown fox jumps over the lazy dog. The quick brown fox jumps over the lazy dog. The quick brown fox jumps over the lazy dog. The quick brown fox jumps over the lazy dog. The quick brown fox jumps over the lazy dog. The quick brown fox jumps over the lazy dog. The quick brown fox jumps over the lazy dog. The quick brown fox jumps over the lazy dog. The quick brown fox jumps over the lazy dog. The quick brown fox jumps over the lazy dog. The quick brown fox jumps over the lazy dog. The quick brown fox jumps over the lazy dog. The quick brown fox jumps over the lazy dog. The quick brown fox jumps over the lazy dog. The quick brown fox jumps over the lazy dog. The quick brown fox jumps over the lazy dog. The quick brown fox jumps over the lazy dog. The quick brown fox jumps over the lazy dog. The quick brown fox jumps over the lazy dog. The quick brown fox jumps over the lazy dog. The quick brown fox jumps over the lazy dog. The quick brown fox jumps over the lazy dog. The quick brown fox jumps over the lazy dog. The quick brown fox jumps over the lazy dog. The quick brown fox jumps over the lazy dog. The quick brown fox jumps over the lazy dog. The quick brown fox jumps over the lazy dog. The quick brown fox jumps over the lazy dog. The quick brown fox jumps over the lazy dog. The quick brown fox jumps over the lazy dog. The quick brown fox jumps over the lazy dog. The quick brown fox jumps over the lazy dog. The quick brown fox jumps over the lazy dog. The quick brown fox jumps over the lazy dog. The quick brown fox jumps over the lazy dog. The quick brown fox jumps over the lazy dog. The quick brown fox jumps over the lazy dog. The quick brown fox jumps over the lazy dog. The quick brown fox jumps over the lazy dog. The quick brown fox jumps over the lazy dog. The quick brown fox jumps over the lazy dog. The quick brown fox jumps over the lazy dog. The quick brown fox jumps over the lazy dog. The quick brown fox jumps over the lazy dog. The quick brown fox jumps over the lazy dog. The quick brown fox jumps over the lazy dog. The quick brown fox jumps over the lazy dog. The quick brown fox jumps over the lazy dog. The quick brown fox jumps over the lazy dog. The quick brown fox jumps over the lazy dog. The quick brown fox jumps over the lazy dog. The quick brown fox jumps over the lazy dog. The quick brown fox jumps over the lazy dog. The quick brown fox jumps over the lazy dog. The quick brown fox jumps over the lazy dog. The quick brown fox jumps over the lazy dog. The quick brown fox jumps over the lazy dog. The quick brown fox jumps over the lazy dog. The quick brown fox jumps over the lazy dog. The quick brown fox jumps over the lazy dog. The quick brown fox jumps over the lazy dog. The quick brown fox jumps over the lazy dog. The quick brown fox jumps over the lazy dog. The quick brown fox jumps over the lazy dog. The quick brown fox jumps over the lazy dog. The quick brown fox jumps over the lazy dog. The quick brown fox jumps over the lazy dog. The quick brown fox jumps over the lazy dog. The quick brown fox jumps over the lazy dog. The quick brown fox jumps over the lazy dog. The quick brown fox jumps over the lazy dog. The quick brown fox jumps over the lazy dog. The quick brown fox jumps over the lazy dog. The quick brown fox jumps over the lazy dog. The quick brown fox jumps over the lazy dog. The quick brown fox jumps over the lazy dog. The quick brown fox jumps over the lazy dog. The quick brown fox jumps over the lazy dog. The quick brown fox jumps over the lazy dog. The quick brown fox jumps over the lazy dog. The quick brown fox jumps over the lazy dog. The quick brown fox jumps over the lazy dog. The quick brown fox jumps over the lazy dog. The quick brown fox jumps over the lazy dog. The quick brown fox jumps over the lazy dog. The quick brown fox jumps over the lazy dog. The quick brown fox jumps over the lazy dog. The quick brown fox jumps over the lazy dog. The quick brown fox jumps over the lazy dog. The quick brown fox jumps over the lazy dog. The quick brown fox jumps over the lazy dog. The quick brown fox jumps over the lazy dog. The quick brown fox jumps over the lazy dog. The quick brown fox jumps over the lazy dog. The quick brown fox jumps over the lazy dog. The quick brown fox jumps over the lazy dog. The quick brown fox jumps over the lazy dog. The quick brown fox jumps over the lazy dog. The quick brown fox jumps over the lazy dog. The quick brown fox jumps over the lazy dog. The quick brown fox jumps over the lazy dog. The quick brown fox jumps over the lazy dog. The quick brown fox jumps over the lazy dog. The quick brown fox jumps over the lazy dog. The quick brown fox jumps over the lazy dog. The quick brown fox jumps over the lazy dog. The quick brown fox jumps over the lazy dog. The quick brown fox jumps over the lazy dog. The quick brown fox jumps over the lazy dog. The quick brown fox jumps over the lazy dog. The quick brown fox jumps over the lazy dog. The quick brown fox jumps over the lazy dog. The quick brown fox jumps over the lazy dog. The quick brown fox jumps over the lazy dog. The quick brown fox jumps over the lazy dog. The quick brown fox jumps over the lazy dog. The quick brown fox jumps over the lazy dog. The quick brown fox jumps over the lazy dog. The quick brown fox jumps over the lazy dog. The quick brown fox jumps over the lazy dog. The quick brown fox jumps over the lazy dog. The quick brown fox jumps over the lazy dog. The quick brown fox jumps over the lazy dog. The quick brown fox jumps over the lazy dog. The quick brown fox jumps over the lazy dog. The quick brown fox jumps over the lazy dog. The quick brown fox jumps over the lazy dog. The quick brown fox jumps over the lazy dog. The quick brown fox jumps over the lazy dog. The quick brown fox jumps over the lazy dog. The quick brown fox jumps over the lazy dog. The quick brown fox jumps over the lazy dog. The quick brown fox jumps over the lazy dog. The quick brown fox jumps over the lazy dog. The quick brown fox jumps over the lazy dog. The quick brown fox jumps over the lazy dog. The quick brown fox jumps over the lazy dog. The quick brown fox jumps over the lazy dog. The quick brown fox jumps over the lazy dog. The quick brown fox jumps over the lazy dog. The quick brown fox jumps over the lazy dog. The quick brown fox jumps over the lazy dog. The quick brown fox jumps over the lazy dog. The quick brown fox jumps over the lazy dog. The quick brown fox jumps over the lazy dog. The quick brown fox jumps over the lazy dog. The quick brown fox jumps over the lazy dog. The quick brown fox jumps over the lazy dog. The quick brown fox jumps over the lazy dog. The quick brown fox jumps over the lazy dog. The quick brown fox jumps over the lazy dog. The quick brown fox jumps over the lazy dog. The quick brown fox jumps over the lazy dog. The quick brown fox jumps over the lazy dog. The quick brown fox jumps over the lazy dog. The quick brown fox jumps over the lazy dog. The quick brown fox jumps over the lazy dog. The quick brown fox jumps over the lazy dog. The quick brown fox jumps over the lazy dog. The quick brown fox jumps over the lazy dog. The quick brown fox jumps over the lazy dog. The quick brown fox jumps over the lazy dog. The quick brown fox jumps over the lazy dog. The quick brown fox jumps over the lazy dog. The quick brown fox jumps over the lazy dog. The quick brown fox jumps over the lazy dog. The quick brown fox jumps over the lazy dog. The quick brown fox jumps over the lazy dog. The quick brown fox jumps over the lazy dog. The quick brown fox jumps over the lazy dog. The quick brown fox jumps over the lazy dog. The quick brown fox jumps over the lazy dog. The quick brown fox jumps over the lazy dog. The quick brown fox jumps over the lazy dog. The quick brown fox jumps over the lazy dog. The quick brown fox jumps over the lazy dog. The quick brown fox jumps over the lazy dog. The quick brown fox jumps over the lazy dog. The quick brown fox jumps over the lazy dog. The quick brown fox jumps over the lazy dog. The quick brown fox jumps over the lazy dog. The quick brown fox jumps over the lazy dog. The quick brown fox jumps over the lazy dog. The quick brown fox jumps over the lazy dog. The quick brown fox jumps over the lazy dog. The quick brown fox jumps over the lazy dog. The quick brown fox jumps over the lazy dog. The quick brown fox jumps over the lazy dog. The quick brown fox jumps over the lazy dog. The quick brown fox jumps over the lazy dog. The quick brown fox jumps over the lazy dog. The quick brown fox jumps over the lazy dog. The quick brown fox jumps over the lazy dog. The quick brown fox jumps over the lazy dog. The quick brown fox jumps over the lazy dog. The quick brown fox jumps over the lazy dog. The quick brown fox jumps over the lazy dog. The quick brown fox jumps over the lazy dog. The quick brown fox jumps over the lazy dog. The quick brown fox jumps over the lazy dog. The quick brown fox jumps over the lazy dog. The quick brown fox jumps over the lazy dog. The quick brown fox jumps over the lazy dog. The quick brown fox jumps over the lazy dog. The quick brown fox jumps over the lazy dog. The quick brown fox jumps over the lazy dog. The quick brown fox jumps over the lazy dog. The quick brown fox jumps over the lazy dog. The quick brown fox jumps over the lazy dog. The quick brown fox jumps over the lazy dog. The quick brown fox jumps over the lazy dog. The quick brown fox jumps over the lazy dog. The quick brown fox jumps over the lazy dog. The quick brown fox jumps over the lazy dog. The quick brown fox jumps over the lazy dog. The quick brown fox jumps over the lazy dog. The quick brown fox jumps over the lazy dog. The quick brown fox jumps over the lazy dog. The quick brown fox jumps over the lazy dog. The quick brown fox jumps over the lazy dog. The quick brown fox jumps over the lazy dog. The quick brown fox jumps over the lazy dog. The quick brown fox jumps over the lazy dog. The quick brown fox jumps over the lazy dog. The quick brown fox jumps over the lazy dog. The quick brown fox jumps over the lazy dog. The quick brown fox jumps over the lazy dog. The quick brown fox jumps over the lazy dog. The quick brown fox jumps over the lazy dog. The quick brown fox jumps over the lazy dog. The quick brown fox jumps over the lazy dog. The quick brown fox jumps over the lazy dog. The quick brown fox jumps over the lazy dog. The quick brown fox jumps over the lazy dog. The quick brown fox jumps over the lazy dog. The quick brown fox jumps over the lazy dog. The quick brown fox jumps over the lazy dog. The quick brown fox jumps over the lazy dog. The quick brown fox jumps over the lazy dog. The quick brown fox jumps over the lazy dog. The quick brown fox jumps over the lazy dog. The quick brown fox jumps over the lazy dog. The quick brown fox jumps over the lazy dog. The quick brown fox jumps over the lazy dog. The quick brown fox jumps over the lazy dog. The quick brown fox jumps over the lazy dog. The quick brown fox jumps over the lazy dog. The quick brown fox jumps over the lazy dog. The quick brown fox jumps over the lazy dog. The quick brown fox jumps over the lazy dog. The quick brown fox jumps over the lazy dog. The quick brown fox jumps over the lazy dog. The quick brown fox jumps over the lazy dog. The quick brown fox jumps over the lazy dog. The quick brown fox jumps over the lazy dog. The quick brown fox jumps over the lazy dog. The quick brown fox jumps over the lazy dog. The quick brown fox jumps over the lazy dog. The quick brown fox jumps over the lazy dog. The quick brown fox jumps over the lazy dog. The quick brown fox jumps over the lazy dog. The quick brown fox jumps over the lazy dog. The quick brown fox jumps over the lazy dog. The quick brown fox jumps over the lazy dog. The quick brown fox jumps over the lazy dog. The quick brown fox jumps over the lazy dog. The quick brown fox jumps over the lazy dog. The quick brown fox jumps over the lazy dog. The quick brown fox jumps over the lazy dog. The quick brown fox jumps over the lazy dog. The quick brown fox jumps over the lazy dog. The quick brown fox jumps over the lazy dog. The quick brown fox jumps over the lazy dog. The quick brown fox jumps over the lazy dog. The quick brown fox jumps over the lazy dog. The quick brown fox jumps over the lazy dog. The quick brown fox jumps over the lazy dog. The quick brown fox jumps over the lazy dog. The quick brown fox jumps over the lazy dog. The quick brown fox jumps over the lazy dog. The quick brown fox jumps over the lazy dog. The quick brown fox jumps over the lazy dog. The quick brown fox jumps over the lazy dog. The quick brown fox jumps over the lazy dog. The quick brown fox jumps over the lazy dog. The quick brown fox jumps over the lazy dog. The quick brown fox jumps over the lazy dog. The quick brown fox jumps over the lazy dog. The quick brown fox jumps over the lazy dog. The quick brown fox jumps over the lazy dog. The quick brown fox jumps over the lazy dog. The quick brown fox jumps over the lazy dog. The quick brown fox jumps over the lazy dog. The quick brown fox jumps over the lazy dog. The quick brown fox jumps over the lazy dog. The quick brown fox jumps over the lazy dog. The quick brown fox jumps over the lazy dog. The quick brown fox jumps over the lazy dog. The quick brown fox jumps over the lazy dog. The quick brown fox jumps over the lazy dog. The quick brown fox jumps over the lazy dog. The quick brown fox jumps over the lazy dog. The quick brown fox jumps over the lazy dog. The quick brown fox jumps over the lazy dog. The quick brown fox jumps over the lazy dog. The quick brown fox jumps over the lazy dog. The quick brown fox jumps over the lazy dog. The quick brown fox jumps over the lazy dog. The quick brown fox jumps over the lazy dog. The quick brown fox jumps over the lazy dog. The quick brown fox jumps over the lazy dog. The quick brown fox jumps over the lazy dog. The quick brown fox jumps over the lazy dog. The quick brown fox jumps over the lazy dog. The quick brown fox jumps over the lazy dog. The quick brown fox jumps over the lazy dog. The quick brown fox jumps over the lazy dog. The quick brown fox jumps over the lazy dog. The quick brown fox jumps over the lazy dog. The quick brown fox jumps over the lazy dog. The quick brown fox jumps over the lazy dog. The quick brown fox jumps over the lazy dog. The quick brown fox jumps over the lazy dog. The quick brown fox jumps over the lazy dog. The quick brown fox jumps over the lazy dog. The quick brown fox jumps over the lazy dog. The quick brown fox jumps over the lazy dog. The quick brown fox jumps over the lazy dog. The quick brown fox jumps over the lazy dog. The quick brown fox jumps over the lazy dog. The quick brown fox jumps over the lazy dog. The quick brown fox jumps over the lazy dog. The quick brown fox jumps over the lazy dog. The quick brown fox jumps over the lazy dog. The quick brown fox jumps over the lazy dog. The quick brown fox jumps over the lazy dog. The quick brown fox jumps over the lazy dog. The quick brown fox jumps over the lazy dog. The quick brown fox jumps over the lazy dog. The quick brown fox jumps over the lazy dog. The quick brown fox jumps over the lazy dog. The quick brown fox jumps over the lazy dog. The quick brown fox jumps over the lazy dog. The quick brown fox jumps over the lazy dog. The quick brown fox jumps over the lazy dog. The quick brown fox jumps over the lazy dog. The quick brown fox jumps over the lazy dog. The quick brown fox jumps over the lazy dog. The quick brown fox jumps over the lazy dog. The quick brown fox jumps over the lazy dog. The quick brown fox jumps over the lazy dog. The quick brown fox jumps over the lazy dog. The quick brown fox jumps over the lazy dog. The quick brown fox jumps over the lazy dog. The quick brown fox jumps over the lazy dog. The quick brown fox jumps over the lazy dog. The quick brown fox jumps over the lazy dog. The quick brown fox jumps over the lazy dog. The quick brown fox jumps over the lazy dog. The quick brown fox jumps over the lazy dog. The quick brown fox jumps over the lazy dog. The quick brown fox jumps over the lazy dog. The quick brown fox jumps over the lazy dog. The quick brown fox jumps over the lazy dog. The quick brown fox jumps over the lazy dog. The quick brown fox jumps over the lazy dog. The quick brown fox jumps over the lazy dog. The quick brown fox jumps over the lazy dog. The quick brown fox jumps over the lazy dog. The quick brown fox jumps over the lazy dog. The quick brown fox jumps over the lazy dog. The quick brown fox jumps over the lazy dog. The quick brown fox jumps over the lazy dog. The quick brown fox jumps over the lazy dog. The quick brown fox jumps over the lazy dog. The quick brown fox jumps over the lazy dog. The quick brown fox jumps over the lazy dog. The quick brown fox jumps over the lazy dog. The quick brown fox jumps over the lazy dog. The quick brown fox jumps over the lazy dog. The quick brown fox jumps over the lazy dog. The quick brown fox jumps over the lazy dog. The quick brown fox jumps over the lazy dog. The quick brown fox jumps over the lazy dog. The quick brown fox jumps over the lazy dog. The quick brown fox jumps over the lazy dog. The quick brown fox jumps over the lazy dog. The quick brown fox jumps over the lazy dog. The quick brown fox jumps over the lazy dog. The quick brown fox jumps over the lazy dog. The quick brown fox jumps over the lazy dog. The quick brown fox jumps over the lazy dog. The quick brown fox jumps over the lazy dog. The quick brown fox jumps over the lazy dog. The quick brown fox jumps over the lazy dog. The quick brown fox jumps over the lazy dog. The quick brown fox jumps over the lazy dog. The quick brown fox jumps over the lazy dog. The quick brown fox jumps over the lazy dog. The quick brown fox jumps over the lazy dog. The quick brown fox jumps over the lazy dog. The quick brown fox jumps over the lazy dog. The quick brown fox jumps over the lazy dog. The quick brown fox jumps over the lazy dog. The quick brown fox jumps over the lazy dog. The quick brown fox jumps over the lazy dog. The quick brown fox jumps over the lazy dog. The quick brown fox jumps over the lazy dog. The quick brown fox jumps over the lazy dog. The quick brown fox jumps over the lazy dog. The quick brown fox jumps over the lazy dog. The quick brown fox jumps over the lazy dog. The quick brown fox jumps over the lazy dog. The quick brown fox jumps over the lazy dog. The quick brown fox jumps over the lazy dog. The quick brown fox jumps over the lazy dog. The quick brown fox jumps over the lazy dog. The quick brown fox jumps over the lazy dog. The quick brown fox jumps over the lazy dog. The quick brown fox jumps over the lazy dog. The quick brown fox jumps over the lazy dog. The quick brown fox jumps over the lazy dog. The quick brown fox jumps over the lazy dog. The quick brown fox jumps over the lazy dog. The quick brown fox jumps over the lazy dog. The quick brown fox jumps over the lazy dog. The quick brown fox jumps over the lazy dog. The quick brown fox jumps over the lazy dog. The quick brown fox jumps over the lazy dog. The quick brown fox jumps over the lazy dog. The quick brown fox jumps over the lazy dog. The quick brown fox jumps over the lazy dog. The quick brown fox jumps over the lazy dog. The quick brown fox jumps over the lazy dog. The quick brown fox jumps over the lazy dog. The quick brown fox jumps over the lazy dog. The quick brown fox jumps over the lazy dog. The quick brown fox jumps over the lazy dog. The quick brown fox jumps over the lazy dog. The quick brown fox jumps over the lazy dog. The quick brown fox jumps over the lazy dog. The quick brown fox jumps over the lazy dog. The quick brown fox jumps over the lazy dog. The quick brown fox jumps over the lazy dog. The quick brown fox jumps over the lazy dog. The quick brown fox jumps over the lazy dog. The quick brown fox jumps over the lazy dog. The quick brown fox jumps over the lazy dog. The quick brown fox jumps over the lazy dog. The quick brown fox jumps over the lazy dog. The quick brown fox jumps over the lazy dog. The quick brown fox jumps over the lazy dog. The quick brown fox jumps over the lazy dog. The quick brown fox jumps over the lazy dog. The quick brown fox jumps over the lazy dog. The quick brown fox jumps over the lazy dog. The quick brown fox jumps over the lazy dog. The quick brown fox jumps over the lazy dog. The quick brown fox jumps over the lazy dog. The quick brown fox jumps over the lazy dog. The quick brown fox jumps over the lazy dog. The quick brown fox jumps over the lazy dog. The quick brown fox jumps over the lazy dog. The quick brown fox jumps over the lazy dog. The quick brown fox jumps over the lazy dog. The quick brown fox jumps over the lazy dog. The quick brown fox jumps over the lazy dog. The quick brown fox jumps over the lazy dog. The quick brown fox jumps over the lazy dog. The quick brown fox jumps over the lazy dog. The quick brown fox jumps over the lazy dog. The quick brown fox jumps over the lazy dog. The quick brown fox jumps over the lazy dog. The quick brown fox jumps over the lazy dog. The quick brown fox jumps over the lazy dog. The quick brown fox jumps over the lazy dog. The quick brown fox jumps over the lazy dog. The quick brown fox jumps over the lazy dog. The quick brown fox jumps over the lazy dog. The quick brown fox jumps over the lazy dog. The quick brown fox jumps over the lazy dog. The quick brown fox jumps over the lazy dog. The quick brown fox jumps over the lazy dog. The quick brown fox jumps over the lazy dog. The quick brown fox jumps over the lazy dog. The quick brown fox jumps over the lazy dog. The quick brown fox jumps over the lazy dog. The quick brown fox jumps over the lazy dog. The quick brown fox jumps over the lazy dog. The quick brown fox jumps over the lazy dog. The quick brown fox jumps over the lazy dog. The quick brown fox jumps over the lazy dog. The quick brown fox jumps over the lazy dog. The quick brown fox jumps over the lazy dog. The quick brown fox jumps over the lazy dog. The quick brown fox jumps over the lazy dog. The quick brown fox jumps over the lazy dog. The quick brown fox jumps over the lazy dog. The quick brown fox jumps over the lazy dog. The quick brown fox jumps over the lazy dog. The quick brown fox jumps over the lazy dog. The quick brown fox jumps over the lazy dog. The quick brown fox jumps over the lazy dog. The quick brown fox jumps over the lazy dog. The quick brown fox jumps over the lazy dog. The quick brown fox jumps over the lazy dog. The quick brown fox jumps over the lazy dog. The quick brown fox jumps over the lazy dog. The quick brown fox jumps over the lazy dog. The quick brown fox jumps over the lazy dog. The quick brown fox jumps over the lazy dog. The quick brown fox jumps over the lazy dog. The quick brown fox jumps over the lazy dog. The quick brown fox jumps over the lazy dog. The quick brown fox jumps over the lazy dog. The quick brown fox jumps over the lazy dog. The quick brown fox jumps over the lazy dog. The quick brown fox jumps over the lazy dog. The quick brown fox jumps over the lazy dog. The quick brown fox jumps over the lazy dog. The quick brown fox jumps over the lazy dog. The quick brown fox jumps over the lazy dog. The quick brown fox jumps over the lazy dog. The quick brown fox jumps over the lazy dog. The quick brown fox jumps over the lazy dog. The quick brown fox jumps over the lazy dog. The quick brown fox jumps over the lazy dog. The quick brown fox jumps over the lazy dog. The quick brown fox jumps over the lazy dog. The quick brown fox jumps over the lazy dog. The quick brown fox jumps over the lazy dog. The quick brown fox jumps over the lazy dog. The quick brown fox jumps over the lazy dog. The quick brown fox jumps over the lazy dog. The quick brown fox jumps over the lazy dog. The quick brown fox jumps over the lazy dog. The quick brown fox jumps over the lazy dog. The quick brown fox jumps over the lazy dog. The quick brown fox jumps over the lazy dog. The quick brown fox jumps over the lazy dog. The quick brown fox jumps over the lazy dog. The quick brown fox jumps over the lazy dog. The quick brown fox jumps over the lazy dog. The quick brown fox jumps over the lazy dog. The quick brown fox jumps over the lazy dog. The quick brown fox jumps over the lazy dog. The quick brown fox jumps over the lazy dog. The quick brown fox jumps over the lazy dog. The quick brown fox jumps over the lazy dog. The quick brown fox jumps over the lazy dog. Summarise the text above.",
1790604030.382	    "stream": true,
1790604030.382	    "top_k": 1
1790604030.382	}
1790604030.382	[FLM]  Start generating...
1790604030.390	[FLM]  Prefill chunk 1/3 with 4096 tokens
1790604030.682	[🔴 ]  Client disconnected; cancelling active request
1790604032.255	[❌ ]  Prefill Cancelled!
1790604032.743	[🔗 ]  TCP connection established - Remote: 127.0.0.1:50300
1790604032.743	[TCP]  Read 324 bytes from socket
1790604032.743	================================================
1790604032.743	[⬇️ ]  Incoming Request: POST
1790604032.743	[LOG]  Time stamp: 17:00:32 09:28:2026
1790604032.743	[LOG]  Target: /api/generate
1790604032.743	[LOG]  Version: 11
1790604032.743	[LOG]  Keep-Alive: 1
1790604032.743	[LOG]  Body: 
1790604032.743	{
1790604032.743	    "max_tokens": 512,
1790604032.743	    "model": "llama3.2:1b",
1790604032.743	    "options": {
1790604032.743	        "num_predict": 512
1790604032.743	    },
1790604032.743	    "prompt": "Write a detailed essay of at least 2000 words on the history of the printing press.",
1790604032.743	    "stream": false
1790604032.743	}
1790604032.743	[🟢 ]  NPU Locked!
1790604032.743	[FLM]  Start generating...
1790604032.744	[FLM]  Prefill chunk 1/1 with 54 tokens
1790604041.056	
1790604041.056	[FLM]  Model RAW Output: 
1790604041.056	The History of the Printing Press: A Revolutionary Innovation
1790604041.056	
1790604041.056	The printing press, invented by Johannes Gutenberg in the 15th century, was a game-changing innovation that revolutionized the way people communicated, learned, and created. This remarkable device, which combined the principles of movable type and mechanical pressure, enabled mass production of books, pamphlets, and other written materials, transforming the world of knowledge and culture. In this essay, we will delve into the fascinating history of the printing press, exploring its development, evolution, and impact on society.
1790604041.056	
1790604041.056	The Early Days of Printing
1790604041.056	
1790604041.056	The concept of printing dates back to ancient China, where paper was first invented in the 2nd century AD. The first known printed book was the "Bamboo Book," a collection of Buddhist scriptures that was printed on paper in the 8th century. However, it was not until the 15th century that the printing press began to take shape. In 1450, Johannes Gutenberg, a German goldsmith and printer, invented the first movable-type printing press. This innovative device allowed individual characters to be rearranged to form different words and phrases, making it possible to print large quantities of text.
1790604041.056	
1790604041.056	Gutenberg's Printing Press
1790604041.056	
1790604041.056	Gutenberg's printing press was a significant improvement over earlier forms of printing, such as the hand-carved wooden blocks used by monks in the 10th century. The movable-type press allowed for greater flexibility and efficiency, enabling printers to produce high-quality copies quickly and at a lower cost. The press consisted of a wooden frame, a metal plate, and a type of metal alloy that was used to create the individual characters. The characters were arranged in a specific order, with each character having a unique shape and size.
1790604041.056	
1790604041.056	The first printed book, the Gutenberg Bible, was published in 1455. It was a large, 1,286-page volume that contained the Latin Vulgate, the standard text of the Bible at the time. The book was printed in gold and silver ink on high-quality paper, and it quickly became a bestseller. The Gutenberg Bible was a groundbreaking work that marked the beginning of the printing press era. It was the first book to use the movable-type press, and it paved the way for the mass production of books.
1790604041.056	
1790604041.056	The Spread of the Printing Press
1790604041.056	
1790604041.056	The printing press was not limited to Europe. It was also used in other parts of the world, such as China, where it was adopted by Buddhist monks and scholars. The printing press was a powerful tool for spreading knowledge and ideas, and it played a significant
1790604041.056	[🔵 ]  NPU Lock Released!
1790604041.056	================================================
1790604041.056	[🔒 ]  TCP connection closed - Remote: 127.0.0.1:50300
1790604041.091	[🔗 ]  TCP connection established - Remote: 127.0.0.1:50316
1790604041.091	[TCP]  Read 324 bytes from socket
1790604041.091	================================================
1790604041.091	[⬇️ ]  Incoming Request: POST
1790604041.091	[LOG]  Time stamp: 17:00:41 09:28:2026
1790604041.091	[LOG]  Target: /api/generate
1790604041.091	[LOG]  Version: 11
1790604041.091	[LOG]  Keep-Alive: 1
1790604041.091	[LOG]  Body: 
1790604041.091	{
1790604041.091	    "max_tokens": 512,
1790604041.091	    "model": "llama3.2:1b",
1790604041.091	    "options": {
1790604041.091	        "num_predict": 512
1790604041.091	    },
1790604041.091	    "prompt": "Write a detailed essay of at least 2000 words on the history of the printing press.",
1790604041.091	    "stream": false
1790604041.091	}
1790604041.091	[🟢 ]  NPU Locked!
1790604041.091	[FLM]  Start generating...
1790604041.091	[FLM]  Conversation context diverged from cache, clearing context...
1790604041.093	[FLM]  Prefill chunk 1/1 with 54 tokens
1790604043.091	[🔴 ]  Client disconnected; cancelling active request
1790604043.092	[🔗 ]  TCP connection established - Remote: 127.0.0.1:54058
1790604043.092	[TCP]  Read 268 bytes from socket
1790604043.092	================================================
1790604043.092	[⬇️ ]  Incoming Request: POST
1790604043.092	[LOG]  Time stamp: 17:00:43 09:28:2026
1790604043.092	[LOG]  Target: /api/chat
1790604043.092	[LOG]  Version: 11
1790604043.092	[LOG]  Keep-Alive: 1
1790604043.092	[LOG]  Body: 
1790604043.092	{
1790604043.092	    "messages": [
1790604043.092	        {
1790604043.092	            "content": "Say hi.",
1790604043.092	            "role": "user"
1790604043.092	        }
1790604043.092	    ],
1790604043.092	    "model": "llama3.2:1b",
1790604043.092	    "options": {
1790604043.092	        "num_predict": 4
1790604043.092	    },
1790604043.092	    "stream": false,
1790604043.092	    "top_k": 1
1790604043.092	}
1790604043.092	[🕒 ]  NPU busy, request queued (1/10): POST /api/chat
1790604043.106	
1790604043.106	[FLM]  Model RAW Output: 
1790604043.106	The History of the Printing Press: A Revolutionary Innovation
1790604043.106	
1790604043.106	The printing press, invented by Johannes Gutenberg in the 15th century, was a game-changing innovation that revolutionized the way people communicated, learned, and created. This remarkable device, which combined the principles of movable type and mechanical pressure, enabled mass production of printed materials, transforming the world in ways that were both profound and far-reaching. In this essay, we will delve into the fascinating history of the printing press, exploring its development, evolution, and impact on society.
1790604043.106	
1790604043.106	The
1790604043.106	[❌ ]  Generation Cancelled!
1790604043.439	[🟡 ]  Dequeuing NPU request (0 remaining)...
1790604043.439	================================================
1790604043.439	[FLM]  Start generating...
1790604043.440	[🔒 ]  TCP connection closed - Remote endpoint unavailable
1790604043.440	[FLM]  Conversation context diverged from cache, clearing context...
1790604043.442	[FLM]  Prefill chunk 1/1 with 38 tokens
1790604043.880	
1790604043.880	[FLM]  Model RAW Output: 
1790604043.880	Hi.
1790604043.880	[🔵 ]  NPU Lock Released!
1790604043.880	================================================
1790604043.880	[🔒 ]  TCP connection closed - Remote: 127.0.0.1:54058
1790604044.931	[🔗 ]  TCP connection established - Remote: 127.0.0.1:54070
1790604044.931	[TCP]  Read 305 bytes from socket
1790604044.931	================================================
1790604044.931	[⬇️ ]  Incoming Request: POST
1790604044.931	[LOG]  Time stamp: 17:00:44 09:28:2026
1790604044.931	[LOG]  Target: /v1/completions
1790604044.931	[LOG]  Version: 11
1790604044.931	[LOG]  Keep-Alive: 1
1790604044.931	[LOG]  Body: 
1790604044.931	{
1790604044.931	    "max_tokens": 512,
1790604044.931	    "model": "llama3.2:1b",
1790604044.931	    "prompt": "Write a detailed essay of at least 2000 words on the history of the printing press.",
1790604044.931	    "stream": false,
1790604044.931	    "top_k": 1
1790604044.931	}
1790604044.931	[FLM]  Start generating...
1790604044.931	[FLM]  Prefill chunk 1/1 with 54 tokens
1790604053.140	
1790604053.140	[FLM]  Model RAW Output: 
1790604053.140	The History of the Printing Press: A Revolutionary Innovation
1790604053.140	
1790604053.140	The printing press, invented by Johannes Gutenberg in the 15th century, was a game-changing innovation that revolutionized the way people communicated, learned, and created. This remarkable device, which combined the principles of movable type and mechanical pressure, enabled mass production of printed materials, transforming the world in ways that were both profound and far-reaching. In this essay, we will delve into the fascinating history of the printing press, exploring its development, evolution, and impact on society.
1790604053.140	
1790604053.140	The Early Days of Printing
1790604053.140	
1790604053.140	The concept of printing dates back to ancient China, where paper was first invented in the 2nd century AD. The first known printed book was the "Bamboo Book," a collection of Buddhist scriptures that was printed on paper in the 8th century. However, it was not until the 10th century that the first movable-type printing press was invented in China. The press, known as the " movable-type printing press," was a wooden or bamboo frame that held a set of metal characters, which could be rearranged to form different words and phrases.
1790604053.140	
1790604053.140	The movable-type printing press was a significant innovation, as it allowed for the mass production of printed materials. The first movable-type printing press was invented by the Chinese monk, Wuzheng, in the 10th century. Wuzheng's press was a wooden frame that held a set of metal characters, which could be rearranged to form different words and phrases. The characters were made of wood, metal, and paper, and were designed to be easily removable.
1790604053.140	
1790604053.140	The movable-type printing press was a major breakthrough in the history of printing. It allowed for the mass production of printed materials, making books and other written works more widely available. The press was also used to print other materials, such as calendars, maps, and charts.
1790604053.140	
1790604053.140	The Spread of Printing
1790604053.140	
1790604053.140	The movable-type printing press was first introduced to Europe in the 15th century. The first printing press in Europe was established in 1450 in Basel, Switzerland, by Johannes Gutenberg. Gutenberg's press was a wooden frame that held a set of metal characters, which could be rearranged to form different words and phrases. The press was a major innovation, as it allowed for the mass production of printed materials.
1790604053.140	
1790604053.140	The spread of printing in Europe was rapid. The first printing press in England was established in 1476 by William Caxton, who was a British merchant and printer. Caxton's press was a wooden frame that held a set of
1790604053.140	================================================
1790604053.140	[🔒 ]  TCP connection closed - Remote: 127.0.0.1:54070
1790604053.171	[🔗 ]  TCP connection established - Remote: 127.0.0.1:59746
1790604053.171	[TCP]  Read 305 bytes from socket
1790604053.171	================================================
1790604053.171	[⬇️ ]  Incoming Request: POST
1790604053.171	[LOG]  Time stamp: 17:00:53 09:28:2026
1790604053.171	[LOG]  Target: /v1/completions
1790604053.171	[LOG]  Version: 11
1790604053.171	[LOG]  Keep-Alive: 1
1790604053.171	[LOG]  Body: 
1790604053.171	{
1790604053.171	    "max_tokens": 512,
1790604053.171	    "model": "llama3.2:1b",
1790604053.171	    "prompt": "Write a detailed essay of at least 2000 words on the history of the printing press.",
1790604053.171	    "stream": false,
1790604053.171	    "top_k": 1
1790604053.171	}
1790604053.171	[FLM]  Start generating...
1790604053.171	[FLM]  Conversation context diverged from cache, clearing context...
1790604053.173	[FLM]  Prefill chunk 1/1 with 54 tokens
1790604055.171	[🔴 ]  Client disconnected; cancelling active request
1790604055.175	
1790604055.175	[FLM]  Model RAW Output: 
1790604055.175	The History of the Printing Press: A Revolutionary Innovation
1790604055.175	
1790604055.175	The printing press, invented by Johannes Gutenberg in the 15th century, was a game-changing innovation that revolutionized the way people communicated, learned, and created. This remarkable device, which combined the principles of movable type and mechanical pressure, enabled mass production of printed materials, transforming the world in ways that were both profound and far-reaching. In this essay, we will delve into the fascinating history of the printing press, exploring its development, evolution, and impact on society.
1790604055.175	
1790604055.175	The
1790604055.175	[❌ ]  Generation Cancelled!
1790604055.175	================================================
1790604055.175	[🔒 ]  TCP connection closed - Remote endpoint unavailable
